title,loc_url,iiif_sample
"The bee (Earlington, Ky.), December 8, 1898",http://www.loc.gov/item/sn87060004/1898-12-08/ed-1/,https://tile.loc.gov/image-services/iiif/service:ndnp:kyu:batch_kyu_aluminum_ver01:data:sn87060004:0017504615A:1898120801:0449/full/pct:6.25/0/default.jpg#h=492&w=377
"The Key West citizen (Key West, Fla.), November 16, 1946",http://www.loc.gov/item/sn83016244/1946-11-16/ed-1/,https://tile.loc.gov/image-services/iiif/service:ndnp:fu:batch_fu_downtown_ver02:data:sn83016244:00414180784:1946111601:0301/full/pct:3.125/0/default.jpg#h=275&w=205
"Arkansas state gazette (Little Rock, Ark.), March 30, 1848",http://www.loc.gov/item/sn82016481/1848-03-30/ed-1/,https://tile.loc.gov/image-services/iiif/service:ndnp:arhi:batch_arhi_fluorite_ver01:data:sn82016481:00516990715:1848033001:0369/full/pct:6.25/0/default.jpg#h=416&w=292
"Frostburg mining journal (Frostburg, Md.), November 10, 1900",http://www.loc.gov/item/sn85025350/1900-11-10/ed-1/,https://tile.loc.gov/image-services/iiif/service:ndnp:mdu:batch_mdu_annapolis_ver02:data:sn85025350:00415627658:1900111001:0429/full/pct:3.125/0/default.jpg#h=279&w=210
"The Monett times (Monett, Mo.), April 5, 1918, (WEEKLY EDITION)",http://www.loc.gov/item/sn90061308/1918-04-05/ed-1/,https://tile.loc.gov/image-services/iiif/service:ndnp:mohi:batch_mohi_dagwood_ver01:data:sn90061308:00294555833:1918040501:1054/full/pct:6.25/0/default.jpg#h=411&w=283
"The Mountain echo (Yellville, Ark.), September 12, 1913",http://www.loc.gov/item/sn88051124/1913-09-12/ed-1/,https://tile.loc.gov/image-services/iiif/service:ndnp:arhi:batch_arhi_galena_ver01:data:sn88051124:00516990235:1913091201:0128/full/pct:6.25/0/default.jpg#h=398&w=274
George D. Hess Collection,http://www.loc.gov/item/afc2001001.19801/,https://tile.loc.gov/streaming-services/iiif/service:vhp:0198:019801:afc2001001_019801_sr0001001/info.json
"The Key West citizen (Key West, Fla.), July 23, 1926",http://www.loc.gov/item/sn83016244/1926-07-23/ed-1/,https://tile.loc.gov/image-services/iiif/service:ndnp:fu:batch_fu_bathouse_ver01:data:sn83016244:00271760772:1926072301:0137/full/pct:3.125/0/default.jpg#h=263&w=206
"""SECRECY SURROUNDS NORTH VIETNAM ATROCTIES,"" ARTICLE FROM HUMAN EVENTS",http://www.loc.gov/item/powmia/pwmaster_157526/,https://tile.loc.gov/image-services/iiif/public:gdcmassbookdig:angolacountrystu00coll_0:angolacountrystu00coll_0_0005/full/pct:6.25/0/default.jpg
"The Colorado statesman (Denver, Colo.), June 21, 1913",http://www.loc.gov/item/sn83025514/1913-06-21/ed-1/,https://tile.loc.gov/image-services/iiif/service:ndnp:cohi:batch_cohi_hamilton_ver01:data:sn83025514:00340586359:1913062101:0609/full/pct:6.25/0/default.jpg#h=340&w=251
"Blue Ridge Parkway, North Carolina/Virginia",http://www.loc.gov/item/2008626650/,https://tile.loc.gov/image-services/iiif/service:gmd:gmd390:g3902:g3902b:ct009598/full/pct:12.5/0/default.jpg#h=1769&w=657
"The Leavenworth echo (Leavenworth, Wash.), May 4, 1917",http://www.loc.gov/item/sn87093039/1917-05-04/ed-1/,https://tile.loc.gov/image-services/iiif/service:ndnp:wa:batch_wa_cedar_ver01:data:sn87093039:0021110059A:1917050401:0106/full/pct:6.25/0/default.jpg#h=404&w=297
[Image from LOOK - Job 67-3384 titled Barbara Bain],http://www.loc.gov/item/2021685766/,https://tile.loc.gov/image-services/iiif/service:afc:afc1986022:afc1986022_ms1502:0001/full/pct:12.5/0/default.jpg
"Code of Federal Regulations: Legal Services, General Counsel, 38 C.F.R. (1969)",http://www.loc.gov/item/cfr1969080-T38CIP14/,https://tile.loc.gov/image-services/iiif/public:gdcmassbookdig:installationcomm00unse:installationcomm00unse_0001/full/pct:12.5/0/default.jpg
"Atlanta daily world (Atlanta, Georgia), February 24, 1936, (City Edition)",http://www.loc.gov/item/sn82015425/1936-02-24/ed-1/,https://tile.loc.gov/image-services/iiif/service:ndnp:gu:batch_gu_cthulhu_ver03:data:sn82015425:00529040374:1936022401:0373/full/pct:3.125/0/default.jpg#h=293&w=231
"The Beatrice daily express (Beatrice, Neb.), May 26, 1908",http://www.loc.gov/item/sn84020107/1908-05-26/ed-1/,https://tile.loc.gov/image-services/iiif/service:ndnp:nbu:batch_nbu_finch_ver01:data:sn84020107:00517014874:1908052601:0574/full/pct:6.25/0/default.jpg#h=436&w=322
"Presidio of San Francisco, Mason Street Warehouses, San Francisco, San Francisco County, CA",http://www.loc.gov/item/ca4242/,https://tile.loc.gov/image-services/iiif/service:ll:llserialsetce:01:33:2_:00:_0:0:01332_00_00:01332_00_00-009-0065-0000:0077/full/pct:12.5/0/default.jpg#h=425&w=265
"Abraham Lincoln papers: Series 1. General Correspondence. 1833-1916: Thomas E. H. Cottman to Abraham Lincoln, Wednesday, December 10, 1862 (Introduction)",http://www.loc.gov/item/mal2003000/,https://tile.loc.gov/image-services/iiif/service:mss:mal:200:2003000:001/full/pct:6.25/0/default.jpg#h=317&w=207
"The Lewiston teller (Lewiston, Idaho), January 3, 1905",http://www.loc.gov/item/sn89055112/1905-01-03/ed-1/,https://tile.loc.gov/image-services/iiif/service:ndnp:idhi:batch_idhi_irving_ver01:data:sn89055112:00295867899:1905010301:0242/full/pct:6.25/0/default.jpg#h=420&w=286
"Returned Amer. prisoners of war marching into Vichy. Dec. 10th upon their return from Amer. Prison Camp at Rastatt, Germany where the total of 2700 were quartered",http://www.loc.gov/item/2017668880/,https://tile.loc.gov/image-services/iiif/public:gdcmassbookdig:historyofuniteds00swan:historyofuniteds00swan_0009/full/pct:12.5/0/default.jpg
"Milford chronicle (Milford, Del.), August 10, 1934",http://www.loc.gov/item/sn87062224/1934-08-10/ed-1/,https://tile.loc.gov/image-services/iiif/service:ndnp:deu:batch_deu_elektra_ver01:data:sn87062224:0051415658A:1934081001:0374/full/pct:6.25/0/default.jpg#h=388&w=327
"Der Deutsche correspondent (Baltimore, Md.), March 9, 1877",http://www.loc.gov/item/sn83016118/1877-03-09/ed-1/,https://tile.loc.gov/image-services/iiif/service:ndnp:mdu:batch_mdu_kale_ver01:data:sn83016118:00296026426:1877030901:0248/full/pct:3.125/0/default.jpg#h=309&w=226
"Le messager (Lewiston, Me.), October 21, 1938",http://www.loc.gov/item/sn83045313/1938-10-21/ed-1/,https://tile.loc.gov/image-services/iiif/service:ndnp:me:batch_me_franco_ver01:data:sn83045313:00542860807:1938102101:0750/full/pct:6.25/0/default.jpg#h=421&w=320
"Rachel D. Moore, home management supervisor, demonstrating use of pressure cooker to Almary Kelly. On La Delta Project, Thomastown, Louisiana",http://www.loc.gov/item/2017803117/,https://tile.loc.gov/image-services/iiif/service:gmd:gmd401:g4013:g4013m:la000256/full/pct:12.5/0/default.jpg#h=1192&w=1544
"The Washington times (Washington [D.C.]), December 21, 1916, (HOME EDITION)",http://www.loc.gov/item/sn84026749/1916-12-21/ed-1/,https://tile.loc.gov/image-services/iiif/service:ndnp:dlc:batch_dlc_ghana_ver01:data:sn84026749:00207908885:1916122101:0445/full/pct:6.25/0/default.jpg#h=424&w=319
"This delightful assemblage of vintage collectibles along a highway in Pinson, Tennessee, has no visible name or owner and it's free for the looking and enjoyment",http://www.loc.gov/item/2021756970/,https://tile.loc.gov/image-services/iiif/service:ndnp:dlc:batch_dlc_kingman_ver01:data:sn83025727:00220720457:1900012701:0001/full/pct:3.125/0/default.jpg#h=297&w=195
NEED FOR POLYGRAPH,http://www.loc.gov/item/powmia/pwmaster_15260/,https://tile.loc.gov/image-services/iiif/public:gdcmassbookdig:angolacountrystu00coll_0:angolacountrystu00coll_0_0005/full/pct:6.25/0/default.jpg
"Oliver J. Larkin and Lona Larkin. March 20 (calendar day, March 24), 1926. -- Ordered to be printed",http://www.loc.gov/item/2022693768/,https://tile.loc.gov/image-services/iiif/service:ll:llserialsetce:08:52:7_:00:_0:0:08527_00_00:08527_00_00-183-0448-0000:0993/full/pct:12.5/0/default.jpg#h=462&w=270
"Verses read at the dinner of the class of 1863 of Harvard college on the forty-fifth anniversary of its graduation,",http://www.loc.gov/item/17001438/,https://tile.loc.gov/image-services/iiif/public:gdcmassbookdig:versesreadatdinn00mors:versesreadatdinn00mors_0003/full/pct:25.0/0/default.jpg#h=963&w=703
"Armstrong and world freedom,",http://www.loc.gov/item/e18000851/,https://tile.loc.gov/image-services/iiif/public:gdcmassbookdig:armstrongworldfr00taft:armstrongworldfr00taft_0005/full/pct:12.5/0/default.jpg
"Keowee courier (Pickens Court House, S.C.), January 12, 1910",http://www.loc.gov/item/sn84026912/1910-01-12/ed-1/,https://tile.loc.gov/image-services/iiif/service:ndnp:scu:batch_scu_imanidevore_ver02:data:sn84026912:0029455869A:1910011201:0009/full/pct:6.25/0/default.jpg#h=503&w=372
"The Brunswick news (Brunswick, Ga.;[Brunswick, Georgia?]), January 6, 1910",http://www.loc.gov/item/sn90052143/1910-01-06/ed-1/,https://tile.loc.gov/image-services/iiif/service:ndnp:gu:batch_gu_javert_ver01:data:sn90052143:00414182537:1910010601:0887/full/pct:3.125/0/default.jpg#h=289&w=202
"The Saint Paul globe (St. Paul, Minn.), March 11, 1902",http://www.loc.gov/item/sn90059523/1902-03-11/ed-1/,https://tile.loc.gov/image-services/iiif/service:ndnp:mnhi:batch_mnhi_plymouth_ver01:data:sn90059523:00206538259:1902031101:0135/full/pct:3.125/0/default.jpg#h=294&w=214
"Amistad National Recreation Area, Texas",http://www.loc.gov/item/2002625063/,https://tile.loc.gov/image-services/iiif/service:gmd:gmd403:g4032:g4032a:ct011325/full/pct:12.5/0/default.jpg#h=584&w=1241
"The Rhode-Island American, and general advertiser (Providence [R.I.]), August 12, 1817",http://www.loc.gov/item/sn83025442/1817-08-12/ed-1/,https://tile.loc.gov/image-services/iiif/service:ndnp:rp:batch_rp_gorgon_ver01:data:sn83025442:00513689093:1817081201:1092/full/pct:3.125/0/default.jpg#h=256&w=167
"The native American (Washington City [i.e. Washington, D.C.]), December 21, 1839",http://www.loc.gov/item/sn86053569/1839-12-21/ed-1/,https://tile.loc.gov/image-services/iiif/service:ndnp:dlc:batch_dlc_firedrake_ver01:data:sn86053569:00415661502:1839122101:0517/full/pct:3.125/0/default.jpg#h=269&w=190
"[Untitled photo, possibly related to: Landscape near one of the entrances to the powder plant near Childersburg. The dust in the back ground in caused by a great stream of traffic coming out of the powder plant. Alabama]",http://www.loc.gov/item/2017794762/,https://tile.loc.gov/image-services/iiif/service:ndnp:dlc:batch_dlc_jean_ver01:data:sn83025483:00220720457:1900012601:0001/full/pct:3.125/0/default.jpg#h=282&w=187
"East St. Louis daily journal (East St. Louis, Ill.), February 9, 1920",http://www.loc.gov/item/sn92053739/1920-02-09/ed-1/,https://tile.loc.gov/image-services/iiif/service:ndnp:iune:batch_iune_heron_ver01:data:sn92053739:00542864345:1920020901:0448/full/pct:6.25/0/default.jpg#h=467&w=327
Poppyland,http://www.loc.gov/item/2016763495/,https://tile.loc.gov/image-services/iiif/public:music:musm1508-10038354:musm1508-10038354.0001/full/pct:6.25/0/default.jpg
"Minnesota Staats-Zeitung (Saint Paul, Minn.), June 20, 1863",http://www.loc.gov/item/sn84031595/1863-06-20/ed-1/,https://tile.loc.gov/image-services/iiif/service:ndnp:mnhi:batch_mnhi_toyota_ver01:data:sn84031595:00212475725:1863062001:0543/full/pct:3.125/0/default.jpg#h=314&w=230
"Official Newspaper of the State of Jalisco; Tomo 383, Número 5",http://www.loc.gov/item/56050553_20150811_01/,https://tile.loc.gov/image-services/iiif/service:ll:llflg:56:05:05:53:_2:01:50:81:1_:01:56050553_20150811_01:0001/full/pct:12.5/0/default.jpg#h=437&w=329
[Unidentified girls],http://www.loc.gov/item/2015650785/,https://tile.loc.gov/image-services/iiif/public:gdc:00340766970:00340766970_0001/full/pct:25.0/0/default.jpg
"De Queen bee (De Queen, Ark.), April 26, 1918",http://www.loc.gov/item/sn89051293/1918-04-26/ed-1/,https://tile.loc.gov/image-services/iiif/service:ndnp:arhi:batch_arhi_andromeda_ver01:data:sn89051293:00513687849:1918042601:0813/full/pct:3.125/0/default.jpg#h=268&w=178
National Book Festival Summer Writing Contest Winners Announced,http://www.loc.gov/item/prn-17-121/,https://tile.loc.gov/image-services/iiif/service:ndnp:ncu:batch_ncu_appling_ver02:data:sn96027351:00332891613:1868010101:0001/full/pct:3.125/0/default.jpg#h=298&w=203
"The watchman and southron (Sumter, S.C.), September 27, 1905",http://www.loc.gov/item/sn93067846/1905-09-27/ed-1/,https://tile.loc.gov/image-services/iiif/service:ndnp:scu:batch_scu_danastjames_ver01:data:sn93067846:00294551475:1905092701:0259/full/pct:3.125/0/default.jpg#h=336&w=207
"The San Francisco call (San Francisco [Calif.]), December 18, 1905",http://www.loc.gov/item/sn85066387/1905-12-18/ed-1/,https://tile.loc.gov/image-services/iiif/service:ndnp:curiv:batch_curiv_gualala_ver01:data:00100480712:1905121801:0423/full/pct:3.125/0/default.jpg#h=271&w=202
"Daily evening bulletin (Maysville [Ky.]), April 4, 1884",http://www.loc.gov/item/sn87060189/1884-04-04/ed-1/,https://tile.loc.gov/image-services/iiif/service:ndnp:kyu:batch_kyu_casablanca_ver01:data:sn87060189:00206534254:1884040401:0302/full/pct:6.25/0/default.jpg#h=450&w=306
"The Democratic advocate (Westminster, Md.), April 20, 1871",http://www.loc.gov/item/sn85038292/1871-04-20/ed-1/,https://tile.loc.gov/image-services/iiif/service:ndnp:mdu:batch_mdu_douglass_ver01:data:sn85038292:00415623720:1871042001:0074/full/pct:6.25/0/default.jpg#h=378&w=295
"St. Johnsbury Caledonian (St. Johnsbury, Vt.), September 22, 1871",http://www.loc.gov/item/sn84023253/1871-09-22/ed-1/,https://tile.loc.gov/image-services/iiif/service:ndnp:vtu:batch_vtu_montpelier_ver01:data:sn84023253:00200296278:1871092201:0151/full/pct:6.25/0/default.jpg#h=453&w=360
"Muscatine weekly journal (Muscatine, Iowa), June 19, 1863",http://www.loc.gov/item/sn84027253/1863-06-19/ed-1/,https://tile.loc.gov/image-services/iiif/service:ndnp:iahi:batch_iahi_bellsprout_ver01:data:sn84027253:00279528529:1863061901:0460/full/pct:3.125/0/default.jpg#h=274&w=218
"Within thy heart : op. 29, no. 1",http://www.loc.gov/item/2008561977/,https://tile.loc.gov/image-services/iiif/public:music:musihas-200215445:musihas-200215445.0001/full/pct:6.25/0/default.jpg
Swallowed!,http://www.loc.gov/item/2010651311/,https://tile.loc.gov/image-services/iiif/service:afc:afc1986022:afc1986022_ms1401:0001/full/pct:12.5/0/default.jpg
"El Tucsonense (Tucson, Ariz.), July 20, 1937",http://www.loc.gov/item/sn95060694/1937-07-20/ed-1/,https://tile.loc.gov/image-services/iiif/service:ndnp:az:batch_az_fireagate_ver02:data:sn95060694:00517019410:1937072001:0658/full/pct:3.125/0/default.jpg#h=299&w=223
"The Kanabec County times (Mora, MN), July 18, 1912",http://www.loc.gov/item/sn91059411/1912-07-18/ed-1/,https://tile.loc.gov/image-services/iiif/service:ndnp:mnhi:batch_mnhi_bottom_ver01:data:sn91059411:00517011587:1912071801:0229/full/pct:3.125/0/default.jpg#h=288&w=206
"Bluefield evening leader (Bluefield, W. Va.), April 18, 1908",http://www.loc.gov/item/sn86092066/1908-04-18/ed-1/,https://tile.loc.gov/image-services/iiif/service:ndnp:wvu:batch_wvu_ellis_ver01:data:sn86092066:00414186531:1908041801:0375/full/pct:3.125/0/default.jpg#h=288&w=225
"The daily morning oasis (Nogales, Ariz.), May 15, 1918",http://www.loc.gov/item/sn83025458/1918-05-15/ed-1/,https://tile.loc.gov/image-services/iiif/service:ndnp:az:batch_az_foolsfortynine_ver01:data:sn83025458:00414217321:1918051501:0585/full/pct:6.25/0/default.jpg#h=502&w=373
"The Spokane press (Spokane, Wash.), September 22, 1903",http://www.loc.gov/item/sn88085947/1903-09-22/ed-1/,https://tile.loc.gov/image-services/iiif/service:ndnp:wa:batch_wa_columbia_ver01:data:sn88085947:00211108538:1903092201:0408/full/pct:6.25/0/default.jpg#h=422&w=346
"The Cecil Whig (Elkton, Md.), March 27, 1880",http://www.loc.gov/item/sn83016348/1880-03-27/ed-1/,https://tile.loc.gov/image-services/iiif/service:ndnp:mdu:batch_mdu_fitzgerald_ver01:data:sn83016348:00415624566:1880032701:0224/full/pct:3.125/0/default.jpg#h=336&w=259
"The Cairo bulletin (Cairo, Ill.), October 4, 1906",http://www.loc.gov/item/sn93055779/1906-10-04/ed-1/,https://tile.loc.gov/image-services/iiif/service:ndnp:iune:batch_iune_jump_ver01:data:sn93055779:0029587353A:1906100401:0062/full/pct:6.25/0/default.jpg#h=438&w=327
"Evening star (Washington, D.C.), April 1, 1899",http://www.loc.gov/item/sn83045462/1899-04-01/ed-1/,https://tile.loc.gov/image-services/iiif/service:ndnp:dlc:batch_dlc_ibizanhound_ver01:data:sn83045462:00280655259:1899040101:0512/full/pct:6.25/0/default.jpg#h=446&w=335
"Hill Field, Engine Repair Building, 5840 Engine Lane, Layton, Davis County, UT",http://www.loc.gov/item/ut0593/,https://tile.loc.gov/image-services/iiif/service:gmd:gmd434m:g4344m:g4344bm:g088321917:08832_1917-0001/full/pct:12.5/0/default.jpg#h=963&w=813
"Los Angeles herald (Los Angeles [Calif.]), February 22, 1905",http://www.loc.gov/item/sn85042462/1905-02-22/ed-1/,https://tile.loc.gov/image-services/iiif/service:ndnp:curiv:batch_curiv_oasis_ver01:data:sn85042462:00175047268:1905022201:0814/full/pct:6.25/0/default.jpg#h=426&w=317
"Babb Indian Rodeo, Blackfeet Indian Reservation of Montana",http://www.loc.gov/item/afc1981005_tm11/,https://tile.loc.gov/image-services/iiif/service:afc:afc1981005:afc1981005_tm11:afc1981005_tm11_02/full/pct:6.25/0/default.jpg#h=213&w=312
English Derby at Epsom Downs,http://www.loc.gov/item/2021718471/,https://tile.loc.gov/image-services/iiif/public:music:muswwism-200205690:0001/full/pct:6.25/0/default.jpg
"Code of Federal Regulations: Federal Schools For Indians, 25 C.F.R. (1973)",http://www.loc.gov/item/cfr1973053-T25CIP31/,https://tile.loc.gov/image-services/iiif/service:pnp:highsm:33800:33854/full/pct:3.125/0/default.jpg#h=260&w=183
"The Washerwoman's War. Motion picture copyright descriptions collection. Class L, 1912-1977.",http://www.loc.gov/item/s1229l14304/,https://tile.loc.gov/image-services/iiif/public:gdcmassbookdig:catalogueofstori00twen:catalogueofstori00twen_0005/full/pct:12.5/0/default.jpg
"Manchester Democrat (Manchester, Iowa), September 10, 1913",http://www.loc.gov/item/sn84038306/1913-09-10/ed-1/,https://tile.loc.gov/image-services/iiif/service:ndnp:iahi:batch_iahi_bettendorf_ver01:data:sn84038306:00295875574:1913091001:0943/full/pct:6.25/0/default.jpg#h=494&w=380
"The Ordway new era (Ordway, Colo.), December 8, 1916",http://www.loc.gov/item/sn90051033/1916-12-08/ed-1/,https://tile.loc.gov/image-services/iiif/service:ndnp:cohi:batch_cohi_fairplay_ver01:data:sn90051033:00383341140:1916120801:0393/full/pct:6.25/0/default.jpg#h=298&w=237
"[The Imperial Yacht, Teşrifiye, designated for the imperial riding]",http://www.loc.gov/item/2003674600/,https://tile.loc.gov/image-services/iiif/service:gdc:gdcwdl:wd:l_:11:82:0:wdl_11820:KKR-26/full/pct:6.25/0/default.jpg
"The Daily empire (Dayton, Ohio), December 7, 1866",http://www.loc.gov/item/sn88077244/1866-12-07/ed-1/,https://tile.loc.gov/image-services/iiif/service:ndnp:ohi:batch_ohi_horatio_ver01:data:sn88077244:00280775083:1866120701:0467/full/pct:6.25/0/default.jpg#h=395&w=264
"Richfield Station, Cucamonga, California",http://www.loc.gov/item/2017707404/,https://tile.loc.gov/image-services/iiif/service:afc:afc2023018:afc2023018_001:afc2023018_001_ph:afc2023018_001_ph01/full/pct:6.25/0/default.jpg#h=375&w=500
"Pawtucket gazette and chronicle (Pawtucket, R.I.), March 11, 1853",http://www.loc.gov/item/sn83021578/1853-03-11/ed-1/,https://tile.loc.gov/image-services/iiif/service:ndnp:rp:batch_rp_jarlstorvald_ver01:data:sn83021578:00529045414:1853031101:0663/full/pct:6.25/0/default.jpg#h=489&w=362
"The Key West citizen (Key West, Fla.), September 19, 1957",http://www.loc.gov/item/sn83016244/1957-09-19/ed-1/,https://tile.loc.gov/image-services/iiif/service:ndnp:fu:batch_fu_calhoun_ver01:data:sn83016244:00513689895:1957091901:0187/full/pct:3.125/0/default.jpg#h=277&w=210
"Worcester daily spy (Worcester [Mass.]), November 28, 1872",http://www.loc.gov/item/sn83021205/1872-11-28/ed-1/,https://tile.loc.gov/image-services/iiif/service:ndnp:mb:batch_mb_demeter_ver01:data:sn83021205:00517171876:1872112801:1135/full/pct:3.125/0/default.jpg#h=293&w=216
"Surf at King's Beach, Lynn, Mass.",http://www.loc.gov/item/2024688736/,https://tile.loc.gov/image-services/iiif/service:gmd:gmdtitlecolfold:ma:-1:11:ma-111:ma-111-00001/full/pct:12.5/0/default.jpg
"The Republican (Oakland, Md.), February 6, 1930",http://www.loc.gov/item/sn88065202/1930-02-06/ed-1/,https://tile.loc.gov/image-services/iiif/service:ndnp:mdu:batch_mdu_anhinga_ver01:data:sn88065202:00340588204:1930020601:0043/full/pct:3.125/0/default.jpg#h=275&w=191
Hayes and Wheeler grand march,http://www.loc.gov/item/2023825994/,https://tile.loc.gov/image-services/iiif/public:music:mussm-sm1876-07923:001/full/pct:6.25/0/default.jpg
"United States Code: Appointments in Regular Components, 10 U.S.C. §§ 531-565 (1982)",http://www.loc.gov/item/uscode1982-003010033/,https://tile.loc.gov/image-services/iiif/public:gdcmassbookdig:installationcomm00unse:installationcomm00unse_0001/full/pct:12.5/0/default.jpg
"Bisbee daily review (Bisbee, Ariz.), July 27, 1904",http://www.loc.gov/item/sn84024827/1904-07-27/ed-1/,https://tile.loc.gov/image-services/iiif/service:ndnp:az:batch_az_javelina_ver01:data:sn84024827:00211105252:1904072701:0615/full/pct:6.25/0/default.jpg#h=384&w=271
"The New Haven union (New Haven, Conn.), June 2, 1908, (POSTSCRIPT EDITION)",http://www.loc.gov/item/sn92051126/1908-06-02/ed-1/,https://tile.loc.gov/image-services/iiif/service:ndnp:ct:batch_ct_hartford_ver01:data:sn92051126:00517174117:1908060201:0657/full/pct:6.25/0/default.jpg#h=397&w=312
"Evening times-Republican (Marshalltown, Iowa), August 11, 1904",http://www.loc.gov/item/sn85049554/1904-08-11/ed-1/,https://tile.loc.gov/image-services/iiif/service:ndnp:iahi:batch_iahi_duesenberg_ver01:data:sn85049554:00415622338:1904081101:0280/full/pct:3.125/0/default.jpg#h=285&w=239
"The Western outlook (San Francisco, Cal.), January 1, 1916",http://www.loc.gov/item/sn84025815/1916-01-01/ed-1/,https://tile.loc.gov/image-services/iiif/service:ndnp:dlc:batch_dlc_ontario_ver01:data:sn84025815:00220720470:1916010101:0001/full/pct:3.125/0/default.jpg#h=287&w=213
"Sanborn Fire Insurance Map from San Antonio, Bexar County, Texas.",http://www.loc.gov/item/sanborn08740_008/,https://tile.loc.gov/image-services/iiif/service:gmd:gmd403m:g4034m:g4034sm:g4034sm_g08740191202:08740_02_1912-titl/full/pct:12.5/0/default.jpg#h=974&w=822
"The Louisiana Democrat (Alexandria, La.), April 8, 1891",http://www.loc.gov/item/sn82003389/1891-04-08/ed-1/,https://tile.loc.gov/image-services/iiif/service:ndnp:lu:batch_lu_beast_ver01:data:sn82003389:00294555195:1891040801:0488/full/pct:6.25/0/default.jpg#h=510&w=345
"Code of Federal Regulations: Estate Tax; Estates Of Decedents Dying After August 16, 1954, 26 C.F.R. (1976)",http://www.loc.gov/item/cfr1976056-T26CIP20/,https://tile.loc.gov/image-services/iiif/service:ll:llhsp:llhsp_laws_02:00162/full/pct:12.5/0/default.jpg#h=459&w=345
EVALUATION OF VIETNAMESE DOCUMENTS ON AIRCRAFT SHOOT DOWNS OVER NORTH VIETNAM,http://www.loc.gov/item/powmia/pwmaster_149881/,https://tile.loc.gov/image-services/iiif/public:gdcmassbookdig:angolacountrystu00coll_0:angolacountrystu00coll_0_0005/full/pct:6.25/0/default.jpg
"The New York herald (New York [N.Y.]), July 30, 1876",http://www.loc.gov/item/sn83030313/1876-07-30/ed-1/,https://tile.loc.gov/image-services/iiif/service:ndnp:dlc:batch_dlc_crowfoot_ver01:data:sn83030313:00271743981:1876073001:0300/full/pct:3.125/0/default.jpg#h=271&w=190
"Court Square, Memphis, Tenn.",http://www.loc.gov/item/2025675558/,https://tile.loc.gov/image-services/iiif/service:gmd:gmd396:g3964:g3964m:pm009010/full/pct:12.5/0/default.jpg#h=854&w=1300
"The Columbia daily phoenix (Columbia, S.C.), May 25, 1865",http://www.loc.gov/item/sn84027007/1865-05-25/ed-1/,https://tile.loc.gov/image-services/iiif/service:ndnp:scu:batch_scu_alexiavalentine_ver01:data:sn84027007:00294551633:1865052501:0019/full/pct:6.25/0/default.jpg#h=380&w=270
"Virginia; address delivered in response to the toast ""Virginia"", at the banquet given by the citizens of Petersburg, Va., to the President of the United States and the governor of Pennsylvania. on May 19, 1909,",http://www.loc.gov/item/e10002211/,https://tile.loc.gov/image-services/iiif/public:gdcmassbookdig:virginiaaddressd00alde:virginiaaddressd00alde_0003/full/pct:25.0/0/default.jpg#h=871&w=552
"The daily union (Washington [D.C.]), September 6, 1851",http://www.loc.gov/item/sn82003410/1851-09-06/ed-1/,https://tile.loc.gov/image-services/iiif/service:ndnp:dlc:batch_dlc_chimera_ver01:data:sn82003410:00415661198:1851090601:0905/full/pct:6.25/0/default.jpg#h=495&w=378
"Daily Democrat and news (Davenport, Iowa), June 15, 1861",http://www.loc.gov/item/sn82015737/1861-06-15/ed-1/,https://tile.loc.gov/image-services/iiif/service:ndnp:iahi:batch_iahi_gastly_ver01:data:sn82015737:0027952911A:1861061501:0486/full/pct:3.125/0/default.jpg#h=291&w=218
[Chicago Rock Island & Pacific Railroad : Locomotive CRIP 577],http://www.loc.gov/item/2024643251/,https://tile.loc.gov/image-services/iiif/service:gmd:gmd406:g4061:g4061p:rr003720/full/pct:12.5/0/default.jpg#h=633&w=1167
"The public ledger (Maysville, Ky.), March 7, 1921, (AFTERNOON EDITION)",http://www.loc.gov/item/sn85038022/1921-03-07/ed-1/,https://tile.loc.gov/image-services/iiif/service:ndnp:kyu:batch_kyu_dove_ver02:data:sn85038022:00202195015:1921030701:0222/full/pct:6.25/0/default.jpg#h=436&w=298
"Official Journal of the Republic of Chile; Año 129, Número 38.540, Segundo Cuerpo",http://www.loc.gov/item/cl20060816b/,https://tile.loc.gov/image-services/iiif/service:ll:llserialsetce:00:73:3_:00:_0:0:00733_00_00:00733_00_00-001-0121-0006:0001/full/pct:6.25/0/default.jpg#h=270&w=193
"The Ocala evening star (Ocala, Fla.), April 21, 1914",http://www.loc.gov/item/sn84027621/1914-04-21/ed-1/,https://tile.loc.gov/image-services/iiif/service:ndnp:fu:batch_fu_beaty_ver01:data:sn84027621:0029586591A:1914042101:0034/full/pct:3.125/0/default.jpg#h=281&w=215
"Evening star (Washington, D.C.), January 18, 1901",http://www.loc.gov/item/sn83045462/1901-01-18/ed-1/,https://tile.loc.gov/image-services/iiif/service:ndnp:dlc:batch_dlc_yorkie_ver01:data:sn83045462:00280655387:1901011801:0073/full/pct:6.25/0/default.jpg#h=477&w=361
"Imperial Valley press (El Centro, Calif.), April 2, 1915",http://www.loc.gov/item/sn92070146/1915-04-02/ed-1/,https://tile.loc.gov/image-services/iiif/service:ndnp:curiv:batch_curiv_mesquite_ver02:data:sn92070146:00414189465:1915040201:0371/full/pct:6.25/0/default.jpg#h=452&w=352
Petroglyphic Art in North Africa: The Story of the Engraved Rocks of the Sahara,http://www.loc.gov/item/2021688367/,https://tile.loc.gov/streaming-services/iiif/:service:gdc:gdcwebcasts:09:12:03:am:e1:20:0:091203ame1200:091203ame1200_640x480_800/full/full/0/full/default.m3u8
"The Washington herald (Washington, D.C.), May 4, 1909",http://www.loc.gov/item/sn83045433/1909-05-04/ed-1/,https://tile.loc.gov/image-services/iiif/service:ndnp:dlc:batch_dlc_kilo_ver01:data:sn83045433:100493330:1909050401:0267/full/pct:3.125/0/default.jpg#h=310&w=210
"Evening journal (Wilmington, Del.), December 3, 1888",http://www.loc.gov/item/sn85042354/1888-12-03/ed-1/,https://tile.loc.gov/image-services/iiif/service:ndnp:deu:batch_deu_arden_ver01:data:sn85042354:00271740256:1888120301:0688/full/pct:6.25/0/default.jpg#h=443&w=321
"Mexico weekly ledger (Mexico, Mo.), May 17, 1877",http://www.loc.gov/item/sn89067274/1877-05-17/ed-1/,https://tile.loc.gov/image-services/iiif/service:ndnp:mohi:batch_mohi_garfield_ver01:data:sn89067274:00294556266:1877051701:0248/full/pct:3.125/0/default.jpg#h=268&w=187
"M5 by Manetstrasse, Berlin, 2010",http://www.loc.gov/item/2020700332/,https://tile.loc.gov/image-services/iiif/service:music:mushfc:mushfc-2019565644:mushfc-2019565744.0001/full/pct:12.5/0/default.jpg
"The Manchester journal (Manchester, Vt.), May 10, 1906",http://www.loc.gov/item/sn83025668/1906-05-10/ed-1/,https://tile.loc.gov/image-services/iiif/service:ndnp:vtu:batch_vtu_jicama_ver01:data:sn83025668:00415628055:1906051001:0697/full/pct:6.25/0/default.jpg#h=460&w=324
Sweet Indiana home,http://www.loc.gov/item/jukebox-710093/,https://tile.loc.gov/image-services/iiif/service:mbrsrs:mbrsjukebox:ucsb_col_a3614_01_80312_03:ucsb_col_a3614_01_80312_03/full/pct:12.5/0/default.jpg#h=357&w=357
"Digest of statistics of manufactures. Message from the President of the United States, informing the House of his transmission to the Senate of a digest of the statistics of manufactures, according to the returns of the seventh census. January 21, 1859. -- Laid upon the table and ordered to be printed",http://www.loc.gov/item/2022699475/,https://tile.loc.gov/image-services/iiif/service:ll:llserialsetce:01:00:6_:00:_0:0:01006_00_00:01006_00_00-013-0061-0000:0411/full/pct:12.5/0/default.jpg#h=431&w=268
"Hattiesburg daily news (Hattiesburg, Miss.), October 31, 1907",http://www.loc.gov/item/sn87065163/1907-10-31/ed-1/,https://tile.loc.gov/image-services/iiif/service:ndnp:msar:batch_msar_gabardine_ver01:data:sn87065163:00199916798:1907103101:0990/full/pct:6.25/0/default.jpg#h=365&w=289
"Süd California Deutsche zeitung (San Diego, Calif.), May 10, 1895",http://www.loc.gov/item/sn86064439/1895-05-10/ed-1/,https://tile.loc.gov/image-services/iiif/service:ndnp:curiv:batch_curiv_angelica_ver01:data:sn86064439:00271742733:1895051001:0020/full/pct:6.25/0/default.jpg#h=350&w=268
"BRIEF NOTE REGARDING GARWOOD'S ""TRAIN SIGHTING""",http://www.loc.gov/item/powmia/pwmaster_118155/,https://tile.loc.gov/image-services/iiif/public:gdcmassbookdig:angolacountrystu00coll_0:angolacountrystu00coll_0_0005/full/pct:6.25/0/default.jpg
"Port Tobacco times, and Charles County advertiser (Port Tobacco, Md.), September 2, 1887",http://www.loc.gov/item/sn89060060/1887-09-02/ed-1/,https://tile.loc.gov/image-services/iiif/service:ndnp:mdu:batch_mdu_elsberg_ver02:data:sn89060060:00415624396:1887090201:0142/full/pct:3.125/0/default.jpg#h=284&w=226
"The evening times (Washington, D.C.), November 24, 1900",http://www.loc.gov/item/sn84024441/1900-11-24/ed-1/,https://tile.loc.gov/image-services/iiif/service:ndnp:dlc:batch_dlc_november_ver01:data:sn84024441:0010049212A:1900112401:0115/full/pct:3.125/0/default.jpg#h=269&w=204
"Code of Federal Regulations: Standards Applicable To Generators Of Hazardous Waste, 40 C.F.R. (1985)",http://www.loc.gov/item/cfr1985126-T40CIP262/,https://tile.loc.gov/image-services/iiif/service:ll:llhsp:llhsp_laws_02:00288/full/pct:12.5/0/default.jpg#h=475&w=336
"The Pioche record (Pioche, Nev.), May 28, 1920",http://www.loc.gov/item/sn86091349/1920-05-28/ed-1/,https://tile.loc.gov/image-services/iiif/service:ndnp:nvln:batch_nvln_dayton_ver01:data:sn86091349:00415627282:1920052801:0171/full/pct:6.25/0/default.jpg#h=436&w=291
"The southern press (Washington [D.C.]), July 28, 1851",http://www.loc.gov/item/sn82014764/1851-07-28/ed-1/,https://tile.loc.gov/image-services/iiif/service:ndnp:dlc:batch_dlc_elf_ver03:data:sn82014764:00415661484:1851072801:0723/full/pct:3.125/0/default.jpg#h=261&w=207
"Pool court, the baths at Monmouth Beach, N. J.",http://www.loc.gov/item/2013647213/,https://tile.loc.gov/image-services/iiif/service:ndnp:dlc:batch_dlc_evans_ver01:data:sn84026314:00211664435:1880112701:0089/full/pct:3.125/0/default.jpg#h=279&w=184
"Shiner gazette (Shiner, Tex.), February 12, 1902",http://www.loc.gov/item/sn86090270/1902-02-12/ed-1/,https://tile.loc.gov/image-services/iiif/service:ndnp:txdn:batch_txdn_juliet_ver02:data:sn86090270:00206536238:1902021201:0747/full/pct:6.25/0/default.jpg#h=317&w=210
"The Tri-county news (Grand Rapids, Ohio), March 20, 1931",http://www.loc.gov/item/sn89075140/1931-03-20/ed-1/,https://tile.loc.gov/image-services/iiif/service:ndnp:ohi:batch_ohi_bellatrix_ver03:data:sn89075140:00415665945:1931032001:0298/full/pct:6.25/0/default.jpg#h=462&w=333
"The Union County journal (Marysville, Ohio), October 10, 1949",http://www.loc.gov/item/sn85038220/1949-10-10/ed-1/,https://tile.loc.gov/image-services/iiif/service:ndnp:ohi:batch_ohi_kaffirlily_ver01:data:sn85038220:00340580722:1949101001:0732/full/pct:3.125/0/default.jpg#h=287&w=227
"The Wheeling daily intelligencer (Wheeling, W. Va.), February 13, 1884",http://www.loc.gov/item/sn84026844/1884-02-13/ed-1/,https://tile.loc.gov/image-services/iiif/service:ndnp:wvu:batch_wvu_france_ver01:data:sn84026844:00202193493:1884021301:0151/full/pct:6.25/0/default.jpg#h=354&w=254
"Polynesian (Honolulu [Oahu], Hawaii), December 7, 1850",http://www.loc.gov/item/sn82015408/1850-12-07/ed-1/,https://tile.loc.gov/image-services/iiif/service:ndnp:hihouml:batch_hihouml_lilac_ver02:data:sn82015408:00237289687:1850120701:0127/full/pct:3.125/0/default.jpg#h=282&w=220
"St. Croix avis (Christiansted, St. Croix [V.I.]), September 4, 1948",http://www.loc.gov/item/sn84037526/1948-09-04/ed-1/,https://tile.loc.gov/image-services/iiif/service:ndnp:vnstcsc:batch_vnstcsc_canaan_ver01:data:sn84037526:00513681240:1948090401:0797/full/pct:6.25/0/default.jpg#h=321&w=224
"The Semi-weekly leader (Brookhaven, Miss.), June 4, 1910",http://www.loc.gov/item/sn86074065/1910-06-04/ed-1/,https://tile.loc.gov/image-services/iiif/service:ndnp:msar:batch_msar_beryl_ver01:data:sn86074065:00383343707:1910060401:0466/full/pct:3.125/0/default.jpg#h=256&w=198
"Perth Amboy evening news (Perth Amboy, N.J.), June 30, 1914, (Last Edition)",http://www.loc.gov/item/sn85035720/1914-06-30/ed-2/,https://tile.loc.gov/image-services/iiif/service:ndnp:njr:batch_njr_dill_ver02:data:sn85035720:0038334007A:1914063002:1049/full/pct:6.25/0/default.jpg#h=419&w=310
"The Pensacola journal (Pensacola, Fla.), October 30, 1913",http://www.loc.gov/item/sn87062268/1913-10-30/ed-1/,https://tile.loc.gov/image-services/iiif/service:ndnp:fu:batch_fu_graham_ver01:data:sn87062268:00415662762:1913103001:0570/full/pct:6.25/0/default.jpg#h=507&w=421
[Trademark registration by Seidenberg & Co. for La Rosa de las Antillas brand Cigars],http://www.loc.gov/item/2020747533/,https://tile.loc.gov/image-services/iiif/service:gdc:gdcscd:00:51:61:15:54:3:00516115543:0001/full/pct:12.5/0/default.jpg#h=350&w=252
FEBRUARY 1995 MESSAGE TRAFFIC - DETAILED REPORT OF SURVEY OF CASE 0391,http://www.loc.gov/item/powmia/pwmaster_142912/,https://tile.loc.gov/image-services/iiif/public:gdcmassbookdig:angolacountrystu00coll_0:angolacountrystu00coll_0_0005/full/pct:6.25/0/default.jpg
"Atlas of the battlefield of Antietam, prepared under the direction of the Antietam Battlefield Board, lieut. col. Geo. W. Davis, U.S.A., president, gen. E.A. Carman, U.S.V., gen. H Heth, C.S.A. Surveyed by lieut. col. E.B. Cope, engineer, H.W. Mattern, assistant engineer, of the Gettysburg National Park. Drawn by Charles H. Ourand, 1899. Position of troops by gen. E. A. Carman.  Published by authority of the Secretary of War, under the direction of the Chief of Engineers, U.S. Army, 1908.",http://www.loc.gov/item/2008621532/,https://tile.loc.gov/image-services/iiif/service:gmd:gmd384m:g3842m:g3842am:gcw0248000:ca000001/full/pct:12.5/0/default.jpg#h=1357&w=822
"The Russellville Democrat (Russellville, Ark.), February 28, 1889",http://www.loc.gov/item/sn84023017/1889-02-28/ed-1/,https://tile.loc.gov/image-services/iiif/service:ndnp:arhi:batch_arhi_igglybuff_ver01:data:sn84023017:00414212992:1889022801:0403/full/pct:6.25/0/default.jpg#h=479&w=372
"Baltimore Wecker (Baltimore [Md.]), June 26, 1866",http://www.loc.gov/item/sn85025148/1866-06-26/ed-1/,https://tile.loc.gov/image-services/iiif/service:ndnp:mdu:batch_mdu_dollseyes_ver01:data:sn85025148:00332898735:1866062601:0195/full/pct:3.125/0/default.jpg#h=314&w=207
"Hampton, Corn Crib, 537 1/2 Saint Francis Road, Towson, Baltimore County, MD",http://www.loc.gov/item/md0477/,https://tile.loc.gov/image-services/iiif/service:asian:asianscd:2012646613:0001/full/pct:6.25/0/default.jpg
"Narragansett herald (Narragansett Pier, R.I.), March 14, 1885",http://www.loc.gov/item/sn92063989/1885-03-14/ed-1/,https://tile.loc.gov/image-services/iiif/service:ndnp:rp:batch_rp_fleshgolem_ver02:data:sn92063989:00514153565:1885031401:0374/full/pct:3.125/0/default.jpg#h=370&w=290
"Nogales international (Nogales, Ariz.), June 16, 1934",http://www.loc.gov/item/sn96060774/1934-06-16/ed-1/,https://tile.loc.gov/image-services/iiif/service:ndnp:az:batch_az_groomcreek_ver04:data:sn96060774:00414218210:1934061601:0327/full/pct:3.125/0/default.jpg#h=258&w=187
"Fisherman & farmer (Edenton, N.C.), February 23, 1894",http://www.loc.gov/item/sn91068084/1894-02-23/ed-1/,https://tile.loc.gov/image-services/iiif/service:ndnp:ncu:batch_ncu_elk_ver01:data:sn91068084:0029602322A:1894022301:0360/full/pct:3.125/0/default.jpg#h=305&w=243
"Amerikanski srbobran (Pittsburg, Pa.;Pittsburgh, Pa.), November 19, 1917",http://www.loc.gov/item/sn85055101/1917-11-19/ed-1/,https://tile.loc.gov/image-services/iiif/service:ndnp:dlc:batch_dlc_arlington_ver01:data:sn85055101:print:1917111901:0001/full/pct:12.5/0/default.jpg#h=422&w=296
"Tägliches Cincinnatier volksblatt (Cincinnati [Ohio]), April 3, 1913",http://www.loc.gov/item/sn83045474/1913-04-03/ed-1/,https://tile.loc.gov/image-services/iiif/service:ndnp:ohi:batch_ohi_euphemia_ver01:data:sn83045474:00279555909:1913040301:0659/full/pct:3.125/0/default.jpg#h=279&w=217
"Sacramento daily record-union (Sacramento [Calif.]), May 23, 1889",http://www.loc.gov/item/sn82014381/1889-05-23/ed-1/,https://tile.loc.gov/image-services/iiif/service:ndnp:curiv:batch_curiv_mojave_ver01:data:sn82014381:00175036581:1889052301:0598/full/pct:3.125/0/default.jpg#h=273&w=204
"Code of Federal Regulations: Regulations For Camps Operated By The National Service Board For Religious Objectors, 32 C.F.R. (1944)",http://www.loc.gov/item/cfr1945003-T32CVIP691/,https://tile.loc.gov/image-services/iiif/service:ll:llhsp:llhsp_laws_03:00183/full/pct:6.25/0/default.jpg#h=229&w=324
"The weekly Panola star (Panola, Miss.), May 28, 1862",http://www.loc.gov/item/sn83016951/1862-05-28/ed-1/,https://tile.loc.gov/image-services/iiif/service:ndnp:msar:batch_msar_icydrop_ver05:data:sn83016951:00295877972:1862052801:1069/full/pct:6.25/0/default.jpg#h=355&w=218
[Hanes' Plantation - Sunny Hill],http://www.loc.gov/item/2021739010/,https://tile.loc.gov/image-services/iiif/service:gmd:gmd392:g3924:g3924t:pm001320/full/pct:12.5/0/default.jpg#h=674&w=1006
REINTERVIEW [SSC] 12 MAY 86,http://www.loc.gov/item/powmia/pwmaster_18859/,https://tile.loc.gov/image-services/iiif/public:gdcmassbookdig:angolacountrystu00coll_0:angolacountrystu00coll_0_0005/full/pct:6.25/0/default.jpg
"Daily Kennebec journal (Augusta, Me.), July 9, 1921",http://www.loc.gov/item/sn82014248/1921-07-09/ed-1/,https://tile.loc.gov/image-services/iiif/service:ndnp:me:batch_me_gilbertville_ver01:data:sn82014248:00513683005:1921070901:0082/full/pct:6.25/0/default.jpg#h=472&w=382
"Code of Federal Regulations: Regulations Governing Book-entry Securities Of The Student Loan Marketing Association (Sallie Mae), 31 C.F.R. (1986)",http://www.loc.gov/item/cfr1986100-T31CIIP354/,https://tile.loc.gov/image-services/iiif/service:ll:llhsp:llhsp_laws_04:00581/full/pct:6.25/0/default.jpg#h=253&w=332
"Abraham Lincoln papers: Series 1. General Correspondence. 1833-1916: Randolph B. Marcy to Abraham Lincoln, Thursday, October 24, 1861 (Military affairs)",http://www.loc.gov/item/mal1264200/,https://tile.loc.gov/image-services/iiif/service:mss:mal:126:1264200:001/full/pct:6.25/0/default.jpg#h=316&w=200
"Alexandria gazette (Alexandria, D.C.), April 13, 1844",http://www.loc.gov/item/sn85025007/1844-04-13/ed-1/,https://tile.loc.gov/image-services/iiif/service:ndnp:vi:batch_vi_bees_ver01:data:sn85025007:00414215749:1844041301:0215/full/pct:3.125/0/default.jpg#h=467&w=314
"Le messager (Lewiston, Me.), March 22, 1946",http://www.loc.gov/item/sn83045313/1946-03-22/ed-1/,https://tile.loc.gov/image-services/iiif/service:ndnp:me:batch_me_histoire_ver01:data:sn83045313:00542860960:1946032201:1008/full/pct:6.25/0/default.jpg#h=421&w=319
"The Shasta courier (Shasta, Calif.), March 31, 1866",http://www.loc.gov/item/sn82015099/1866-03-31/ed-1/,https://tile.loc.gov/image-services/iiif/service:ndnp:curiv:batch_curiv_knotgrass_ver01:data:sn82015099:00279556677:1866033101:0266/full/pct:6.25/0/default.jpg#h=465&w=337
"To Sinai via the Red Sea, Tor, and Wady Hebran. Precipice of Ras Safsaf",http://www.loc.gov/item/2019695757/,https://tile.loc.gov/image-services/iiif/service:gmd:gmd8:g8302:g8302s:ct001490/full/pct:12.5/0/default.jpg#h=352&w=267
"Mural depicting the heyday of U.S. 30, the ""Lincoln Highway,"" in Green River, Wyoming. The old highway still runs, often parallel to the high-speed Interstate Highway 80, in many parts of Wyoming",http://www.loc.gov/item/2017688018/,https://tile.loc.gov/image-services/iiif/service:pnp:highsm:38100:38126/full/pct:3.125/0/default.jpg#h=181&w=271
AMERICAN REMAINS,http://www.loc.gov/item/powmia/pwmaster_27652/,https://tile.loc.gov/image-services/iiif/public:gdcmassbookdig:angolacountrystu00coll_0:angolacountrystu00coll_0_0005/full/pct:6.25/0/default.jpg
"Manchester Democrat (Manchester, Iowa), April 24, 1918",http://www.loc.gov/item/sn84038306/1918-04-24/ed-1/,https://tile.loc.gov/image-services/iiif/service:ndnp:iahi:batch_iahi_clinton_ver01:data:sn84038306:00295875598:1918042401:0896/full/pct:3.125/0/default.jpg#h=277&w=202
"Pittsburg dispatch (Pittsburg [Pa.]), August 6, 1890",http://www.loc.gov/item/sn84024546/1890-08-06/ed-1/,https://tile.loc.gov/image-services/iiif/service:ndnp:pst:batch_pst_franco_ver01:data:sn84024546:00237280143:1890080601:0386/full/pct:6.25/0/default.jpg#h=450&w=368
"L'araldo = The Herald (Cleveland, Ohio), March 10, 1944",http://www.loc.gov/item/sn83035602/1944-03-10/ed-1/,https://tile.loc.gov/image-services/iiif/service:ndnp:ohi:batch_ohi_hagrid_ver01:data:sn83035602:00516993911:1944031001:0084/full/pct:6.25/0/default.jpg#h=326&w=216
"The Mena weekly star (Mena, Ark.), June 16, 1921",http://www.loc.gov/item/sn89051213/1921-06-16/ed-1/,https://tile.loc.gov/image-services/iiif/service:ndnp:arhi:batch_arhi_electabuzz_ver01:data:sn89051213:00414212700:1921061601:0957/full/pct:6.25/0/default.jpg#h=461&w=331
"Siebenbürgisch-Amerikanisches Volksblatt (Cleveland, Ohio), January 10, 1946",http://www.loc.gov/item/sn83035274/1946-01-10/ed-1/,https://tile.loc.gov/image-services/iiif/service:ndnp:ohi:batch_ohi_gatsby_ver01:data:sn83035274:00279555727:1946011001:0645/full/pct:3.125/0/default.jpg#h=281&w=223
"The central Presbyterian (Richmond, Va.), March 10, 1869",http://www.loc.gov/item/sn89053987/1869-03-10/ed-1/,https://tile.loc.gov/image-services/iiif/service:ndnp:vi:batch_vi_otters_ver02:data:sn89053987:00414184406:1869031001:0215/full/pct:3.125/0/default.jpg#h=362&w=262
"The Sentinel=record (Hot Springs, Ark.), November 19, 1913",http://www.loc.gov/item/sn89051285/1913-11-19/ed-1/,https://tile.loc.gov/image-services/iiif/service:ndnp:arhi:batch_arhi_fearow_ver01:data:sn89051285:00414212761:1913111901:0225/full/pct:6.25/0/default.jpg#h=452&w=341
"Code of Federal Regulations: Preparation Of A Roll To Serve As The Basis For The Distribution Of The Judgment Funds Awarded The Snake Or Paiute Indians Of The Former Malheur Reservation, 25 C.F.R. (1965)",http://www.loc.gov/item/cfr1965021-T25CIP43d/,https://tile.loc.gov/image-services/iiif/service:pnp:highsm:33800:33854/full/pct:3.125/0/default.jpg#h=260&w=183
"The weekly Thibodaux sentinel and journal of the 8th Senatorial District (Thibodaux, Lna. [i.e. La.]), March 30, 1878, (English)",http://www.loc.gov/item/sn88064492/1878-03-30/ed-1/,https://tile.loc.gov/image-services/iiif/service:ndnp:lu:batch_lu_flareon_ver01:data:sn88064492:00295874739:1878033001:0479/full/pct:6.25/0/default.jpg#h=468&w=337
"[Untitled photo, possibly related to: Front office of insurance company on South Side of Chicago, Illinois]",http://www.loc.gov/item/2017743650/,https://tile.loc.gov/image-services/iiif/service:ndnp:dlc:batch_dlc_bigstone_ver01:data:sn84025819:00220720457:1900012701:0001/full/pct:3.125/0/default.jpg#h=289&w=188
"Alexandria gazette (Alexandria, D.C.), March 7, 1851",http://www.loc.gov/item/sn85025007/1851-03-07/ed-1/,https://tile.loc.gov/image-services/iiif/service:ndnp:vi:batch_vi_crawdads_ver01:data:sn85025007:00414215853:1851030701:0480/full/pct:3.125/0/default.jpg#h=449&w=320
"The Seward gateway daily edition, and the Alaska weekly post (Seward, Alaska), March 13, 1919",http://www.loc.gov/item/sn87062016/1919-03-13/ed-1/,https://tile.loc.gov/image-services/iiif/service:ndnp:ak:batch_ak_harborseal_ver04:data:sn87062016:00279526107:1919031301:0047/full/pct:3.125/0/default.jpg#h=372&w=247
"Western liberal (Lordsburg, N.M.), June 16, 1916",http://www.loc.gov/item/sn92070405/1916-06-16/ed-1/,https://tile.loc.gov/image-services/iiif/service:ndnp:nmu:batch_nmu_barberry_ver04:data:sn92070405:00280774546:1916061601:0880/full/pct:6.25/0/default.jpg#h=394&w=287
"Seward daily gateway (Seward, Alaska), August 17, 1928",http://www.loc.gov/item/sn87062169/1928-08-17/ed-1/,https://tile.loc.gov/image-services/iiif/service:ndnp:ak:batch_ak_icelandgull_ver01:data:sn87062169:00514153991:1928081701:0116/full/pct:3.125/0/default.jpg#h=274&w=181
"The Tabor independent (Tabor, S.D.), September 5, 1918",http://www.loc.gov/item/sn99062018/1918-09-05/ed-1/,https://tile.loc.gov/image-services/iiif/service:ndnp:sdhi:batch_sdhi_carrot_ver02:data:sn99062018:00332899648:1918090501:0688/full/pct:3.125/0/default.jpg#h=282&w=201
"Paris, France. Courtyard of American Red Cross Hospital #3, Rue Chevreuse, Paris. This hospital is for officers, some of whom may be seen enjoying the fresh air",http://www.loc.gov/item/2017666378/,https://tile.loc.gov/image-services/iiif/service:sgp:sgpbatches:batch_dlc_argonne_ver03:data:20001931:print:1919041101:0001/full/pct:6.25/0/default.jpg#h=412&w=318
The effegies of Barbara the wife of John Michael,http://www.loc.gov/item/2003680672/,https://tile.loc.gov/image-services/iiif/service:gmd:gmd382:g3824:g3824p:pm008271/full/pct:12.5/0/default.jpg#h=1009&w=1401
"The weekly Oskaloosa herald (Oskaloosa, Iowa), June 6, 1878",http://www.loc.gov/item/sn84027329/1878-06-06/ed-1/,https://tile.loc.gov/image-services/iiif/service:ndnp:iahi:batch_iahi_celebi_ver01:data:sn84027329:00279528992:1878060601:0096/full/pct:3.125/0/default.jpg#h=389&w=312
"Rockport a port of delivery. February 7, 1884. -- Referred to the House Calendar and ordered to be printed",http://www.loc.gov/item/2024804122/,https://tile.loc.gov/image-services/iiif/service:ll:llserialsetce:02:25:3_:00:_0:0:02253_00_00:02253_00_00-250-0250-0000:0867/full/pct:12.5/0/default.jpg#h=435&w=268
"Vermont watchman and State journal (Montpelier, Vt.), October 5, 1866",http://www.loc.gov/item/sn84023200/1866-10-05/ed-1/,https://tile.loc.gov/image-services/iiif/service:ndnp:vtu:batch_vtu_graniteville_ver01:data:sn84023200:00280777651:1866100501:0166/full/pct:6.25/0/default.jpg#h=413&w=316
"Gazeta de Puerto-Rico (San Juan, P.R.), May 4, 1861",http://www.loc.gov/item/2013201074/1861-05-04/ed-1/,https://tile.loc.gov/image-services/iiif/service:ndnp:prru:batch_prru_bacalao_ver04:data:2013201074:00295865295:1861050401:0233/full/pct:6.25/0/default.jpg#h=465&w=294
"Art in the U.S. Capitol, Washington, D.C.",http://www.loc.gov/item/2011632267/,https://tile.loc.gov/image-services/iiif/service:pnp:highsm:14000:14073/full/pct:6.25/0/default.jpg#h=341&w=432
"Nord stern (La Crosse, Wis.), September 30, 1904",http://www.loc.gov/item/sn86086186/1904-09-30/ed-1/,https://tile.loc.gov/image-services/iiif/service:ndnp:whi:batch_whi_bowtruckle_ver02:data:sn86086186:00414215117:1904093001:0727/full/pct:3.125/0/default.jpg#h=278&w=205
"Clinch Valley news (Jeffersonville, Va.), December 24, 1954",http://www.loc.gov/item/sn85034357/1954-12-24/ed-1/,https://tile.loc.gov/image-services/iiif/service:ndnp:vi:batch_vi_fortis_ver01:data:sn85034357:00542867127:1954122401:0283/full/pct:6.25/0/default.jpg#h=407&w=307
"Clinch Valley news (Jeffersonville, Va.), October 13, 1922",http://www.loc.gov/item/sn85034357/1922-10-13/ed-1/,https://tile.loc.gov/image-services/iiif/service:ndnp:vi:batch_vi_fortis_ver01:data:sn85034357:00542867036:1922101301:0582/full/pct:6.25/0/default.jpg#h=408&w=305
"Richmond daily Whig (Richmond, Va.), October 10, 1856",http://www.loc.gov/item/sn84024656/1856-10-10/ed-1/,https://tile.loc.gov/image-services/iiif/service:ndnp:vi:batch_vi_balikun_ver01:data:sn84024656:00414184674:1856101001:0689/full/pct:3.125/0/default.jpg#h=268&w=211
"The Caledonian (St. Johnsbury, Vt.), May 25, 1860",http://www.loc.gov/item/sn84023252/1860-05-25/ed-1/,https://tile.loc.gov/image-services/iiif/service:ndnp:vtu:batch_vtu_londonderry_ver01:data:sn84023252:00200296230:1860052501:0296/full/pct:3.125/0/default.jpg#h=306&w=216
"Bridgeton pioneer (Bridgeton, N.J.), February 13, 1902",http://www.loc.gov/item/sn87068192/1902-02-13/ed-1/,https://tile.loc.gov/image-services/iiif/service:ndnp:njr:batch_njr_ketchup_ver01:data:sn87068192:00279529716:1902021301:0055/full/pct:6.25/0/default.jpg#h=421&w=283
"Dodge City times (Dodge City, Kan.), April 5, 1883",http://www.loc.gov/item/sn84029838/1883-04-05/ed-1/,https://tile.loc.gov/image-services/iiif/service:ndnp:khi:batch_khi_cessna_ver01:data:sn84029838:00237283090:1883040501:0097/full/pct:6.25/0/default.jpg#h=470&w=331
LOSS COORDINATES FOR SELECTED MIA PERSONNEL,http://www.loc.gov/item/powmia/pwmaster_45523/,https://tile.loc.gov/image-services/iiif/public:gdcmassbookdig:laoscountrystudy00sava_0:laoscountrystudy00sava_0_0005/full/pct:6.25/0/default.jpg
"United States Code: National Capital Transportation Program, 40 U.S.C. §§ 651-671 (Suppl. 3 1958).",http://www.loc.gov/item/uscode1958-018040013/,https://tile.loc.gov/image-services/iiif/service:ll:llhsp:llhsp_laws_01:00359/full/pct:6.25/0/default.jpg#h=237&w=316
"The Southern herald (Liberty, Miss.), May 30, 1919",http://www.loc.gov/item/sn87007277/1919-05-30/ed-1/,https://tile.loc.gov/image-services/iiif/service:ndnp:msar:batch_msar_lightningbolt_ver03:data:sn87007277:00415662427:1919053001:0994/full/pct:6.25/0/default.jpg#h=395&w=254
"Capital and Labor leaders at White House. Washington, D.C., Jan. 14. Shown leaving the White House after a conference with President Roosevelt, where they presented some recommendations for pulling the country out of the present business slump, were left to right; A.A. Berle, former Brain truster of the New Deal, Philip Murray, C.I.O. leader, John L. Lewis, C.I.O. chief, Owen D. Young, head of the General Electric Co. and Thomas W. Lamont, partner of J.P. Morgan, 1/14/38",http://www.loc.gov/item/2016878002/,https://tile.loc.gov/image-services/iiif/service:ndnp:ncu:batch_ncu_appling_ver02:data:sn96027351:00332891613:1868010101:0001/full/pct:3.125/0/default.jpg#h=298&w=203
"El fronterizo (Tucson, Ariz.), July 22, 1893",http://www.loc.gov/item/sn95070521/1893-07-22/ed-1/,https://tile.loc.gov/image-services/iiif/service:ndnp:az:batch_az_manzanita_ver01:data:sn95070521:00211104843:1893072201:0045/full/pct:6.25/0/default.jpg#h=460&w=382
Daddy's darling,http://www.loc.gov/item/2023793600/,https://tile.loc.gov/image-services/iiif/public:music:musihas-100007371:musihas-100007371.0001/full/pct:12.5/0/default.jpg
"FBIS CONCATENATED JPRS DAILY REPORTS, 1993 (CON'T)/U.S.-VIETNAM RELATIONS CONCERNING AMERICAN POW'S AND THE TRADE EMBARGO; SOVIET DOCUMENT DISCOVERED",http://www.loc.gov/item/powmia/pwmaster_113011/,https://tile.loc.gov/image-services/iiif/public:gdcmassbookdig:angolacountrystu00coll_0:angolacountrystu00coll_0_0005/full/pct:6.25/0/default.jpg
"Imperial Valley press (El Centro, Calif.), August 15, 1918",http://www.loc.gov/item/sn92070146/1918-08-15/ed-1/,https://tile.loc.gov/image-services/iiif/service:ndnp:curiv:batch_curiv_noblefir_ver01:data:sn92070146:0041418960A:1918081501:0651/full/pct:6.25/0/default.jpg#h=461&w=365
"Sports Illustrated, Sporting Look-Evening Fashions",http://www.loc.gov/item/2021710752/,https://tile.loc.gov/image-services/iiif/service:gdc:gdcscd:00:51:61:15:54:3:00516115543:0001/full/pct:12.5/0/default.jpg#h=350&w=252
"Abraham Lincoln papers: Series 1. General Correspondence. 1833-1916: Oliver P. Morton to Abraham Lincoln, Thursday, October 22, 1863 (Telegram recommending military promotion for John L. Wilder)",http://www.loc.gov/item/mal2741100/,https://tile.loc.gov/image-services/iiif/service:mss:mal:274:2741100:001/full/pct:6.25/0/default.jpg#h=381&w=297
"The daily tribune (Florence, Colo.), October 14, 1907",http://www.loc.gov/item/sn90051356/1907-10-14/ed-1/,https://tile.loc.gov/image-services/iiif/service:ndnp:cohi:batch_cohi_carson_ver01:data:sn90051356:0051368065A:1907101401:0553/full/pct:6.25/0/default.jpg#h=322&w=245
"Union County courier (Elk Point, Union County, D.T. [S.D.]), October 24, 1888",http://www.loc.gov/item/sn84022137/1888-10-24/ed-1/,https://tile.loc.gov/image-services/iiif/service:ndnp:sdhi:batch_sdhi_kauai_ver01:data:sn84022137:00279523581:1888102401:1156/full/pct:3.125/0/default.jpg#h=266&w=200
"The Portland daily press (Portland, Me.), April 15, 1902",http://www.loc.gov/item/sn83016025/1902-04-15/ed-1/,https://tile.loc.gov/image-services/iiif/service:ndnp:me:batch_me_jemptland_ver01:data:sn83016025:print:1902041501:0141/full/pct:6.25/0/default.jpg#h=392&w=319
"The Arkansas gazette (Arkansas Post, Ark. Ter.), March 18, 1829",http://www.loc.gov/item/sn82016482/1829-03-18/ed-1/,https://tile.loc.gov/image-services/iiif/service:ndnp:arhi:batch_arhi_fluorite_ver01:data:sn82016482:0051699065A:1829031801:0543/full/pct:6.25/0/default.jpg#h=446&w=276
"Two centuries of black American art : the Brooklyn Museum, June 25-September 5, 1977",http://www.loc.gov/item/2016649096/,https://tile.loc.gov/image-services/iiif/service:gdc:gdcscd:00:51:61:15:54:3:00516115543:0001/full/pct:12.5/0/default.jpg#h=350&w=252
"The Pacific commercial advertiser (Honolulu, Hawaiian Islands), November 9, 1886",http://www.loc.gov/item/sn85047084/1886-11-09/ed-1/,https://tile.loc.gov/image-services/iiif/service:ndnp:hihouml:batch_hihouml_brutus_ver02:data:sn85047084:00202195453:1886110901:0454/full/pct:3.125/0/default.jpg#h=309&w=245
"Union Square, San Francisco, California",http://www.loc.gov/item/2013630152/,https://tile.loc.gov/image-services/iiif/service:pnp:highsm:20700:20724/full/pct:6.25/0/default.jpg#h=460&w=307
Martha,http://www.loc.gov/item/2003654108/,https://tile.loc.gov/image-services/iiif/service:gmd:gmd382:g3824:g3824p:pm008271/full/pct:12.5/0/default.jpg#h=1009&w=1401
"Alexandria gazette (Alexandria, D.C.), October 29, 1885",http://www.loc.gov/item/sn85025007/1885-10-29/ed-1/,https://tile.loc.gov/image-services/iiif/service:ndnp:vi:batch_vi_hilfiger_ver01:data:sn85025007:00415663936:1885102901:0317/full/pct:3.125/0/default.jpg#h=303&w=202
"Code of Federal Regulations: Standards Of Conduct, 13 C.F.R. (1995)",http://www.loc.gov/item/cfr1995041-T13CIP105/,https://tile.loc.gov/image-services/iiif/service:ll:llhsp:llhsp_laws_04:00581/full/pct:6.25/0/default.jpg#h=253&w=332
"The Detroit times (Detroit, Mich.), January 6, 1915, (AFTERNOON EDITION)",http://www.loc.gov/item/sn83016689/1915-01-06/ed-1/,https://tile.loc.gov/image-services/iiif/service:ndnp:mimtptc:batch_mimtptc_ingalls_ver01:data:sn83016689:00279552052:1915010601:0854/full/pct:3.125/0/default.jpg#h=328&w=233
"Beauty, health and complexion",http://www.loc.gov/item/08007258/,https://tile.loc.gov/image-services/iiif/public:gdcmassbookdig:beautyhealthcomp00madi:beautyhealthcomp00madi_0007/full/pct:12.5/0/default.jpg
"The commonwealth (Scotland Neck, N.C.), August 12, 1919, (FOUR O'CLOCK EDITION)",http://www.loc.gov/item/sn92073908/1919-08-12/ed-1/,https://tile.loc.gov/image-services/iiif/service:ndnp:ncu:batch_ncu_mitchell_ver01:data:sn92073908:00416156566:1919081201:0307/full/pct:3.125/0/default.jpg#h=290&w=205
"Food vendors have replaced PPE vendors, Roosevelt Ave. at 82nd St., Queens",http://www.loc.gov/item/2020633406/,https://tile.loc.gov/image-services/iiif/service:gmd:gmd380:g3804:g3804n:la002021/full/pct:12.5/0/default.jpg#h=1404&w=1811
"Seward daily gateway (Seward, Alaska), July 9, 1914",http://www.loc.gov/item/2017218598/1914-07-09/ed-1/,https://tile.loc.gov/image-services/iiif/service:ndnp:ak:batch_ak_harborseal_ver04:data:2017218598:00279525796:1914070901:0183/full/pct:3.125/0/default.jpg#h=406&w=267
"The Forrest City times (Forrest City, Ark.), June 22, 1900",http://www.loc.gov/item/sn84022960/1900-06-22/ed-1/,https://tile.loc.gov/image-services/iiif/service:ndnp:arhi:batch_arhi_alakazam_ver01:data:sn84022960:00414212037:1900062201:0980/full/pct:6.25/0/default.jpg#h=460&w=304
"The New Hampshire gazette (Portsmouth [N.H.]), August 17, 1830",http://www.loc.gov/item/sn83025588/1830-08-17/ed-1/,https://tile.loc.gov/image-services/iiif/service:ndnp:nhd:batch_nhd_avalon_ver02:data:sn83025588:00517015167:1830081701:0338/full/pct:3.125/0/default.jpg#h=305&w=205
"[Andrew Purviance Hazlehurst, head-and-shoulders portrait, right profile]",http://www.loc.gov/item/2007675974/,https://tile.loc.gov/image-services/iiif/service:gdc:gdcwdl:wd:l_:15:50:3:wdl_15503:F0000001/full/pct:12.5/0/default.jpg
"U.S. Reports: United States v. Vallejo, 68 U.S. (1 Wall.) 658 (1864).",http://www.loc.gov/item/usrep068658/,https://tile.loc.gov/image-services/iiif/service:ll:llserialsetce:01:82:5_:00:_0:0:01825_00_00:01825_00_00-111-0811-0000:0972/full/pct:12.5/0/default.jpg#h=425&w=267
"Cabrillo statue, San Diego, California",http://www.loc.gov/item/2011630972/,https://tile.loc.gov/image-services/iiif/service:pnp:highsm:12700:12778/full/pct:6.25/0/default.jpg#h=266&w=211
"To increase pensions to those who have lost limbs or have been totally disabled or have become totally blind. March 9 (calendar day, March 10), 1926. -- Ordered to be printed",http://www.loc.gov/item/2022694272/,https://tile.loc.gov/image-services/iiif/service:ll:llserialsetce:08:52:4_:00:_0:0:08524_00_00:08524_00_00-190-0321-0000:0645/full/pct:12.5/0/default.jpg#h=461&w=285
"Code of Federal Regulations: Desert Land Entries, 43 C.F.R. (1977)",http://www.loc.gov/item/cfr1977118-T43CIIP2520/,https://tile.loc.gov/image-services/iiif/service:ll:llhsp:llhsp_laws_01:00359/full/pct:6.25/0/default.jpg#h=237&w=316
[Urban complex (Beirut)],http://www.loc.gov/item/2023672269/,https://tile.loc.gov/image-services/iiif/service:gdc:gdcwdl:wd:l_:12:92:9:wdl_12929:47860007-0006/full/pct:6.25/0/default.jpg
NARRATIVE,http://www.loc.gov/item/powmia/pwmaster_55958/,https://tile.loc.gov/image-services/iiif/public:gdcmassbookdig:angolacountrystu00coll_0:angolacountrystu00coll_0_0005/full/pct:6.25/0/default.jpg
"La sentinella = The sentinel (Bridgeport, Conn.), June 15, 1929",http://www.loc.gov/item/sn84020351/1929-06-15/ed-1/,https://tile.loc.gov/image-services/iiif/service:ndnp:ct:batch_ct_clash_ver01:data:sn84020351:00414219482:1929061501:0167/full/pct:3.125/0/default.jpg#h=282&w=227
Bowling.,http://www.loc.gov/item/05029320/,https://tile.loc.gov/image-services/iiif/public:gdcmassbookdig:bowling01voge:bowling01voge_0005/full/pct:12.5/0/default.jpg
NO CAPTION,http://www.loc.gov/item/2016854389/,https://tile.loc.gov/image-services/iiif/service:ndnp:ncu:batch_ncu_appling_ver02:data:sn96027351:00332891613:1868010101:0001/full/pct:3.125/0/default.jpg#h=298&w=203
"The theocrat (Zion City [i.e. Zion], Ill.), November 12, 1947",http://www.loc.gov/item/sn94054571/1947-11-12/ed-1/,https://tile.loc.gov/image-services/iiif/service:ndnp:iune:batch_iune_cinnabar_ver01:data:sn94054571:00332897950:1947111201:0473/full/pct:6.25/0/default.jpg#h=406&w=285
"The Lexington dispatch (Lexington, South Carolina), August 17, 1887",http://www.loc.gov/item/sn84026907/1887-08-17/ed-1/,https://tile.loc.gov/image-services/iiif/service:ndnp:scu:batch_scu_bogoff_ver01:data:sn84026907:00295862397:1887081701:0007/full/pct:3.125/0/default.jpg#h=408&w=278
"New-Haven daily herald (New Haven, Conn.), September 13, 1844",http://www.loc.gov/item/sn82015816/1844-09-13/ed-1/,https://tile.loc.gov/image-services/iiif/service:ndnp:ct:batch_ct_energytonic_ver01:data:sn82015816:00516995622:1844091301:0233/full/pct:6.25/0/default.jpg#h=452&w=326
"The Colfax chronicle (Colfax, Grant Parish, La.), November 21, 1914",http://www.loc.gov/item/sn88064176/1914-11-21/ed-1/,https://tile.loc.gov/image-services/iiif/service:ndnp:lu:batch_lu_magneto_ver01:data:sn88064176:00280761941:1914112101:0212/full/pct:6.25/0/default.jpg#h=454&w=313
[Detail of silver hunting knife and scabbard made for Theodore Roosevelt by Tiffany's in 1884],http://www.loc.gov/item/2002723991/,https://tile.loc.gov/image-services/iiif/service:gdc:gdcscd:00:51:61:15:54:3:00516115543:0001/full/pct:12.5/0/default.jpg#h=350&w=252
"Passaic City record (Passaic City, N.J.), March 2, 1901",http://www.loc.gov/item/sn85035722/1901-03-02/ed-1/,https://tile.loc.gov/image-services/iiif/service:ndnp:njr:batch_njr_deal_ver01:data:sn85035722:0051368521A:1901030201:0483/full/pct:6.25/0/default.jpg#h=385&w=286
"The news & observer (Raleigh, N.C.), April 25, 1903",http://www.loc.gov/item/sn85042104/1903-04-25/ed-1/,https://tile.loc.gov/image-services/iiif/service:ndnp:ncu:batch_ncu_hamm_ver01:data:sn85042104:00332892289:1903042501:0545/full/pct:3.125/0/default.jpg#h=266&w=203
"The Newark star and Newark advertiser (Newark, N.J.), May 7, 1909, (LAST EDITION)",http://www.loc.gov/item/sn91064010/1909-05-07/ed-1/,https://tile.loc.gov/image-services/iiif/service:ndnp:njr:batch_njr_bacala_ver01:data:sn91064010:00332896027:1909050701:0076/full/pct:6.25/0/default.jpg#h=431&w=314
"Carson City daily appeal (Carson City, Nev.), June 27, 1911",http://www.loc.gov/item/sn86076241/1911-06-27/ed-1/,https://tile.loc.gov/image-services/iiif/service:ndnp:nvln:batch_nvln_idlewild_ver01:data:sn86076241:00271764017:1911062701:0542/full/pct:6.25/0/default.jpg#h=477&w=338
"American telegraph (Washington [D.C.]), September 18, 1851",http://www.loc.gov/item/sn82014594/1851-09-18/ed-1/,https://tile.loc.gov/image-services/iiif/service:ndnp:dlc:batch_dlc_alicanto_ver02:data:sn82014594:00415661046:1851091801:0650/full/pct:3.125/0/default.jpg#h=267&w=191
"The Logan Republican (Logan, Utah), April 25, 1911",http://www.loc.gov/item/sn85058246/1911-04-25/ed-1/,https://tile.loc.gov/image-services/iiif/service:ndnp:uuml:batch_uuml_basso_ver01:data:sn85058246:00206536329:1911042501:0382/full/pct:6.25/0/default.jpg#h=379&w=276
Haiyang Xian zhi : ba juan,http://www.loc.gov/item/2011457265/,https://tile.loc.gov/image-services/iiif/service:asian:lcnclscd:2011457265:0A000:00001a/full/pct:12.5/0/default.jpg
"The times-news (Hendersonville, N.C.), April 2, 1938",http://www.loc.gov/item/sn86063811/1938-04-02/ed-1/,https://tile.loc.gov/image-services/iiif/service:ndnp:ncu:batch_ncu_endive_ver02:data:sn86063811:00279558406:1938040201:0015/full/pct:3.125/0/default.jpg#h=296&w=211
"The Milwaukee leader (Milwaukee, Wis.), February 13, 1928, (Mail Edition)",http://www.loc.gov/item/sn83045293/1928-02-13/ed-1/,https://tile.loc.gov/image-services/iiif/service:ndnp:whi:batch_whi_havarti_ver01:data:sn83045293:00542868843:1928021301:0409/full/pct:3.125/0/default.jpg#h=302&w=221
[Vogue - Ski Houses],http://www.loc.gov/item/2021752894/,https://tile.loc.gov/image-services/iiif/service:ndnp:dlc:batch_dlc_kingman_ver01:data:sn83025514:00220720457:1900012701:0001/full/pct:3.125/0/default.jpg#h=278&w=182
Any rags,http://www.loc.gov/item/2023791265/,https://tile.loc.gov/image-services/iiif/public:music:musihas-100004483:musihas-100004483.0001/full/pct:12.5/0/default.jpg
"The Anaconda standard (Anaconda, Mont.), November 2, 1898, (Morning)",http://www.loc.gov/item/sn84036012/1898-11-02/ed-1/,https://tile.loc.gov/image-services/iiif/service:ndnp:mthi:batch_mthi_avocet_ver01:data:sn84036012:00294550185:1898110201:0426/full/pct:6.25/0/default.jpg#h=431&w=343
Thomas Dugan Moye Collection,http://www.loc.gov/item/afc2001001.69140/,https://tile.loc.gov/streaming-services/iiif/service:vhp:0691:069140:afc2001001_069140_sr0001001/info.json
"Jamestown weekly alert (Jamestown, Stutsman County, D.T. [N.D.]), April 29, 1886",http://www.loc.gov/item/sn85042405/1886-04-29/ed-1/,https://tile.loc.gov/image-services/iiif/service:ndnp:ndhi:batch_ndhi_hazen_ver01:data:sn85042405:00212478714:1886042901:1024/full/pct:3.125/0/default.jpg#h=296&w=217
"Van Nuyse-Magaw House, 1041 East Twenty-second Street, Brooklyn, Kings County, NY",http://www.loc.gov/item/ny0250/,https://tile.loc.gov/image-services/iiif/service:gmd:gmd380m:g3804m:g3804nm:gla00188:ca000001/full/pct:12.5/0/default.jpg#h=816&w=604
"Christopher Fry to Lars Schmidt, 19 February 1951",http://www.loc.gov/item/2023860212/,https://tile.loc.gov/image-services/iiif/public:music:muslarsschmidt-200221572:muslarsschmidt-200221572.0001/full/pct:12.5/0/default.jpg
"Weekly Phoenix herald (Phoenix, Maricopa County, Ariz. Territory [Ariz.]), December 8, 1882",http://www.loc.gov/item/sn83025459/1882-12-08/ed-1/,https://tile.loc.gov/image-services/iiif/service:ndnp:az:batch_az_deserttortoise_ver01:data:sn83025459:00202196299:1882120801:0059/full/pct:6.25/0/default.jpg#h=464&w=389
Cohen telephones from Brighton,http://www.loc.gov/item/jukebox-711909/,https://tile.loc.gov/image-services/iiif/service:mbrsrs:mbrsjukebox:ucsb_col_a1885_01_29517_02:ucsb_col_a1885_01_29517_02/full/pct:12.5/0/default.jpg#h=316&w=316
"The Columbus journal (Columbus, Neb.), February 12, 1890",http://www.loc.gov/item/sn95073194/1890-02-12/ed-1/,https://tile.loc.gov/image-services/iiif/service:ndnp:nbu:batch_nbu_abbott_ver01:data:sn95073194:00206539264:1890021201:0310/full/pct:3.125/0/default.jpg#h=298&w=231
"Jamestown weekly alert (Jamestown, Stutsman County, D.T. [N.D.]), March 2, 1899",http://www.loc.gov/item/sn85042405/1899-03-02/ed-1/,https://tile.loc.gov/image-services/iiif/service:ndnp:ndhi:batch_ndhi_inkster_ver02:data:sn85042405:00212478763:1899030201:0075/full/pct:3.125/0/default.jpg#h=272&w=190
"The Breckenridge news (Cloverport, Ky.), June 16, 1909",http://www.loc.gov/item/sn86069309/1909-06-16/ed-1/,https://tile.loc.gov/image-services/iiif/service:ndnp:kyu:batch_kyu_kinks_ver01:data:sn86069309:00175045211:1909061601:0175/full/pct:6.25/0/default.jpg#h=463&w=325
"The Official Gazette of Romania. Part I. Laws, Decrees, Decisions, and Other Acts; Anul 190, No. 989",http://www.loc.gov/item/90656367_20221012_02/,https://tile.loc.gov/image-services/iiif/service:ll:llflg:90:65:63:67:_2:02:21:01:2_:02:90656367_20221012_02:0001/full/pct:12.5/0/default.jpg#h=462&w=352
[Trademark registration by J. Loughrey for Soaplets brand Powdered or Granulated Soap],http://www.loc.gov/item/2022674616/,https://tile.loc.gov/image-services/iiif/service:gdc:gdcscd:00:51:61:15:54:3:00516115543:0001/full/pct:12.5/0/default.jpg#h=350&w=252
"The Breckenridge news (Cloverport, Ky.), November 17, 1897",http://www.loc.gov/item/sn86069309/1897-11-17/ed-1/,https://tile.loc.gov/image-services/iiif/service:ndnp:kyu:batch_kyu_airplane_ver01:data:sn86069309:00100481728:1897111701:0914/full/pct:6.25/0/default.jpg#h=436&w=337
Organization and list of publications of the Virginia historical society.,http://www.loc.gov/item/43039881/,https://tile.loc.gov/image-services/iiif/public:gdcmassbookdig:organizationlist00virg:organizationlist00virg_0003/full/pct:12.5/0/default.jpg
"Wilmington daily gazette (Wilmington, Del.), February 19, 1874",http://www.loc.gov/item/sn84026837/1874-02-19/ed-1/,https://tile.loc.gov/image-services/iiif/service:ndnp:deu:batch_deu_accio_ver01:data:sn84026837:00271740372:1874021901:0188/full/pct:6.25/0/default.jpg#h=376&w=246
"Atlanta Georgian (Atlanta, Ga.), June 3, 1914, (Extra)",http://www.loc.gov/item/sn89053729/1914-06-03/ed-1/,https://tile.loc.gov/image-services/iiif/service:ndnp:gu:batch_gu_iggy_ver01:data:sn89053729:00517010546:1914060301:0389/full/pct:6.25/0/default.jpg#h=506&w=419
"The St. Lucie County tribune (Fort Pierce, St. Lucie County, Fla.), March 1, 1907",http://www.loc.gov/item/sn89058426/1907-03-01/ed-1/,https://tile.loc.gov/image-services/iiif/service:ndnp:fu:batch_fu_six_ver01:data:sn89058426:00175042477:1907030101:0679/full/pct:6.25/0/default.jpg#h=458&w=270
"Clinch Valley news (Jeffersonville, Va.), November 19, 1915",http://www.loc.gov/item/sn85034357/1915-11-19/ed-1/,https://tile.loc.gov/image-services/iiif/service:ndnp:vi:batch_vi_mauve_ver04:data:sn85034357:00175033919:1915111901:1017/full/pct:6.25/0/default.jpg#h=419&w=315
"The independent (Elizabeth City, N.C.), November 23, 1923",http://www.loc.gov/item/sn83025812/1923-11-23/ed-1/,https://tile.loc.gov/image-services/iiif/service:ndnp:ncu:batch_ncu_apple_ver01:data:sn83025812:00416156219:1923112301:0463/full/pct:3.125/0/default.jpg#h=258&w=189
"The national Republican (Washington City [D.C.]), April 4, 1866",http://www.loc.gov/item/sn86053571/1866-04-04/ed-1/,https://tile.loc.gov/image-services/iiif/service:ndnp:dlc:batch_dlc_hawaiian_ver01:data:sn86053571:00237288968:1866040401:0331/full/pct:6.25/0/default.jpg#h=341&w=273
"Evening public ledger (Philadelphia [Pa.]), August 24, 1917, (Final)",http://www.loc.gov/item/sn83045211/1917-08-24/ed-1/,https://tile.loc.gov/image-services/iiif/service:ndnp:pst:batch_pst_davey_ver01:data:sn83045211:0023728768A:1917082401:0549/full/pct:6.25/0/default.jpg#h=431&w=321
"Washington's Statue, Public Gardens, Boston",http://www.loc.gov/item/2025667625/,https://tile.loc.gov/image-services/iiif/service:sgp:sgpbatches:misctop:batch_dlc_misctopjod_ver01:data:sn83021194:print:1774070702:0001/full/pct:6.25/0/default.jpg#h=455&w=305
"Evening star (Washington, D.C.), February 3, 1918",http://www.loc.gov/item/sn83045462/1918-02-03/ed-1/,https://tile.loc.gov/image-services/iiif/service:ndnp:dlc:batch_dlc_gonzo_ver01:data:sn83045462:00280658340:1918020301:0007/full/pct:6.25/0/default.jpg#h=407&w=325
"The Houston daily post (Houston, Tex.), January 21, 1899, (MAILABLE EDITION)",http://www.loc.gov/item/sn86071197/1899-01-21/ed-1/,https://tile.loc.gov/image-services/iiif/service:ndnp:txdn:batch_txdn_argentina_ver01:data:sn86071197:0017503495A:1899012101:1029/full/pct:6.25/0/default.jpg#h=424&w=311
"The Opelousas courier (Opelousas, La.), July 13, 1867, (English)",http://www.loc.gov/item/sn83026389/1867-07-13/ed-2/,https://tile.loc.gov/image-services/iiif/service:ndnp:lu:batch_lu_lenin_ver01:data:sn83026389:00212475075:1867071302:0435/full/pct:6.25/0/default.jpg#h=469&w=334
"Code of Federal Regulations: Standards For Payment For Skilled Nursing And Intermediate Care Facility Services, 42 C.F.R. (1986)",http://www.loc.gov/item/cfr1986137-T42CIVP442/,https://tile.loc.gov/image-services/iiif/service:ll:llhsp:llhsp_laws_02:00359/full/pct:12.5/0/default.jpg#h=464&w=342
"Deseret evening news (Great Salt Lake City [Utah]), June 11, 1908, (Last Edition)",http://www.loc.gov/item/sn83045555/1908-06-11/ed-1/,https://tile.loc.gov/image-services/iiif/service:ndnp:uuml:batch_uuml_eleven_ver01:data:sn83045555:00175049113:1908061101:0494/full/pct:6.25/0/default.jpg#h=413&w=303
"The Monett times (Monett, Mo.), February 13, 1920, (WEEKLY EDITION)",http://www.loc.gov/item/sn90061308/1920-02-13/ed-1/,https://tile.loc.gov/image-services/iiif/service:ndnp:mohi:batch_mohi_dagwood_ver01:data:sn90061308:00294555845:1920021301:0490/full/pct:6.25/0/default.jpg#h=403&w=284
"Idaho County free press (Grangeville, Idaho Territory), October 12, 1888",http://www.loc.gov/item/sn86091100/1888-10-12/ed-1/,https://tile.loc.gov/image-services/iiif/service:ndnp:idhi:batch_idhi_cornwell_ver02:data:sn86091100:00415666123:1888101201:0490/full/pct:6.25/0/default.jpg#h=429&w=300
"Evening star (Washington, D.C.), September 12, 1933",http://www.loc.gov/item/sn83045462/1933-09-12/ed-1/,https://tile.loc.gov/image-services/iiif/service:ndnp:dlc:batch_dlc_1duchamp_ver01:data:sn83045462:00280601287:1933091201:0151/full/pct:6.25/0/default.jpg#h=486&w=364
"The Brunswick daily news (Brunswick, Ga.), October 13, 1904",http://www.loc.gov/item/sn90052142/1904-10-13/ed-1/,https://tile.loc.gov/image-services/iiif/service:ndnp:gu:batch_gu_javert_ver01:data:sn90052142:00414182549:1904101301:0805/full/pct:3.125/0/default.jpg#h=278&w=208
"Delaware Water Gap National Recreation Area, New Jersey and Pennsylvania",http://www.loc.gov/item/2012585541/,https://tile.loc.gov/image-services/iiif/service:gmd:gmd381:g3812:g3812d:ct006776/full/pct:12.5/0/default.jpg#h=892&w=655
"Orbis vetus et orbis veteris utraque continens, terrarumq[ue] tractus arcticus et antarticus ex Platone, Theopompo sive Aeliano, Manilio &tc.",http://www.loc.gov/item/2017585676/,https://tile.loc.gov/image-services/iiif/service:gmd:gmd3:g3200:g3200:ct009337/full/pct:12.5/0/default.jpg#h=751&w=924
"U.S. Reports: The United States v. McLemore, 45 U.S. (4 How.) 286 (1846).",http://www.loc.gov/item/usrep045286/,https://tile.loc.gov/image-services/iiif/service:ll:llserialsetce:04:24:1_:00:_0:0:04241_00_00:04241_00_00-018-0321-0000:0440/full/pct:12.5/0/default.jpg#h=433&w=268
"The citizen=times (Scottsville, Ky.), September 1, 1921",http://www.loc.gov/item/sn86069484/1921-09-01/ed-1/,https://tile.loc.gov/image-services/iiif/service:ndnp:kyu:batch_kyu_elkhound_ver01:data:sn86069484:00516998064:1921090101:0145/full/pct:6.25/0/default.jpg#h=427&w=343
"Willmar tribune (Willmar, Minn.), October 31, 1906",http://www.loc.gov/item/sn89081022/1906-10-31/ed-1/,https://tile.loc.gov/image-services/iiif/service:ndnp:mnhi:batch_mnhi_ford_ver01:data:sn89081022:00212472621:1906103101:0357/full/pct:3.125/0/default.jpg#h=301&w=252
Valencia. Tros Alt,http://www.loc.gov/item/94512229/,https://tile.loc.gov/image-services/iiif/service:gdc:gdcwdl:wd:l_:07:32:9:wdl_07329:catespana_1566_2/full/pct:6.25/0/default.jpg
"Tulsa daily world (Tulsa, Indian Territory [Okla.]), May 25, 1916, (MORNING EDITION)",http://www.loc.gov/item/sn85042344/1916-05-25/ed-1/,https://tile.loc.gov/image-services/iiif/service:ndnp:okhi:batch_okhi_caddo_ver01:data:sn85042344:00200295006:1916052501:0002/full/pct:6.25/0/default.jpg#h=392&w=298
"Evening star (Washington, D.C.), October 27, 1907",http://www.loc.gov/item/sn83045462/1907-10-27/ed-1/,https://tile.loc.gov/image-services/iiif/service:ndnp:dlc:batch_dlc_weimaraner_ver02:data:sn83045462:00280656185:1907102701:0007/full/pct:6.25/0/default.jpg#h=474&w=342
"Constitutional Whig (Richmond, Va.), August 14, 1829",http://www.loc.gov/item/sn83045110/1829-08-14/ed-1/,https://tile.loc.gov/image-services/iiif/service:ndnp:vi:batch_vi_naturals_ver01:data:sn83045110:00414184315:1829081401:0227/full/pct:3.125/0/default.jpg#h=258&w=199
"The daily record (Dunn, N.C.), January 11, 1955",http://www.loc.gov/item/sn88063132/1955-01-11/ed-1/,https://tile.loc.gov/image-services/iiif/service:ndnp:ncu:batch_ncu_broadwick_ver01:data:sn88063132:00332891534:1955011101:0235/full/pct:6.25/0/default.jpg#h=377&w=298
"Boletín mercantil de Puerto Rico (San Juan, P.R.), August 30, 1893",http://www.loc.gov/item/sn91099739/1893-08-30/ed-1/,https://tile.loc.gov/image-services/iiif/service:ndnp:prru:batch_prru_benito_ver01:data:sn91099739:00271766063:1893083001:0401/full/pct:3.125/0/default.jpg#h=297&w=221
"Chariton courier (Keytesville, Chariton County, Mo.), July 1, 1921",http://www.loc.gov/item/sn88068010/1921-07-01/ed-1/,https://tile.loc.gov/image-services/iiif/service:ndnp:mohi:batch_mohi_beetlebailey_ver01:data:sn88068010:0029455614A:1921070101:0206/full/pct:6.25/0/default.jpg#h=400&w=276
"Pawtucket tribune (Pawtucket, R.I.), May 14, 1894",http://www.loc.gov/item/sn92064071/1894-05-14/ed-1/,https://tile.loc.gov/image-services/iiif/service:ndnp:rp:batch_rp_deathkiss_ver01:data:sn92064071:00514153735:1894051401:0814/full/pct:3.125/0/default.jpg#h=272&w=233
"National American Woman Suffrage Association Records: General Correspondence, 1839-1961; Greene, Caroline B.",http://www.loc.gov/item/mss3413200449/,https://tile.loc.gov/image-services/iiif/service:mss:mss34132:mss34132-009:00102/full/pct:12.5/0/default.jpg#h=238&w=359
"The weekly Columbian (Columbia, Tuolumne Co., Cal.), January 3, 1857",http://www.loc.gov/item/sn84038768/1857-01-03/ed-1/,https://tile.loc.gov/image-services/iiif/service:ndnp:curiv:batch_curiv_knotgrass_ver01:data:sn84038768:00279556719:1857010301:0080/full/pct:3.125/0/default.jpg#h=274&w=186
[Trademark registration by Samuel Cupples Wooden Ware Company for Keystone brand Wrapping Paper],http://www.loc.gov/item/2024652969/,https://tile.loc.gov/image-services/iiif/service:gdc:gdcscd:00:51:61:15:54:3:00516115543:0001/full/pct:12.5/0/default.jpg#h=350&w=252
"In the Senate of the United States. April 13, 1886. -- Ordered to be printed. Mr. Sewell, from the Committee on Pensions, submitted the following report. (To accompany Bill H.R. 1567.) The Committee on Pensions, to whom was referred the Bill (H.R. 1567) granting a pension to Philip Jacobs, have examined the same, and report as follows",http://www.loc.gov/item/2024805621/,https://tile.loc.gov/image-services/iiif/service:ll:llserialsetce:02:35:9_:00:_0:0:02359_00_00:02359_00_00-106-0497-0000:0325/full/pct:12.5/0/default.jpg#h=431&w=272
"Sanborn Fire Insurance Map from Saint Joseph, Buchanan County, Missouri.",http://www.loc.gov/item/sanborn04857_005/,https://tile.loc.gov/image-services/iiif/service:gmd:gmd416m:g4164m:g4164sm:g4164sm_g04857191101:04857_01_1911-titl/full/pct:12.5/0/default.jpg#h=959&w=801
"Alexandria daily gazette, commercial & political (Alexandria [Va.]), September 18, 1810",http://www.loc.gov/item/sn84024013/1810-09-18/ed-1/,https://tile.loc.gov/image-services/iiif/service:ndnp:vi:batch_vi_flyingsquirrels_ver03:data:sn84024013:00414216122:1810091801:0267/full/pct:3.125/0/default.jpg#h=345&w=201
"Gas pump, Joplin, Montana",http://www.loc.gov/item/2017704238/,https://tile.loc.gov/image-services/iiif/service:ndnp:dlc:batch_dlc_kingman_ver01:data:sn83025516:00220720457:1900012701:0001/full/pct:3.125/0/default.jpg#h=277&w=181
"Arizona tribune (Phoenix, Ariz.), November 23, 1962",http://www.loc.gov/item/sn84021918/1962-11-23/ed-1/,https://tile.loc.gov/image-services/iiif/service:ndnp:az:batch_az_campfiregoneout_ver03:data:sn84021918:00414216948:1962112301:0405/full/pct:6.25/0/default.jpg#h=459&w=303
"Moore's history of the States, united and otherwise,",http://www.loc.gov/item/09029647/,https://tile.loc.gov/image-services/iiif/public:gdcmassbookdig:mooreshistoryofs00moor:mooreshistoryofs00moor_0009/full/pct:12.5/0/default.jpg
"The Opelousas courier (Opelousas, La.), February 16, 1901",http://www.loc.gov/item/sn83026389/1901-02-16/ed-1/,https://tile.loc.gov/image-services/iiif/service:ndnp:lu:batch_lu_moloney_ver01:data:sn83026389:0021247499A:1901021601:0233/full/pct:3.125/0/default.jpg#h=261&w=184
"The Buchanan County guardian (Independence, Buchanan County, Iowa), January 21, 1862",http://www.loc.gov/item/sn87058348/1862-01-21/ed-1/,https://tile.loc.gov/image-services/iiif/service:ndnp:iahi:batch_iahi_electabuzz_ver01:data:sn87058348:00279529376:1862012101:0747/full/pct:3.125/0/default.jpg#h=291&w=225
"Detroiter Abend-Post (Detroit [Mich.]), March 8, 1916",http://www.loc.gov/item/sn96076572/1916-03-08/ed-1/,https://tile.loc.gov/image-services/iiif/service:ndnp:mimtptc:batch_mimtptc_grant_ver01:data:sn96076572:00415669744:1916030801:0106/full/pct:3.125/0/default.jpg#h=260&w=197
[Image from LOOK - Job 55-3711 titled Gloria Vanderbilt],http://www.loc.gov/item/2021682146/,https://tile.loc.gov/image-services/iiif/public:gdcmassbookdig:restaurantfacili00unit:restaurantfacili00unit_0005/full/pct:25.0/0/default.jpg#h=908&w=614
"The Richmond palladium and sun-telegram (Richmond, Ind.), February 12, 1916, (HOME EDITION)",http://www.loc.gov/item/sn86058226/1916-02-12/ed-1/,https://tile.loc.gov/image-services/iiif/service:ndnp:in:batch_in_fuzzyvandivier_ver01:data:sn86058226:00271745102:1916021201:0132/full/pct:6.25/0/default.jpg#h=470&w=354
"Casper daily tribune (Casper, Wyo.), July 25, 1921",http://www.loc.gov/item/sn86072160/1921-07-25/ed-1/,https://tile.loc.gov/image-services/iiif/service:ndnp:wyu:batch_wyu_greybull_ver01:data:sn86072160:00514150370:1921072501:0788/full/pct:6.25/0/default.jpg#h=298&w=253
"Lincoln County leader (Toledo, Lincoln County, Or.), July 9, 1909",http://www.loc.gov/item/sn85033162/1909-07-09/ed-1/,https://tile.loc.gov/image-services/iiif/service:ndnp:oru:batch_oru_flycatcher_ver01:data:sn85033162:00200298548:1909070901:0637/full/pct:6.25/0/default.jpg#h=396&w=252
The girl in the picture; a play in two acts,http://www.loc.gov/item/14020543/,https://tile.loc.gov/image-services/iiif/public:gdcmassbookdig:girlinpicturepla00shaw:girlinpicturepla00shaw_0007/full/pct:12.5/0/default.jpg
"Mansfield mirror (Mansfield, Wright County, Mo.), January 27, 1921",http://www.loc.gov/item/sn89066901/1921-01-27/ed-1/,https://tile.loc.gov/image-services/iiif/service:ndnp:mohi:batch_mohi_eeyore_ver01:data:sn89066901:00294556199:1921012701:0654/full/pct:6.25/0/default.jpg#h=405&w=290
"Sanborn Fire Insurance Map from Fort Madison, Lee County, Iowa.",http://www.loc.gov/item/sanborn02663_003/,https://tile.loc.gov/image-services/iiif/service:gmd:gmd415m:g4154m:g4154fm:g026631894:02663_1894-0001/full/pct:12.5/0/default.jpg#h=956&w=806
"Pennsylvania Company for Insurances on Lives, 304 Walnut Street, Philadelphia, Philadelphia County, PA",http://www.loc.gov/item/pa1037/,https://tile.loc.gov/image-services/iiif/service:sgp:sgpbatches:misctop:batch_dlc_misctopjod_ver01:data:sn85047530:print:1774072701:0001/full/pct:6.25/0/default.jpg#h=436&w=301
"Official Gazette of the Republic of Panama; Año 83, No. 20.637",http://www.loc.gov/item/pa11091986/,https://tile.loc.gov/image-services/iiif/service:ll:llserialsetce:04:22:5_:00:_0:0:04225_00_00:04225_00_00-001-0054-0000:0001/full/pct:12.5/0/default.jpg#h=440&w=258
AIDS Quilt Block 4148 Panel Maker Records,http://www.loc.gov/item/afc2019048_4148/,https://tile.loc.gov/image-services/iiif/service:afc:afc2019048:af:c2:01:90:48:_4:14:8:afc2019048_4148:afc2019048_4148_ms0004/full/pct:6.25/0/default.jpg#h=289&w=227
"The frontier (O'Neill City, Holt County, Neb.), November 21, 1940",http://www.loc.gov/item/2010270509/1940-11-21/ed-1/,https://tile.loc.gov/image-services/iiif/service:ndnp:nbu:batch_nbu_devilscorkscrew_ver04:data:2010270509:00279527689:1940112101:1261/full/pct:6.25/0/default.jpg#h=466&w=336
Mémoire sur la découverte du magnétisme animal,http://www.loc.gov/item/50047308/,https://tile.loc.gov/image-services/iiif/service:rbc:rbctos:2017gen47308:0001/full/pct:12.5/0/default.jpg#h=344&w=228
Agricultural resources and capabilities of Porto Rico.,http://www.loc.gov/item/01023930/,https://tile.loc.gov/image-services/iiif/public:gdcmassbookdig:agriculturalreso00unit:agriculturalreso00unit_0013/full/pct:12.5/0/default.jpg
"The Hartford herald (Hartford, Ky.), January 8, 1890",http://www.loc.gov/item/sn84037890/1890-01-08/ed-1/,https://tile.loc.gov/image-services/iiif/service:ndnp:kyu:batch_kyu_dracula_ver01:data:sn84037890:00206533791:1890010801:0025/full/pct:6.25/0/default.jpg#h=449&w=355
DEBRIEFING OF LAO REFUGEE,http://www.loc.gov/item/powmia/pwmaster_84582/,https://tile.loc.gov/image-services/iiif/public:gdcmassbookdig:angolacountrystu00coll_0:angolacountrystu00coll_0_0005/full/pct:6.25/0/default.jpg
"The Laramie Republican (Laramie, Wyo.), August 7, 1919",http://www.loc.gov/item/sn92066979/1919-08-07/ed-1/,https://tile.loc.gov/image-services/iiif/service:ndnp:wyu:batch_wyu_dickinson_ver03:data:sn92066979:00517010030:1919080701:0499/full/pct:6.25/0/default.jpg#h=335&w=245
"The oasis (Arizola, Ariz.), September 22, 1906",http://www.loc.gov/item/sn85032933/1906-09-22/ed-1/,https://tile.loc.gov/image-services/iiif/service:ndnp:az:batch_az_elk_ver01:data:sn85032933:00202192828:1906092201:0086/full/pct:6.25/0/default.jpg#h=412&w=261
"The San Francisco call (San Francisco [Calif.]), November 16, 1904",http://www.loc.gov/item/sn85066387/1904-11-16/ed-1/,https://tile.loc.gov/image-services/iiif/service:ndnp:curiv:batch_curiv_darwin_ver01:data:sn85066387:0010048058A:1904111601:0303/full/pct:3.125/0/default.jpg#h=267&w=200
"Sanborn Fire Insurance Map from Oakland, Alameda County, California.",http://www.loc.gov/item/sanborn00727_013/,https://tile.loc.gov/image-services/iiif/service:gmd:gmd436m:g4364m:g4364om:g4364om_g00727192607:00727_07_1926-titl/full/pct:12.5/0/default.jpg#h=959&w=794
Leonardo da Vinci,http://www.loc.gov/item/2003670414/,https://tile.loc.gov/image-services/iiif/service:gmd:gmd382:g3824:g3824p:pm008271/full/pct:12.5/0/default.jpg#h=1009&w=1401
"Yorkville enquirer (Yorkville, S.C.), March 27, 1923",http://www.loc.gov/item/sn84026925/1923-03-27/ed-1/,https://tile.loc.gov/image-services/iiif/service:ndnp:scu:batch_scu_jicama_ver01:data:sn84026925:00516991094:1923032701:0188/full/pct:6.25/0/default.jpg#h=420&w=322
"Frostburg mining journal (Frostburg, Md.), December 7, 1889",http://www.loc.gov/item/sn85025350/1889-12-07/ed-1/,https://tile.loc.gov/image-services/iiif/service:ndnp:mdu:batch_mdu_annapolis_ver02:data:sn85025350:00415627695:1889120701:0643/full/pct:3.125/0/default.jpg#h=272&w=206
"The Alaska daily empire (Juneau, Alaska), October 3, 1916",http://www.loc.gov/item/sn84020657/1916-10-03/ed-1/,https://tile.loc.gov/image-services/iiif/service:ndnp:ak:batch_ak_albatross_ver01:data:sn84020657:00279526673:1916100301:0015/full/pct:6.25/0/default.jpg#h=488&w=377
"Ore punchers waiting for signal to begin unloading cars of ore into bins on dock. Allouez, Wisconsin",http://www.loc.gov/item/2017813291/,https://tile.loc.gov/image-services/iiif/service:ndnp:mnhi:batch_mnhi_lesath_ver01:data:sn83025242:0019991943A:1922101301:0197/full/pct:3.125/0/default.jpg#h=287&w=220
"The Rocky Road of Love. Motion picture copyright descriptions collection. Class L, 1912-1977.",http://www.loc.gov/item/s1229l03677/,https://tile.loc.gov/image-services/iiif/public:gdcmassbookdig:catalogueofstori00twen:catalogueofstori00twen_0005/full/pct:12.5/0/default.jpg
"The Waxahachie daily light (Waxahachie, Tex.), February 10, 1908",http://www.loc.gov/item/sn86090369/1908-02-10/ed-1/,https://tile.loc.gov/image-services/iiif/service:ndnp:txdn:batch_txdn_dewitt_ver01:data:sn86090369:00279520750:1908021001:0143/full/pct:6.25/0/default.jpg#h=399&w=280
"Newark evening star and Newark advertiser (Newark, N.J.), December 17, 1910, (SECOND EDITION)",http://www.loc.gov/item/sn91064011/1910-12-17/ed-1/,https://tile.loc.gov/image-services/iiif/service:ndnp:njr:batch_njr_carmela_ver01:data:sn91064011:00332896118:1910121701:0646/full/pct:6.25/0/default.jpg#h=427&w=313
"Americus times-recorder (Americus, Ga.;[Americus, Ga.?]), August 15, 1923",http://www.loc.gov/item/sn89053204/1923-08-15/ed-1/,https://tile.loc.gov/image-services/iiif/service:ndnp:gu:batch_gu_draco_ver01:data:sn89053204:00393343667:1923081501:1055/full/pct:3.125/0/default.jpg#h=289&w=215
Okee Dokee Brothers (Sun): 2012 National Book Festival,http://www.loc.gov/item/2021691517/,https://tile.loc.gov/streaming-services/iiif/:service:gdc:gdcwebcasts:nb:f2:01:2_:od:br:ot:he:rs:SU:N:nbf2012_odbrothersSUN:nbf2012_odbrothersSUN_768x432_800/full/full/0/full/default.m3u8
"Randolph enterprise (Beverly, W. Va.), July 24, 1924",http://www.loc.gov/item/sn86092282/1924-07-24/ed-1/,https://tile.loc.gov/image-services/iiif/service:ndnp:wvu:batch_wvu_eden_ver01:data:sn86092282:0051701106A:1924072401:1064/full/pct:6.25/0/default.jpg#h=430&w=307
"The Beatrice daily express (Beatrice, Neb.), November 30, 1906",http://www.loc.gov/item/sn84020107/1906-11-30/ed-1/,https://tile.loc.gov/image-services/iiif/service:ndnp:nbu:batch_nbu_finch_ver01:data:sn84020107:00542866354:1906113001:0526/full/pct:6.25/0/default.jpg#h=433&w=318
[Image from LOOK - Job 54-1579 titled Betty White],http://www.loc.gov/item/2021681751/,https://tile.loc.gov/image-services/iiif/service:ndnp:lu:batch_lu_charizard_ver01:data:sn93062881:00295876256:1922060301:0092/full/pct:6.25/0/default.jpg#h=409&w=299
"The Poplar standard (Poplar, Mont.), March 17, 1938",http://www.loc.gov/item/sn86075284/1938-03-17/ed-1/,https://tile.loc.gov/image-services/iiif/service:ndnp:mthi:batch_mthi_froid_ver01:data:sn86075284:00571718731:1938031701:0309/full/pct:6.25/0/default.jpg#h=355&w=286
"[""Beechwood,"" Frank Arthur Vanderlip house, Scarborough, New York. Pergola]",http://www.loc.gov/item/2008676035/,https://tile.loc.gov/image-services/iiif/service:gmd:gmd5:g5149:g5149s:lh000811/full/pct:12.5/0/default.jpg#h=627&w=1239
"The frontier (O'Neill City, Holt County, Neb.), June 10, 1943",http://www.loc.gov/item/2010270509/1943-06-10/ed-1/,https://tile.loc.gov/image-services/iiif/service:ndnp:nbu:batch_nbu_jeffersonii_ver02:data:2010270509:00279527550:1943061001:1061/full/pct:6.25/0/default.jpg#h=469&w=341
The stately lady,http://www.loc.gov/item/2023788699/,https://tile.loc.gov/image-services/iiif/public:music:musihas-100001024:musihas-100001024.0001/full/pct:12.5/0/default.jpg
"The Washington herald (Washington, D.C.), June 28, 1907",http://www.loc.gov/item/sn83045433/1907-06-28/ed-1/,https://tile.loc.gov/image-services/iiif/service:ndnp:dlc:batch_dlc_hotel_ver01:data:sn83045433:100493202:1907062801:0637/full/pct:3.125/0/default.jpg#h=282&w=189
"Kings Chapel, Boston",http://www.loc.gov/item/2004670542/,https://tile.loc.gov/image-services/iiif/service:sgp:sgpbatches:misctop:batch_dlc_misctopjod_ver01:data:sn83021194:print:1774070702:0001/full/pct:6.25/0/default.jpg#h=455&w=305
"The Brownsville daily herald (Brownsville, Tex.), November 27, 1905",http://www.loc.gov/item/sn86099906/1905-11-27/ed-1/,https://tile.loc.gov/image-services/iiif/service:ndnp:txdn:batch_txdn_italy_ver01:data:sn86099906:00294553861:1905112701:0373/full/pct:6.25/0/default.jpg#h=429&w=290
Seeing San Jose and the Santa Clara Valley ...,http://www.loc.gov/item/tmp91000532/,https://tile.loc.gov/image-services/iiif/public:gdcmassbookdig:seeingsanjosesa00guid:seeingsanjosesa00guid_0005/full/pct:12.5/0/default.jpg#h=527&w=318
[Vogue - Ski Houses],http://www.loc.gov/item/2021752869/,https://tile.loc.gov/image-services/iiif/service:ndnp:dlc:batch_dlc_kingman_ver01:data:sn83025514:00220720457:1900012701:0001/full/pct:3.125/0/default.jpg#h=278&w=182
"Abraham Lincoln papers: Series 1. General Correspondence. 1833-1916: William K. Lindsay to Abraham Lincoln, Tuesday, May 15, 1849 (Appointment)",http://www.loc.gov/item/mal0032900/,https://tile.loc.gov/image-services/iiif/service:mss:mal:003:0032900:001/full/pct:6.25/0/default.jpg#h=475&w=317
American Infantry marching down Avenue du President Wilson in the Fourth of July parade in Paris. Some of our wounded soldiers are watching the parade from the automobile on the right. July 1918,http://www.loc.gov/item/2017681719/,https://tile.loc.gov/image-services/iiif/service:sgp:sgpbatches:batch_dlc_argonne_ver03:data:20001931:print:1919041101:0001/full/pct:6.25/0/default.jpg#h=412&w=318
"Atlanta daily world (Atlanta, Georgia), November 22, 1950, (City Edition)",http://www.loc.gov/item/sn82015425/1950-11-22/ed-1/,https://tile.loc.gov/image-services/iiif/service:ndnp:gu:batch_gu_falkor_ver01:data:sn82015425:00529040726:1950112201:0297/full/pct:3.125/0/default.jpg#h=263&w=211
"Rehabilitation Administration loan supervisor, St. Charles Parish, near New Orleans, Louisiana, standing alongside corn which is yielding one hundred bushels an acre. This land has not been planted on for more than twenty-six years",http://www.loc.gov/item/2017761603/,https://tile.loc.gov/image-services/iiif/service:gmd:gmd401m:g4014m:g4014sm:g033971921:03397_1921-0001/full/pct:12.5/0/default.jpg#h=956&w=806
"The Lakeland evening telegram (Lakeland, Fla.), October 26, 1920",http://www.loc.gov/item/sn95047222/1920-10-26/ed-1/,https://tile.loc.gov/image-services/iiif/service:ndnp:fu:batch_fu_gainesville_ver01:data:sn95047222:00415663249:1920102601:0406/full/pct:6.25/0/default.jpg#h=457&w=276
"The Cairo daily bulletin (Cairo, Ill.), September 14, 1871",http://www.loc.gov/item/sn88074142/1871-09-14/ed-1/,https://tile.loc.gov/image-services/iiif/service:ndnp:iune:batch_iune_kilo_ver01:data:sn88074142:00280761485:1871091401:0507/full/pct:6.25/0/default.jpg#h=434&w=323
"Griggs County courier (Cooperstown, Griggs Co., Dak. [N.D.]), February 6, 1885",http://www.loc.gov/item/sn88076992/1885-02-06/ed-1/,https://tile.loc.gov/image-services/iiif/service:ndnp:ndhi:batch_ndhi_dysprosium_ver01:data:sn88076992:00199918126:1885020601:0898/full/pct:3.125/0/default.jpg#h=257&w=171
"Sanborn Fire Insurance Map from Ashdown, Little River County, Arkansas.",http://www.loc.gov/item/sanborn00194_001/,https://tile.loc.gov/image-services/iiif/service:gmd:gmd400m:g4004m:g4004am:g001941913:00194_1913-0001/full/pct:12.5/0/default.jpg#h=956&w=806
"Dakota County herald (Dakota City, Neb.), September 16, 1910",http://www.loc.gov/item/2010270500/1910-09-16/ed-1/,https://tile.loc.gov/image-services/iiif/service:ndnp:nbu:batch_nbu_ford_ver02:data:2010270500:00211102639:1910091601:0643/full/pct:6.25/0/default.jpg#h=469&w=347
"I've a kiss for you, darling",http://www.loc.gov/item/2023824212/,https://tile.loc.gov/image-services/iiif/public:music:mussm-sm1875-10896:001/full/pct:6.25/0/default.jpg
"Tonopah daily bonanza (Tonopah, Nev.), September 3, 1908",http://www.loc.gov/item/sn86076142/1908-09-03/ed-1/,https://tile.loc.gov/image-services/iiif/service:ndnp:nvln:batch_nvln_aurora_ver02:data:sn86076142:00415626940:1908090301:0868/full/pct:6.25/0/default.jpg#h=415&w=279
"Evening star (Washington, D.C.), November 25, 1861",http://www.loc.gov/item/sn83045462/1861-11-25/ed-1/,https://tile.loc.gov/image-services/iiif/service:ndnp:dlc:batch_dlc_leonberger_ver03:data:sn83045462:00280654176:1861112501:0446/full/pct:3.125/0/default.jpg#h=284&w=189
"La dame de Monsoreau,",http://www.loc.gov/item/00005698/,https://tile.loc.gov/image-services/iiif/public:gdcmassbookdig:ladamedemonsorea00duma:ladamedemonsorea00duma_0009/full/pct:25.0/0/default.jpg#h=924&w=570
"[For better or for worse.] Well, Liz, Lawrence's parents were divorced a long time ago",http://www.loc.gov/item/2005696475/,https://tile.loc.gov/image-services/iiif/service:rbc:varsep:s68961:s6896100/full/pct:12.5/0/default.jpg
"Gazeta de Puerto-Rico (San Juan, P.R.), September 26, 1900",http://www.loc.gov/item/2013201074/1900-09-26/ed-1/,https://tile.loc.gov/image-services/iiif/service:ndnp:prru:batch_prru_galleta_ver01:data:2013201074:00415662956:1900092601:0088/full/pct:3.125/0/default.jpg#h=276&w=197
"The evening herald (Shenandoah, Pa.), March 11, 1895",http://www.loc.gov/item/sn87078000/1895-03-11/ed-1/,https://tile.loc.gov/image-services/iiif/service:ndnp:pst:batch_pst_armsby_ver01:data:sn87078000:00237281792:1895031101:0253/full/pct:6.25/0/default.jpg#h=396&w=270
"Rat charmer of Hamelin, The - Rattenfänger von Hameln, Der",http://www.loc.gov/item/2023841669/,https://tile.loc.gov/image-services/iiif/public:music:mussm-sm1881-18984:001/full/pct:6.25/0/default.jpg
"Abbott Hall, Marblehead, Mass.",http://www.loc.gov/item/2016806207/,https://tile.loc.gov/image-services/iiif/service:ndnp:dlc:batch_dlc_bigstone_ver01:data:sn84025816:00220720457:1900021701:0001/full/pct:3.125/0/default.jpg#h=290&w=184
Colocar a mascara no soi,http://www.loc.gov/item/afc9999005.15775/,https://tile.loc.gov/image-services/iiif/public:afc:afc9999005-15775:0296/full/pct:50.0/0/default.jpg
"The prison mirror (Stillwater, Minn.), February 8, 1934",http://www.loc.gov/item/sn90060766/1934-02-08/ed-1/,https://tile.loc.gov/image-services/iiif/service:ndnp:mnhi:batch_mnhi_juliet_ver02:data:sn90060766:00542865416:1934020801:0437/full/pct:6.25/0/default.jpg#h=340&w=242
"Delaware journal (Wilmington [Del.]), June 22, 1827",http://www.loc.gov/item/sn83025530/1827-06-22/ed-1/,https://tile.loc.gov/image-services/iiif/service:ndnp:deu:batch_deu_kedavra_ver01:data:sn83025530:00271740220:1827062201:0080/full/pct:6.25/0/default.jpg#h=350&w=222
"Catoctin clarion (Mechanicstown, Md.), September 26, 1918",http://www.loc.gov/item/sn84026688/1918-09-26/ed-1/,https://tile.loc.gov/image-services/iiif/service:ndnp:mdu:batch_mdu_alvarez_ver01:data:sn84026688:00415623410:1918092601:0783/full/pct:6.25/0/default.jpg#h=493&w=362
"Blackwell Family Papers: Other Blackwell Family Papers, 1834-1945; Howard L. Blackwell Papers, 1892-1937; Correspondence; Family; Blackwell, Kitty Barry",http://www.loc.gov/item/mss1288002255/,https://tile.loc.gov/image-services/iiif/service:mss:mss12880:mss12880-076:0161/full/pct:12.5/0/default.jpg#h=291&w=195
"The Wellington enterprise (Wellington, Ohio), April 9, 1884",http://www.loc.gov/item/sn84028271/1884-04-09/ed-1/,https://tile.loc.gov/image-services/iiif/service:ndnp:ohi:batch_ohi_cousteau_ver02:data:sn84028271:00296028101:1884040901:0121/full/pct:6.25/0/default.jpg#h=410&w=264
"The Ocala banner (Ocala, Marion County, Fla.), June 14, 1912",http://www.loc.gov/item/sn88074815/1912-06-14/ed-1/,https://tile.loc.gov/image-services/iiif/service:ndnp:fu:batch_fu_edugator_ver01:data:sn88074815:0027176585A:1912061401:0277/full/pct:3.125/0/default.jpg#h=273&w=184
"[The victories at war of the Chinese emperor Ch'ien Lung, between 1736 and 1795]",http://www.loc.gov/item/2007680959/,https://tile.loc.gov/image-services/iiif/service:gdc:gdcscd:00:51:61:15:54:3:00516115543:0001/full/pct:12.5/0/default.jpg#h=350&w=252
"Belmont chronicle (St. Clairsville, Ohio), May 31, 1860",http://www.loc.gov/item/sn85026241/1860-05-31/ed-1/,https://tile.loc.gov/image-services/iiif/service:ndnp:ohi:batch_ohi_feste_ver01:data:sn85026241:00280775393:1860053101:0196/full/pct:6.25/0/default.jpg#h=390&w=311
"Minnesota Staats-Zeitung (Saint Paul, Minn.), June 30, 1870",http://www.loc.gov/item/sn84031595/1870-06-30/ed-1/,https://tile.loc.gov/image-services/iiif/service:ndnp:mnhi:batch_mnhi_toyota_ver01:data:sn84031595:00212475774:1870063001:0220/full/pct:3.125/0/default.jpg#h=289&w=199
"Code of Federal Regulations: Operating-Differential Subsidy For Liner Vessels Engaged In Essential Services In The Foreign Commerce Of The United States, 46 C.F.R. (1989)",http://www.loc.gov/item/cfr1989172-T46CIIP282/,https://tile.loc.gov/image-services/iiif/service:ll:llhsp:llhsp_laws_02:00129/full/pct:6.25/0/default.jpg#h=239&w=322
"Evening journal (Wilmington, Del.), January 27, 1894",http://www.loc.gov/item/sn85042354/1894-01-27/ed-1/,https://tile.loc.gov/image-services/iiif/service:ndnp:deu:batch_deu_arden_ver01:data:sn85042354:00383343355:1894012701:0459/full/pct:6.25/0/default.jpg#h=416&w=325
"Official Gazette of the Republic of Panama; Año 85, No. 21.021",http://www.loc.gov/item/pa05041988/,https://tile.loc.gov/image-services/iiif/service:ll:llserialsetce:04:22:5_:00:_0:0:04225_00_00:04225_00_00-001-0054-0000:0001/full/pct:12.5/0/default.jpg#h=440&w=258
"The Springdale news (Springdale, Ark.), January 30, 1914",http://www.loc.gov/item/sn83007654/1914-01-30/ed-1/,https://tile.loc.gov/image-services/iiif/service:ndnp:arhi:batch_arhi_coldplay_ver02:data:sn83007654:0039334278A:1914013001:0648/full/pct:6.25/0/default.jpg#h=496&w=354
"The Madison daily leader (Madison, S.D.), February 17, 1916",http://www.loc.gov/item/sn99062034/1916-02-17/ed-1/,https://tile.loc.gov/image-services/iiif/service:ndnp:sdhi:batch_sdhi_hawaii_ver01:data:sn99062034:0027952312A:1916021701:0373/full/pct:3.125/0/default.jpg#h=274&w=227
[Graphic Arts Center],http://www.loc.gov/item/2023676546/,https://tile.loc.gov/image-services/iiif/service:gmd:gmd380:g3804:g3804n:pm005954/full/pct:12.5/0/default.jpg#h=896&w=1256
"The Official Gazette of Romania. Part I. Laws, Decrees, Decisions, and Other Acts; Anul 191, Nr. 117",http://www.loc.gov/item/90656367_20230210_01/,https://tile.loc.gov/image-services/iiif/service:ll:llflg:90:65:63:67:_2:02:30:21:0_:01:90656367_20230210_01:0001/full/pct:12.5/0/default.jpg#h=460&w=349
"St. Paul daily globe (Saint Paul, Minn.), July 27, 1888",http://www.loc.gov/item/sn90059522/1888-07-27/ed-1/,https://tile.loc.gov/image-services/iiif/service:ndnp:mnhi:batch_mnhi_dassel_ver01:data:sn90059522:00175033348:1888072701:0274/full/pct:3.125/0/default.jpg#h=281&w=215
"The Richmond palladium and sun-telegram (Richmond, Ind.), October 12, 1921",http://www.loc.gov/item/sn86058226/1921-10-12/ed-1/,https://tile.loc.gov/image-services/iiif/service:ndnp:in:batch_in_everettcase_ver01:data:sn86058226:00271745394:1921101201:0629/full/pct:6.25/0/default.jpg#h=481&w=356
"U.S. Reports: Orders, 479 U.S. 801 (1986).",http://www.loc.gov/item/usrep479801/,https://tile.loc.gov/image-services/iiif/public:gdcmassbookdig:supremecourtinun01warr:supremecourtinun01warr_0013/full/pct:12.5/0/default.jpg#h=521&w=346
"Little Rock daily republican ([Little Rock, Ark.]), September 18, 1873",http://www.loc.gov/item/sn82014368/1873-09-18/ed-1/,https://tile.loc.gov/image-services/iiif/service:ndnp:arhi:batch_arhi_jadeite_ver01:data:sn82014368:00542869884:1873091801:0532/full/pct:6.25/0/default.jpg#h=440&w=326
"Free trader-journal and Ottawa fair dealer (Ottawa, Ill.), October 3, 1922, (4 O'CLOCK EDITION)",http://www.loc.gov/item/sn92053241/1922-10-03/ed-1/,https://tile.loc.gov/image-services/iiif/service:ndnp:iune:batch_iune_issue_ver01:data:sn92053241:00295873413:1922100301:0569/full/pct:6.25/0/default.jpg#h=446&w=324
"The Bismarck tribune (Bismarck, N.D.), May 2, 1935",http://www.loc.gov/item/sn85042243/1935-05-02/ed-1/,https://tile.loc.gov/image-services/iiif/service:ndnp:ndhi:batch_ndhi_jemhadar_ver01:data:sn85042243:00383346095:1935050201:0019/full/pct:3.125/0/default.jpg#h=299&w=227
"The midland journal (Rising Sun, Md.), January 6, 1939",http://www.loc.gov/item/sn89060136/1939-01-06/ed-1/,https://tile.loc.gov/image-services/iiif/service:ndnp:mdu:batch_mdu_cumberland_ver02:data:sn89060136:00279522461:1939010601:0452/full/pct:3.125/0/default.jpg#h=266&w=180
"Code of Federal Regulations: Award Of Fellowships To Applicants From Other American Republics, 7 C.F.R. (1959)",http://www.loc.gov/item/cfr1959004-T7P2/,https://tile.loc.gov/image-services/iiif/service:ll:llhsp:llhsp_laws_01:00522/full/pct:6.25/0/default.jpg#h=221&w=313
Wierd sisters; minister's[sic] of darkness; minions of the moon,http://www.loc.gov/item/95516663/,https://tile.loc.gov/image-services/iiif/public:gdcmassbookdig:influenceofgrenv00adam:influenceofgrenv00adam_0011/full/pct:12.5/0/default.jpg
"Perth Amboy evening news (Perth Amboy, N.J.), October 24, 1912",http://www.loc.gov/item/sn85035720/1912-10-24/ed-2/,https://tile.loc.gov/image-services/iiif/service:ndnp:njr:batch_njr_cinnamon_ver03:data:sn85035720:00383340020:1912102402:0347/full/pct:6.25/0/default.jpg#h=413&w=317
"XUYEN MOC/LIVE SIGHTING OF THREE PWMIAS IN CHI LANG PRISON, AN GIANG PROVINCE",http://www.loc.gov/item/powmia/pwmaster_140627/,https://tile.loc.gov/image-services/iiif/public:gdcmassbookdig:angolacountrystu00coll_0:angolacountrystu00coll_0_0005/full/pct:6.25/0/default.jpg
Irmgard Makowiecki Sheldon Collection,http://www.loc.gov/item/afc2001001.84820/,https://tile.loc.gov/streaming-services/iiif/service:vhp:0848:084820:afc2001001_084820_sr0001001/info.json
"The Waterbury Democrat (Waterbury, Conn.), June 19, 1939",http://www.loc.gov/item/sn82014085/1939-06-19/ed-1/,https://tile.loc.gov/image-services/iiif/service:ndnp:ct:batch_ct_grasso_ver02:data:sn82014085:00393347454:1939061901:0705/full/pct:6.25/0/default.jpg#h=448&w=328
"The news and herald (Winnsboro, S.C.), October 16, 1883",http://www.loc.gov/item/sn93067705/1883-10-16/ed-1/,https://tile.loc.gov/image-services/iiif/service:ndnp:scu:batch_scu_drinksmall_ver01:data:sn93067705:00237288415:1883101601:0485/full/pct:3.125/0/default.jpg#h=299&w=230
"Abilene weekly reflector (Abilene, Kan.), October 26, 1922",http://www.loc.gov/item/sn84029386/1922-10-26/ed-1/,https://tile.loc.gov/image-services/iiif/service:ndnp:khi:batch_khi_mission_ver01:data:sn84029386:00295871593:1922102601:0993/full/pct:6.25/0/default.jpg#h=434&w=312
"Code of Federal Regulations: The Biological Defense Safety Program, Technical Safety Requirements (DA Pamphlet 385-69), 32 C.F.R. (1992)",http://www.loc.gov/item/cfr1992120-T32CVP627/,https://tile.loc.gov/image-services/iiif/service:ll:llhsp:llhsp_laws_02:00162/full/pct:12.5/0/default.jpg#h=459&w=345
"The Hattiesburg news (Hattiesburg, Miss.), July 30, 1916, (Sunday Morning Edition)",http://www.loc.gov/item/sn87065167/1916-07-30/ed-1/,https://tile.loc.gov/image-services/iiif/service:ndnp:msar:batch_msar_ikat_ver01:data:sn87065167:00199916932:1916073001:0586/full/pct:6.25/0/default.jpg#h=386&w=298
"Morris tribune (Morris, Minn.), April 2, 1920",http://www.loc.gov/item/sn91059394/1920-04-02/ed-1/,https://tile.loc.gov/image-services/iiif/service:ndnp:mnhi:batch_mnhi_hula_ver01:data:sn91059394:00383348031:1920040201:0121/full/pct:3.125/0/default.jpg#h=273&w=194
"The Leavenworth echo (Leavenworth, Wash.), July 11, 1913",http://www.loc.gov/item/sn87093039/1913-07-11/ed-1/,https://tile.loc.gov/image-services/iiif/service:ndnp:wa:batch_wa_cedar_ver01:data:sn87093039:00211100576:1913071101:0788/full/pct:6.25/0/default.jpg#h=400&w=297
"The Opelousas courier (Opelousas, La.), February 3, 1883, (French)",http://www.loc.gov/item/sn83026389/1883-02-03/ed-2/,https://tile.loc.gov/image-services/iiif/service:ndnp:lu:batch_lu_moloney_ver01:data:sn83026389:00212474939:1883020302:0230/full/pct:3.125/0/default.jpg#h=262&w=182
"The Stark County Democrat (Canton, Ohio), December 16, 1880",http://www.loc.gov/item/sn84028490/1880-12-16/ed-1/,https://tile.loc.gov/image-services/iiif/service:ndnp:ohi:batch_ohi_jaques_ver01:data:sn84028490:00280775046:1880121601:0629/full/pct:6.25/0/default.jpg#h=472&w=289
"The Bolivar County Democrat (Rosedale, Miss.), July 15, 1916",http://www.loc.gov/item/sn87065645/1916-07-15/ed-1/,https://tile.loc.gov/image-services/iiif/service:ndnp:msar:batch_msar_emerald_ver02:data:sn87065645:00383344347:1916071501:0151/full/pct:6.25/0/default.jpg#h=419&w=300
"""I want to make some pillows.""",http://www.loc.gov/item/qlt000202/,https://tile.loc.gov/image-services/iiif/service:afc:afc1982009:afc1982009_br8-20-20544_25/full/pct:12.5/0/default.jpg#h=488&w=334
"Morning journal and courier (New Haven [Conn.]), December 15, 1884",http://www.loc.gov/item/sn82015483/1884-12-15/ed-1/,https://tile.loc.gov/image-services/iiif/service:ndnp:ct:batch_ct_elm_ver01:data:sn82015483:00271764224:1884121501:0575/full/pct:3.125/0/default.jpg#h=262&w=220
Copyright Record Book Class E [Eu] Vol 1640; Registration Numbers 318500-319999; 1972,http://www.loc.gov/item/coprecbooks-0049138671A/,https://tile.loc.gov/image-services/iiif/service:copyright:coprecbooks:00:49:13:86:71:A:0049138671A:0049138671A_0001/full/pct:6.25/0/default.jpg#h=284&w=93
"Sanborn Fire Insurance Map from Mount Vernon, Linn County, Iowa.",http://www.loc.gov/item/sanborn02761_002/,https://tile.loc.gov/image-services/iiif/service:gmd:gmd415m:g4154m:g4154mm:g027611900:02761_1900-0001/full/pct:12.5/0/default.jpg#h=956&w=806
"St. Croix avis (Christiansted, St. Croix [V.I.]), August 9, 1920",http://www.loc.gov/item/sn84037526/1920-08-09/ed-1/,https://tile.loc.gov/image-services/iiif/service:ndnp:vnstcsc:batch_vnstcsc_christiansted_ver02:data:sn84037526:00414181119:1920080901:0656/full/pct:6.25/0/default.jpg#h=377&w=316
"The Dakota chief (Gann Valley, Buffalo County, S.D.), March 2, 1899",http://www.loc.gov/item/sn99068086/1899-03-02/ed-1/,https://tile.loc.gov/image-services/iiif/service:ndnp:sdhi:batch_sdhi_honeydew_ver01:data:sn99068086:0033289996A:1899030201:0900/full/pct:6.25/0/default.jpg#h=489&w=337
"Amerikanski srbobran (Pittsburg, Pa.;Pittsburgh, Pa.), August 4, 1927",http://www.loc.gov/item/sn85055101/1927-08-04/ed-1/,https://tile.loc.gov/image-services/iiif/service:ndnp:dlc:batch_dlc_bloomfield_ver02:data:sn85055101:print:1927080401:0001/full/pct:12.5/0/default.jpg#h=399&w=314
"Daily public ledger (Maysville, Ky.), May 14, 1898",http://www.loc.gov/item/sn86069117/1898-05-14/ed-1/,https://tile.loc.gov/image-services/iiif/service:ndnp:kyu:batch_kyu_gandhi_ver01:data:sn86069117:0021110370A:1898051401:0568/full/pct:6.25/0/default.jpg#h=448&w=311
"The Butler weekly times (Butler, Mo.), July 18, 1912",http://www.loc.gov/item/sn89066489/1912-07-18/ed-1/,https://tile.loc.gov/image-services/iiif/service:ndnp:mohi:batch_mohi_kocoum_ver01:data:sn89066489:00294557039:1912071801:0687/full/pct:6.25/0/default.jpg#h=404&w=282
