chapter	section	greek	english	src_idx	tgt_idx	score
1	10	πλὴν	though	0	0	0.5924
1	10	οἱ	with	1	5	0.4851
1	10	ἄνθρωποί	people	2	6	0.6592
1	10	συνάπτοντες	tack	4	8	0.5788
1	10	τῷ	a	5	15	0.4938
1	10	μέτρῳ	metre	6	16	0.6273
1	10	τὸ	to	7	7	0.506
1	10	ποιεῖν	work	8	38	0.5347
1	10	ἐλεγειοποιοὺς	elegiac-poets	9	20	0.6996
1	10	τοὺς	them	10	27	0.4942
1	10	δὲ	and	11	21	0.5986
1	10	ἐποποιοὺς	epic-poets	12	22	0.7311
1	10	ὀνομάζουσιν	call	13	26	0.7411
1	10	οὐχ	not	14	29	0.7799
1	10	ὡς	reason	15	31	0.5715
1	10	κατὰ	by	16	30	0.697
1	10	τὴν	the	17	33	0.6306
1	10	μίμησιν	imitative	18	34	0.6071
1	10	ποιητὰς	poets	19	28	0.7597
1	10	ἀλλὰ	but	20	39	0.7902
1	10	κοινῇ	indiscriminately	21	40	0.5812
1	10	κατὰ	by	22	41	0.6377
1	10	τὸ	the	23	44	0.6636
1	10	μέτρον	metre	24	45	0.6658
1	10	προσαγορεύοντες	write	25	47	0.6376
1	11	καὶ	Even	0	0	0.7189
1	11	ἂν	if	2	1	0.6999
1	11	ἰατρικὸν	medicine	3	5	0.7241
1	11	ἢ	or	4	6	0.7746
1	11	φυσικόν	physical	5	7	0.739
1	11	τι	a	6	2	0.4969
1	11	διὰ	in	7	12	0.5064
1	11	τῶν	a	8	13	0.4882
1	11	μέτρων	metrical	9	14	0.5863
1	11	ἐκφέρωσιν	put	10	10	0.688
1	11	οὕτω	this	11	24	0.6401
1	11	καλεῖν	describe	12	20	0.6728
1	11	εἰώθασιν	usual	13	18	0.5838
1	11	οὐδὲν	nothing	14	32	0.7513
1	11	δὲ	however	15	29	0.4963
1	11	κοινόν	common	16	34	0.7127
1	11	ἐστιν	have	17	30	0.5501
1	11	Ὁμήρῳ	Homer	18	26	0.628
1	11	καὶ	and	19	27	0.6625
1	11	Ἐμπεδοκλεῖ	Empedocles	20	28	0.6765
1	11	πλὴν	apart	21	35	0.6096
1	11	τὸ	their	22	37	0.6294
1	11	μέτρον	metre	23	38	0.7195
1	11	διὸ	so	24	39	0.6575
1	11	τὸν	the	25	42	0.7264
1	11	μὲν	one	26	43	0.6131
1	11	ποιητὴν	poet	27	49	0.6616
1	11	δίκαιον	is	28	44	0.4795
1	11	καλεῖν	called	29	47	0.7237
1	11	τὸν	the	30	50	0.6866
1	11	δὲ	other	31	51	0.5441
1	11	φυσιολόγον	physicist	32	56	0.7064
1	11	μᾶλλον	rather	33	57	0.6297
1	11	ἢ	than	34	58	0.7663
1	11	ποιητήν	poet	35	60	0.8232
1	12	ὁμοίως	same	0	5	0.6699
1	12	δὲ	also	1	7	0.4539
1	12	κἂν	should	2	1	0.6849
1	12	εἴ	if	3	8	0.7382
1	12	ἅπαντα	all	5	16	0.6938
1	12	τὰ	the	6	17	0.7059
1	12	μέτρα	metres	7	18	0.7209
1	12	μιγνύων	were	8	14	0.5182
1	12	ποιοῖτο	We	9	0	0.4746
1	12	τὴν	the	10	9	0.6242
1	12	μίμησιν	imitation	11	10	0.6499
1	12	καθάπερ	like	12	19	0.7268
1	12	Χαιρήμων	the	13	20	0.5425
1	12	Κένταυρον	Centaur	15	21	0.6665
1	12	μικτὴν	medley	16	26	0.5643
1	12	ῥαψῳδίαν	rhapsody	17	23	0.6358
1	12	ἐξ	of	18	27	0.5729
1	12	ἁπάντων	all	19	28	0.7792
1	12	μέτρων	metres	21	29	0.7192
1	12	καὶ	and	22	32	0.6058
1	12	ποιητὴν	poet	23	40	0.672
1	12	προσαγορευτέον	recognize	24	37	0.6569
1	12	περὶ	to	25	45	0.5325
1	12	μὲν	So	26	41	0.5309
1	12	οὖν	then	27	43	0.6082
1	12	τούτων	these	28	46	0.6654
1	12	διωρίσθω	to	29	36	0.4772
1	12	τοῦτον	the	30	4	0.402
1	12	τρόπον	arts	32	47	0.5218
1	13	εἰσὶ	are	0	1	0.8098
1	13	δέ	lastly	1	2	0.5997
1	13	τινες	certain	2	3	0.7596
1	13	αἳ	which	3	6	0.7299
1	13	πᾶσι	all	4	8	0.7865
1	13	χρῶνται	combine	5	7	0.6221
1	13	τοῖς	the	6	9	0.6197
1	13	εἰρημένοις	enumerated	7	11	0.5949
1	13	ῥυθμῷ	rhythm	11	12	0.6631
1	13	μέλει	melody	13	13	0.6196
1	13	καὶ	and	14	14	0.7133
1	13	μέτρῳ	verse	15	15	0.6786
1	13	ὥσπερ	e.g	16	16	0.5755
1	13	διθυραμβικῶν	Dithyrambic	20	17	0.6351
1	13	ποίησις	poetry	21	20	0.5467
1	13	καὶ	and	22	18	0.4967
1	13	νόμων	Nomic	25	19	0.5693
1	13	τραγῳδία	Tragedy	29	21	0.5833
1	13	καὶ	and	30	22	0.6575
1	13	κωμῳδία	Comedy	32	23	0.6874
1	13	διαφέρουσι	difference	33	26	0.5549
1	13	δὲ	however	34	27	0.5551
1	13	ὅτι	that	35	28	0.6353
1	13	αἱ	some	36	36	0.6574
1	13	μὲν	one	37	48	0.5104
1	13	ἅμα	together	38	41	0.6001
1	13	πᾶσιν	all	39	39	0.6498
1	13	αἱ	others	40	44	0.6676
1	13	δὲ	and	41	42	0.6902
1	13	κατὰ	after	42	49	0.5873
1	13	μέρος	other	43	51	0.5843
1	14	ταύτας	These	0	0	0.7415
1	14	λέγω	term	3	9	0.607
1	14	τὰς	the	4	10	0.5586
1	14	διαφορὰς	difference	5	3	0.618
1	14	τῶν	the	6	5	0.5877
1	14	τεχνῶν	arts	7	7	0.6522
1	14	ἐν	in	8	4	0.4368
1	14	ποιοῦνται	of	10	12	0.4256
1	14	τὴν	their	11	13	0.5727
1	14	μίμησιν	imitation	12	14	0.7547
1	1	Περὶ	of	0	10	0.6166
1	1	ποιητικῆς	Poetry	1	3	0.6051
1	1	αὐτῆς	art	2	12	0.5722
1	1	τε	also	3	16	0.5807
1	1	καὶ	and	4	20	0.4992
1	1	τῶν	its	5	18	0.5221
1	1	εἰδῶν	species	6	19	0.5004
1	1	αὐτῆς	their	7	21	0.4681
1	1	ἦν	being	8	2	0.4762
1	1	δύναμιν	capacities	10	23	0.5029
1	1	ἕκαστον	general	11	14	0.4377
1	1	πῶς	structure	14	26	0.4687
1	1	δεῖ	required	15	29	0.6722
1	1	συνίστασθαι	of	16	24	0.5816
1	1	τοὺς	the	17	40	0.5133
1	1	μύθους	plot	18	28	0.5714
1	1	εἰ	for	19	30	0.5033
1	1	καλῶς	good	21	32	0.6506
1	1	ἔξειν	poem	22	33	0.4735
1	1	ἡ	a	23	44	0.5445
1	1	ποίησις	poem	24	45	0.6322
1	1	ἐκ	of	27	34	0.4768
1	1	πόσων	number	28	36	0.5173
1	1	καὶ	and	29	37	0.5698
1	1	ποίων	nature	30	38	0.4809
1	1	ἐστὶ	of	31	39	0.4232
1	1	μορίων	parts	32	42	0.6352
1	1	ὁμοίως	likewise	33	47	0.745
1	1	δὲ	and	34	46	0.6931
1	1	περὶ	of	36	48	0.7195
1	1	τῶν	any	37	49	0.6619
1	1	ἄλλων	other	38	50	0.8257
1	1	ὅσα	matters	39	51	0.6299
1	1	τῆς	the	40	53	0.6057
1	1	αὐτῆς	same	41	54	0.6654
1	1	ἐστι	in	42	52	0.4684
1	1	μεθόδου	line	43	55	0.5881
1	1	λέγωμεν	us	44	59	0.6167
1	1	ἀρξάμενοι	begin	45	65	0.575
1	1	κατὰ	the	46	61	0.5422
1	1	φύσω	order	47	63	0.6313
1	1	πρῶτον	natural	48	62	0.4248
1	1	ἀπὸ	with	49	66	0.6131
1	1	τῶν	the	50	67	0.7201
1	1	πρώτων	primary	51	68	0.6575
1	2	ἐποποιία	poetry	0	1	0.6627
1	2	καὶ	also	2	5	0.6087
1	2	τῆς	Epic	4	0	0.4666
1	2	τραγῳδίας	Dithyrambic	5	7	0.5437
1	2	ποίησις	poetry	6	8	0.613
1	2	ἔτι	and	7	2	0.5536
1	2	δὲ	and	8	9	0.5892
1	2	κωμῳδία	Comedy	9	6	0.5524
1	2	καὶ	as	10	4	0.5354
1	2	διθυραμβοποιητικὴ	flute-playing	12	11	0.7337
1	2	καὶ	and	13	12	0.7296
1	2	αὐλητικῆς	lyre-playing	15	13	0.7151
1	2	πλείστη	most	17	10	0.5245
1	2	κιθαριστικῆς	of	19	21	0.4152
1	2	πᾶσαι	all	20	15	0.7212
1	2	τυγχάνουσιν	are	21	14	0.5632
1	2	οὖσαι	as	22	17	0.4494
1	2	μιμήσεις	imitation	23	22	0.6727
1	2	τὸ	a	24	18	0.6619
1	2	σύνολον	whole	25	19	0.7305
1	3	διαφέρουσι	differ	0	6	0.727
1	3	δὲ	But	1	0	0.8072
1	3	ἀλλήλων	one	2	8	0.7013
1	3	τρισίν	three	3	11	0.7785
1	3	ἢ	either	4	13	0.7492
1	3	γὰρ	by	5	14	0.424
1	3	τῷ	a	6	15	0.5416
1	3	γένει	kind	7	18	0.5366
1	3	ἑτέροις	their	8	20	0.5377
1	3	μιμεῖσθαι	difference	9	16	0.4402
1	3	ἢ	or	10	22	0.7135
1	3	τῷ	the	11	26	0.456
1	3	ἕτερα	differences	12	24	0.4438
1	3	ἢ	or	13	28	0.6207
1	3	ἑτέρως	objects	15	27	0.4522
1	3	τὸν	the	18	30	0.5081
1	3	τρόπον	manner	20	31	0.5044
1	4	ὥσπερ	as	0	1	0.7975
1	4	γὰρ	Just	1	0	0.5979
1	4	χρώμασι	form	3	2	0.6724
1	4	καὶ	and	4	3	0.6635
1	4	σχήμασι	colour	5	4	0.6561
1	4	πολλὰ	many	6	21	0.5649
1	4	μιμοῦνταί	used	7	6	0.5457
1	4	τινες	some	8	10	0.7535
1	4	ἀπεικάζοντες	portray	9	20	0.5624
1	4	οἱ	who	10	11	0.4783
1	4	μὲν	whether	11	12	0.5746
1	4	διὰ	by	12	13	0.6625
1	4	τέχνης	art	13	14	0.6803
1	4	οἱ	things	14	22	0.4445
1	4	δὲ	or	15	15	0.5614
1	4	διὰ	aid	16	25	0.4731
1	4	συνηθείας	constant	17	16	0.5795
1	4	ἕτεροι	others	18	32	0.5766
1	4	δὲ	and	19	26	0.5632
1	4	διὰ	by	20	23	0.5633
1	4	τῆς	the	21	27	0.5242
1	4	φωνῆς	voice	22	28	0.5451
1	4	οὕτω	so	23	33	0.6602
1	4	κὰν	in	24	35	0.5837
1	4	ταῖς	the	25	36	0.6453
1	4	εἰρημέναις	above-mentioned	26	37	0.7097
1	4	τέχναις	arts	27	40	0.7698
1	4	ἅπασαι	whole	28	47	0.6386
1	4	μὲν	as	29	45	0.4033
1	4	ποιοῦνται	used	30	30	0.5597
1	4	τὴν	the	31	41	0.5741
1	4	μίμησιν	means	32	42	0.5475
1	4	ἐν	are	33	48	0.4667
1	4	ῥυθμῷ	rhythm	34	49	0.7425
1	4	λόγῳ	language	36	50	0.5996
1	4	καὶ	and	37	51	0.6787
1	4	ἁρμονίᾳ	harmony	38	52	0.6853
1	4	τούτοις	them	39	44	0.5799
1	4	δ	however	40	54	0.6436
1	4	ἢ	either	41	55	0.774
1	4	χωρὶς	singly	42	56	0.7
1	4	ἢ	or	43	57	0.7166
1	4	μεμιγμένοις	combinations	44	60	0.6291
1	5	οἷον	of	0	2	0.4167
1	5	ἁρμονίᾳ	rhythm	1	3	0.7476
1	5	καὶ	and	3	4	0.7264
1	5	ῥυθμῷ	harmony	4	5	0.6388
1	5	χρώμεναι	is	5	7	0.4767
1	5	μόνον	alone	6	6	0.7348
1	5	ἥ	in	7	10	0.4426
1	5	αὐλητικὴ	flute-playing	9	11	0.7381
1	5	καὶ	and	10	12	0.7423
1	5	κιθαριστικὴ	lyre-playing	12	13	0.7413
1	5	κἂν	and	13	14	0.5125
1	5	εἴ	may	14	19	0.4412
1	5	τινες	any	15	15	0.5328
1	5	ἕτεραι	other	16	16	0.5189
1	5	τυγχάνουσιν	there	17	18	0.468
1	5	οὖσαι	be	18	20	0.635
1	5	τοιαῦται	same	19	23	0.5801
1	5	δύναμιν	description	21	24	0.4212
1	5	οἷον	e.g	22	25	0.6583
1	5	ἡ	imitative	23	26	0.4838
1	5	συρίγγων	piping	25	27	0.6692
1	6	αὐτῷ	alone	0	1	0.4947
1	6	τῷ	the	2	5	0.4078
1	6	ῥυθμῷ	Rhythm	3	0	0.5349
1	6	μιμοῦνται	is	4	4	0.5108
1	6	χωρὶς	without	5	2	0.6264
1	6	ἁρμονίας	harmony	6	3	0.5456
1	6	ἡ	imitations	7	10	0.5139
1	6	τῶν	the	8	8	0.6348
1	6	ὀρχηστῶν	dancer's	9	9	0.6488
1	6	καὶ	even	10	12	0.5789
1	6	γὰρ	for	11	11	0.7437
1	6	οὗτοι	he	12	13	0.7572
1	6	διὰ	by	13	14	0.7397
1	6	τῶν	the	14	15	0.6875
1	6	σχηματιζομένων	of	15	17	0.5764
1	6	ῥυθμῶν	rhythms	16	16	0.6359
1	6	μιμοῦνται	represent	17	21	0.7416
1	6	καὶ	well	18	25	0.6194
1	6	ἤθη	characters	19	23	0.5141
1	6	καὶ	as	20	24	0.4575
1	6	πάθη	do	21	29	0.5547
1	6	καὶ	and	22	30	0.5917
1	6	πράξεις	suffer	23	31	0.6677
1	7	ἡ	an	0	3	0.5555
1	7	δὲ	further	1	2	0.4705
1	7	ἐποποιία	imitation	2	34	0.597
1	7	μόνον	alone	3	9	0.662
1	7	τοῖς	by	4	7	0.5146
1	7	λόγοις	language	5	8	0.6525
1	7	ψιλοῖς	harmony	6	11	0.5125
1	7	ἢ	or	7	14	0.7235
1	7	τοῖς	in	8	15	0.6207
1	7	μέτροις	verse	9	16	0.7098
1	7	καὶ	and	10	17	0.5237
1	7	τούτοις	verse	11	20	0.4103
1	7	εἴτε	either	12	21	0.645
1	7	μιγνῦσα	in	13	22	0.508
1	7	μετ᾿	without	14	10	0.4257
1	7	εἴθ	or	16	25	0.6511
1	7	ἑνί	one	17	24	0.5682
1	7	τινι	some	18	23	0.5223
1	7	γένει	plurality	19	28	0.4693
1	7	χρωμένη	in	20	19	0.4439
1	7	τῶν	of	21	29	0.4895
1	7	μέτρων	metres	22	30	0.6661
1	7	ἀνώνυμος	without	23	39	0.5318
1	7	τυγχάνει	is	24	35	0.6706
1	7	οὖσα	is	25	1	0.402
1	7	μέχρι	to	26	36	0.7103
1	7	τοῦ	this	27	37	0.6779
1	7	νῦν	day	28	38	0.7154
1	8	οὐδὲν	no	0	2	0.6439
1	8	ἂν	We	2	0	0.4064
1	8	ἔχοιμεν	have	3	1	0.6845
1	8	ὀνομάσαι	name	4	4	0.6217
1	8	κοινὸν	common	5	3	0.7304
1	8	τοὺς	a	6	6	0.4538
1	8	Σώφρονος	Sophron	7	9	0.8134
1	8	καὶ	or	8	10	0.623
1	8	Ξενάρχου	Xenarchus	9	11	0.7204
1	8	μίμους	mime	10	7	0.6182
1	8	καὶ	and	11	12	0.666
1	8	τοὺς	a	12	13	0.5858
1	8	Σωκρατικοὺς	Socratic	13	14	0.82
1	8	λόγους	Conversation	14	15	0.5377
1	9	οὐδὲ	and	0	0	0.482
1	9	εἴ	if	1	8	0.7606
1	9	τις	one	2	6	0.5175
1	9	διὰ	in	3	16	0.5107
1	9	τριμέτρων	trimeters	4	17	0.7836
1	9	ἢ	or	5	18	0.8037
1	9	ἐλεγείων	elegiacs	6	19	0.7394
1	9	ἢ	or	7	20	0.7749
1	9	τῶν	kind	8	23	0.4434
1	9	ἄλλων	other	9	22	0.7579
1	9	τινῶν	some	10	21	0.6511
1	9	τοιούτων	of	12	24	0.4862
1	9	ποιοῖτο	should	13	2	0.5112
1	9	τὴν	the	14	9	0.6143
1	9	μίμησιν	imitation	15	10	0.6398
10	1	Εἰσὶ	are	0	1	0.7211
10	1	μύθων	Plots	3	0	0.6767
10	1	μὲν	either	5	2	0.5734
10	1	ἁπλοῖ	simple	6	3	0.6597
10	1	δὲ	or	8	4	0.453
10	1	πεπλεγμένοι	complex	9	5	0.524
10	1	γὰρ	since	11	6	0.5985
10	1	αἱ	the	12	7	0.6943
10	1	πράξεις	actions	13	8	0.7455
10	1	μιμήσεις	represent	15	10	0.47
10	1	εἰσιν	are	18	11	0.5493
10	1	εὐθὺς	naturally	20	12	0.5838
10	2	λέγω	call	0	12	0.5313
10	2	δὲ	The	1	0	0.4462
10	2	ἁπλῆν	simple	2	13	0.4991
10	2	πρᾶξιν	action	4	1	0.63
10	2	γινομένης	proceeding	6	2	0.5666
10	2	ὥσπερ	as	7	7	0.5056
10	2	ὥρισται	defined	8	6	0.467
10	2	συνεχοῦς	continuous	9	9	0.6318
10	2	ἄνευ	without	12	23	0.5753
10	2	περιπετείας	Peripety	13	24	0.5363
10	2	ἢ	or	14	25	0.5607
10	2	ἀναγνωρισμοῦ	Discovery	15	26	0.5367
10	2	ἡ	the	16	15	0.6356
10	2	μετάβασις	change	17	16	0.6538
10	2	γίνεται	takes	18	21	0.6114
10	3	πεπλεγμένη	complex	0	1	0.5429
10	3	δὲ	and	1	0	0.5469
10	3	ἀναγνωρισμοῦ	involves	3	4	0.4092
10	3	ἢ	or	4	6	0.5302
10	3	περιπετείας	other	5	8	0.4696
10	3	ἢ	or	6	9	0.6198
10	3	ἀμφοῖν	both	7	10	0.7481
10	4	ταῦτα	These	0	0	0.774
10	4	δὲ	them	1	4	0.4106
10	4	δεῖ	should	2	1	0.6174
10	4	γίνεσθαι	arise	3	5	0.6418
10	4	ἐξ	out	4	6	0.6213
10	4	αὐτῆς	itself	5	13	0.6459
10	4	τῆς	the	6	8	0.6493
10	4	συστάσεως	structure	7	9	0.6713
10	4	τοῦ	the	8	11	0.6757
10	4	μύθου	Plot	9	12	0.6056
10	4	ὥστε	so	10	14	0.685
10	4	ἐκ	of	11	23	0.4871
10	4	τῶν	the	12	24	0.5888
10	4	προγεγενημένων	antecedents	13	25	0.6305
10	4	συμβαίνειν	be	14	17	0.5722
10	4	ἢ	or	15	21	0.5867
10	4	ἀνάγκης	necessary	17	20	0.4558
10	4	εἰκὸς	probable	21	22	0.4213
10	4	γίγνεσθαι	to	22	16	0.465
10	4	διαφέρει	difference	24	30	0.6746
10	4	γὰρ	is	25	27	0.4379
10	4	πολὺ	great	26	29	0.6778
10	4	τὸ	a	27	32	0.4862
10	4	γίγνεσθαι	happening	28	34	0.7171
10	4	τάδε	thing	29	33	0.5593
10	4	διὰ	propter	30	35	0.7469
10	4	τάδε	hoc	31	36	0.7173
10	4	ἢ	and	32	37	0.6698
10	4	μετὰ	post	33	38	0.7463
10	4	τάδε	hoc	34	39	0.6968
11	10	πάθος	an	0	5	0.5257
11	10	δέ	which	1	0	0.4148
11	10	ἐστι	as	2	4	0.5017
11	10	πρᾶξις	action	3	6	0.6781
11	10	φθαρτικὴ	destructive	4	9	0.7847
11	10	ἢ	or	5	10	0.8232
11	10	ὀδυνηρά	painful	6	11	0.7594
11	10	οἷον	as	7	14	0.6751
11	10	ἐν	on	10	16	0.6291
11	10	τῷ	the	11	17	0.6228
11	10	φανερῷ	stage	12	18	0.6399
11	10	θάνατοι	murders	13	15	0.6436
11	10	καὶ	such	14	13	0.4719
11	10	περιωδυνίαι	tortures	16	19	0.6851
11	10	τρώσεις	woundings	18	20	0.685
11	10	καὶ	and	19	21	0.8356
11	10	ὅσα	the	20	22	0.6516
11	10	τοιαῦτα	like	21	23	0.6581
11	1	Ἔστι	is	0	2	0.6676
11	1	δὲ	A	1	0	0.4696
11	1	περιπέτεια	Peripety	2	1	0.7463
11	1	ἡ	the	4	3	0.7445
11	1	εἰς	to	5	13	0.622
11	1	τὸ	its	6	14	0.6996
11	1	ἐναντίον	opposite	7	15	0.7403
11	1	τῶν	the	8	17	0.5998
11	1	πραττομένων	play	9	12	0.5368
11	1	μεταβολὴ	change	10	4	0.729
11	1	καθάπερ	kind	11	18	0.4499
11	1	εἴρηται	described	12	19	0.6813
11	1	καὶ	and	13	20	0.7124
11	1	τοῦτο	that	14	21	0.702
11	1	δὲ	too	15	22	0.5558
11	1	ὥσπερ	way	16	25	0.5521
11	1	λέγομεν	saying	17	28	0.8185
11	1	κατὰ	in	18	29	0.5394
11	1	τὸ	the	19	30	0.5098
11	1	εἰκὸς	probable	20	31	0.5419
11	1	ἢ	or	21	32	0.7427
11	1	ἀναγκαῖον	necessary	22	33	0.7387
11	2	ὥσπερ	as	0	0	0.8429
11	2	ἐν	in	1	5	0.8245
11	2	Οἰδίποδι	Oedipus	3	6	0.8146
11	2	ἐλθὼν	coming	4	19	0.6319
11	2	ὡς	who	5	18	0.4476
11	2	εὐφρανῶν	gladden	6	21	0.6776
11	2	τὸν	the	7	16	0.4645
11	2	Οἰδίπουν	Oedipus	8	22	0.6983
11	2	καὶ	and	9	23	0.7553
11	2	ἀπαλλάξων	remove	10	25	0.7379
11	2	τοῦ	his	11	26	0.5778
11	2	πρὸς	to	12	29	0.6217
11	2	τὴν	his	13	30	0.7176
11	2	μητέρα	mother	14	31	0.7691
11	2	φόβου	fears	15	27	0.6982
11	2	δηλώσας	reveals	16	32	0.6752
11	2	ὃς	his	17	36	0.4213
11	2	ἦν	of	18	35	0.4667
11	2	τοὐναντίον	secret	19	34	0.5113
11	2	ἐποίησεν	produced	20	14	0.5133
11	3	καὶ	And	0	0	0.8142
11	3	ἐν	in	1	1	0.7441
11	3	Λυγκεῖ	Lynceus	3	2	0.7635
11	3	μὲν	just	5	3	0.429
11	3	ἀγόμενος	led	6	8	0.6442
11	3	ὡς	as	7	4	0.5658
11	3	ἀποθανούμενος	death	8	21	0.5598
11	3	Δαναὸς	Danaus	11	34	0.6067
11	3	ἀκολουθῶν	bring	12	26	0.5152
11	3	ὡς	that	13	29	0.5664
11	3	ἀποκτενῶν	is	14	31	0.4793
11	3	τὸν	it	15	27	0.4201
11	3	συνέβη	about	17	28	0.5405
11	3	ἐκ	preceding	18	24	0.4197
11	3	τῶν	the	19	22	0.4885
11	3	πεπραγμένων	this	20	25	0.5562
11	3	ἀποθανεῖν	saved	21	32	0.5781
11	3	δὲ	and	23	33	0.6934
11	3	σωθῆναι	put	24	35	0.5439
11	4	ἀναγνώρισις	Discovery	0	1	0.6808
11	4	δέ	A	1	0	0.4655
11	4	ὥσπερ	as	2	3	0.6768
11	4	καὶ	very	3	5	0.4896
11	4	τοὔνομα	word	4	6	0.6258
11	4	σημαίνει	implies	5	7	0.7751
11	4	ἐξ	from	6	10	0.7632
11	4	ἀγνοίας	ignorance	7	11	0.7379
11	4	εἰς	to	8	12	0.7732
11	4	γνῶσιν	knowledge	9	13	0.7087
11	4	μεταβολή	change	10	9	0.6859
11	4	ἢ	and	11	14	0.5779
11	4	εἰς	to	12	16	0.6251
11	4	φιλίαν	love	13	18	0.6273
11	4	ἢ	or	14	19	0.6399
11	4	ἔχθραν	hate	16	20	0.583
11	4	τῶν	the	17	22	0.52
11	4	πρὸς	for	18	25	0.6575
11	4	εὐτυχίαν	good	19	26	0.6247
11	4	ἢ	or	20	27	0.7764
11	4	δυστυχίαν	evil	21	28	0.7148
11	4	ὡρισμένων	marked	22	24	0.6572
11	5	καλλίστη	finest	0	1	0.7541
11	5	δὲ	The	1	0	0.4249
11	5	ἀναγνώρισις	form	2	2	0.4882
11	5	ὅταν	is	3	5	0.4371
11	5	περιπέτειαι	Peripeties	5	9	0.4867
11	5	γίνωνται	attended	8	7	0.4211
11	5	οἵαν	like	9	10	0.5857
11	5	ἔχει	goes	10	13	0.6592
11	5	ἡ	which	11	12	0.5673
11	5	ἐν	in	12	17	0.6663
11	5	τῷ	the	13	15	0.4083
11	5	Οἰδίποδι	Oedipus	14	18	0.7516
11	6	εἰσὶν	are	0	1	0.7348
11	6	μὲν	no	1	2	0.5206
11	6	οὖν	There	2	0	0.4598
11	6	καὶ	doubt	3	3	0.4166
11	6	ἄλλαι	other	4	4	0.8079
11	6	ἀναγνωρίσεις	forms	5	5	0.5387
11	6	καὶ	in	6	14	0.4059
11	6	γὰρ	may	7	12	0.446
11	6	πρὸς	to	8	19	0.5918
11	6	ἄψυχα	inanimate	9	20	0.6535
11	6	καὶ	even	10	22	0.6409
11	6	τὰ	things	11	23	0.5324
11	6	τυχόντα	casual	12	27	0.6252
11	6	ἔστιν	happen	13	13	0.4692
11	6	ὅπερ	what	15	8	0.4087
11	6	εἴρηται	said	16	11	0.5429
11	6	συμβαίνει	possible	17	33	0.6462
11	6	καὶ	also	18	32	0.5866
11	6	εἰ	whether	19	36	0.6129
11	6	πέπραγέ	has	20	39	0.6002
11	6	τις	some	21	37	0.7452
11	6	ἢ	or	22	41	0.7321
11	6	μὴ	not	23	42	0.7785
11	6	πέπραγεν	done	24	43	0.6641
11	6	ἔστιν	is	25	31	0.5424
11	6	ἀναγνωρίσαι	discover	26	35	0.6406
11	7	ἀλλ	But	0	0	0.8526
11	7	ἡ	the	1	1	0.7305
11	7	μάλιστα	most	2	3	0.7193
11	7	τοῦ	the	3	7	0.6115
11	7	μύθου	Plot	4	8	0.603
11	7	καὶ	and	5	9	0.6849
11	7	ἡ	the	6	10	0.6991
11	7	μάλιστα	directly	7	4	0.5275
11	7	τῆς	the	8	13	0.609
11	7	πράξεως	piece	9	14	0.5716
11	7	ἡ	the	10	16	0.6012
11	7	εἰρημένη	first-mentioned	11	17	0.6159
11	7	ἐστίν	is	12	15	0.6953
11	7	ἡ	This	13	18	0.4599
11	7	ἀναγνώρισις	arouse	16	23	0.4748
11	7	καὶ	with	17	19	0.4103
11	7	περιπέτεια	Peripety	18	21	0.5809
11	7	ἢ	either	19	24	0.5614
11	7	ἔλεον	pity	20	25	0.6436
11	7	ἕξει	will	21	22	0.5549
11	7	ἢ	or	22	26	0.7085
11	7	φόβον	fear—actions	23	27	0.672
11	7	οἵων	that	24	29	0.5399
11	7	πράξεων	of	25	28	0.4809
11	7	ἡ	to	26	36	0.4024
11	7	τραγῳδία	Tragedy	27	33	0.5228
11	7	μίμησις	represent	28	37	0.5552
11	7	ὑπόκειται	is	29	34	0.5767
11	7	ἔτι	what	30	32	0.4032
11	7	δὲ	and	31	38	0.6308
11	7	καὶ	also	32	41	0.66
11	7	τὸ	the	33	46	0.5877
11	7	ἀτυχεῖν	happy	34	47	0.5857
11	7	καὶ	or	35	48	0.5884
11	7	τὸ	ending	36	50	0.4748
11	7	εὐτυχεῖν	unhappy	37	49	0.6722
11	7	ἐπὶ	about	38	45	0.4537
11	7	συμβήσεται	serve	41	42	0.6158
11	8	ἐπεὶ	be	0	8	0.4169
11	8	δὴ	then	1	2	0.7593
11	8	ἡ	The	2	0	0.7207
11	8	ἀναγνώρισις	Discovery	3	1	0.6813
11	8	τινῶν	persons	4	5	0.6592
11	8	ἐστιν	being	5	3	0.6284
11	8	ἀναγνώρισις	that	6	9	0.487
11	8	αἱ	party	7	12	0.553
11	8	μὲν	of	8	10	0.6068
11	8	θατέρου	one	9	11	0.7114
11	8	πρὸς	to	10	14	0.7295
11	8	τὸν	the	11	15	0.7512
11	8	ἕτερον	other	12	16	0.7342
11	8	μόνον	only	13	13	0.7319
11	8	ὅταν	already	14	20	0.4793
11	8	δῆλος	known	15	21	0.5123
11	8	ἅτερος	the	16	17	0.4555
11	8	ἐστιν	being	18	19	0.5145
11	8	ὁτὲ	the	19	24	0.4573
11	8	δὲ	or	20	22	0.5864
11	8	ἀμφοτέρους	both	21	23	0.6218
11	8	δεῖ	have	22	27	0.6745
11	8	ἀναγνωρίσαι	discover	23	29	0.7335
11	8	οἷον	instance	24	33	0.6899
11	8	ἡ	was	25	34	0.418
11	8	μὲν	for	26	32	0.4768
11	8	Ἰφιγένεια	Iphigenia	27	31	0.6993
11	8	τῷ	to	28	36	0.5993
11	8	Ὀρέστῃ	Orestes	29	37	0.68
11	8	ἀνεγνωρίσθη	discovered	30	35	0.707
11	8	ἐκ	by	31	38	0.6134
11	8	τῆς	the	32	40	0.5636
11	8	πέμψεως	sending	33	39	0.6637
11	8	ἐπιστολῆς	letter	35	41	0.4612
11	8	ἐκείνου	him	36	49	0.638
11	8	δὲ	and	37	42	0.6562
11	8	πρὸς	to	38	50	0.6516
11	8	Ἰφιγένειαν	Iphigenia	40	51	0.7001
11	8	ἄλλης	another	41	43	0.5419
11	8	ἔδει	required	42	46	0.5611
11	8	ἀναγνωρίσεως	reveal	43	48	0.6068
11	9	δύο	Two	0	0	0.8596
11	9	οὖν	then	2	5	0.497
11	9	τοῦ	the	3	3	0.7313
11	9	μύθου	Plot	4	4	0.6871
11	9	μέρη	parts	5	1	0.8179
11	9	περὶ	on	6	10	0.582
11	9	ταῦτ	this	7	13	0.6274
11	9	ἐστί	are	8	9	0.5706
11	9	περιπέτεια	Peripety	9	6	0.6181
11	9	καὶ	and	10	7	0.5714
11	9	τρίτον	third	12	16	0.6305
11	9	τούτων	sort	15	14	0.4385
11	9	περιπέτεια	Suffering	17	19	0.4834
11	9	ἀναγνώρισις	Discovery	20	8	0.511
11	9	εἴρηται	is	21	18	0.4909
12	10	μέρη	parts	0	1	0.8034
12	10	δὲ	The	1	0	0.4671
12	10	τραγῳδίας	Tragedy	2	3	0.6939
12	10	οἷς	its	3	20	0.4104
12	10	ὡς	as	5	7	0.5113
12	10	εἴδεσι	elements	6	9	0.4756
12	10	δεῖ	to	7	4	0.4896
12	10	χρῆσθαι	used	8	6	0.701
12	10	πρότερον	already	9	15	0.5578
12	10	εἴπαμεν	mentioned	10	16	0.7103
12	10	κατὰ	from	11	22	0.4974
12	10	τὸ	its	13	28	0.5607
12	10	ποσὸν	quantity	14	29	0.6106
12	10	καὶ	or	15	30	0.5944
12	10	εἰς	into	16	34	0.6744
12	10	ἃ	which	17	35	0.7294
12	10	διαιρεῖται	divided	18	38	0.709
12	10	κεχωρισμένα	separate	19	32	0.561
12	10	ταῦτ	it	20	36	0.4914
12	10	ἐστίν	are	21	19	0.5407
12	1	Μέρη	parts	0	1	0.7139
12	1	τραγῳδίας	Tragedy	2	3	0.7309
12	1	οἷς	The	3	0	0.4587
12	1	ὡς	as	5	7	0.5599
12	1	εἴδεσι	elements	6	9	0.5306
12	1	δεῖ	to	7	4	0.5093
12	1	χρῆσθαι	treated	8	6	0.6511
12	1	πρότερον	previous	9	17	0.6703
12	1	εἴπομεν	mentioned	10	14	0.6653
12	1	κατὰ	of	11	25	0.5692
12	1	δὲ	however	12	24	0.6484
12	1	τὸ	the	13	20	0.5509
12	1	ποσὸν	quantity	14	27	0.594
12	1	καὶ	e	15	29	0.5915
12	1	εἰς	into	16	33	0.6447
12	1	ἃ	which	17	34	0.7042
12	1	διαιρεῖται	divided	18	37	0.6921
12	1	κεχωρισμένα	separate	19	31	0.6346
12	1	τάδε	the	20	41	0.5916
12	1	ἐστίν	has	21	40	0.5451
12	1	πρόλογος	Prologue	22	44	0.6629
12	1	ἐπεισόδιον	following	23	42	0.5173
12	1	ἔξοδος	Episode	24	45	0.5061
12	1	χορικόν	Exode	25	46	0.5616
12	2	καὶ	and	0	0	0.646
12	2	τὸ	a	2	1	0.4754
12	2	πάροδος	Parode	4	6	0.5187
12	2	δὲ	and	6	7	0.5585
12	2	στάσιμον	Stasimon	7	8	0.5387
12	3	κοινὰ	common	0	3	0.7144
12	3	ἁπάντων	all	2	5	0.674
12	3	ταῦτα	these	3	0	0.7167
12	3	δὲ	whereas	5	7	0.5616
12	3	τὰ	songs	6	8	0.4634
12	3	ἀπὸ	from	7	9	0.7022
12	3	τῆς	the	8	10	0.7329
12	3	σκηνῆς	stage	9	11	0.7061
12	3	καὶ	and	10	12	0.6668
12	3	κόμμοι	Commoe	11	13	0.6498
12	4	ἔστιν	is	0	2	0.7046
12	4	πρόλογος	Prologue	2	1	0.7449
12	4	ὅλον	all	5	3	0.6416
12	4	τραγῳδίας	of	6	8	0.4839
12	4	τὸ	the	7	6	0.5328
12	4	χοροῦ	chorus	9	10	0.6801
12	4	παρόδου	Parode	10	7	0.4891
12	5	ἐπεισόδιον	comes	0	4	0.4032
12	5	μέρος	Episode	2	1	0.5356
12	5	ὅλον	all	3	2	0.589
12	5	τὸ	in	5	5	0.4517
12	5	μεταξὺ	between	6	6	0.7317
12	5	ὅλων	whole	7	8	0.6987
12	5	χορικῶν	choral	8	9	0.7119
12	5	μελῶν	songs	9	10	0.6479
12	6	ἔξοδος	Exode	0	1	0.4163
12	6	ὅλον	all	3	2	0.5359
12	6	τραγῳδίας	song	4	9	0.534
12	6	μεθ	after	5	5	0.4414
12	6	ἔστι	follows	8	4	0.4322
12	6	χοροῦ	choral	9	8	0.5572
12	7	χορικοῦ	choral	0	2	0.6946
12	7	δὲ	In	1	0	0.4845
12	7	πάροδος	Parode	2	5	0.5441
12	7	ἡ	the	4	7	0.6829
12	7	πρώτη	first	5	9	0.8078
12	7	λέξις	statement	6	10	0.6155
12	7	ὅλη	whole	7	8	0.7332
12	7	χοροῦ	chorus	8	13	0.7309
12	8	στάσιμον	Stasimon	0	1	0.5256
12	8	μέλος	song	2	3	0.6669
12	8	χοροῦ	chorus	3	6	0.7574
12	8	ἄνευ	without	5	7	0.7663
12	8	ἀναπαίστου	anapaests	6	8	0.803
12	8	καὶ	or	7	9	0.7406
12	8	τροχαίου	trochees	8	10	0.6842
12	9	κόμμος	Commos	0	1	0.4835
12	9	δὲ	a	1	0	0.4766
12	9	θρῆνος	lamentation	2	3	0.5956
12	9	κοινὸς	sung	3	4	0.4348
12	9	χοροῦ	chorus	4	6	0.6821
12	9	καὶ	and	5	7	0.675
12	9	ἀπὸ	in	6	9	0.5411
12	9	σκηνῆς	concert	7	10	0.5815
13	10	σημεῖον	critics	0	1	0.4942
13	10	δὲ	therefore	1	2	0.598
13	10	μέγιστον	wrong	2	4	0.4156
13	10	ἐπὶ	in	3	12	0.4457
13	10	τῶν	his	5	13	0.5981
13	10	σκηνῶν	tragedies	6	14	0.5553
13	10	καὶ	and	7	15	0.4736
13	10	ἀγώνων	them	9	19	0.4075
13	10	τραγικώταται	unhappy	10	21	0.5153
13	10	τοιαῦται	this	12	10	0.4635
13	10	ἂν	to	14	32	0.4037
13	10	κατορθωθῶσιν	ending	15	22	0.4357
13	10	Εὐριπίδης	Euripides	18	7	0.4573
13	10	τραγικώτατός	right	27	30	0.4341
13	10	γε	as	28	25	0.4091
13	10	φαίνεται	said	31	28	0.4385
13	11	δ	this	1	4	0.4334
13	11	ἡ	The	2	0	0.664
13	11	πρώτη	best	3	1	0.5995
13	11	λεγομένη	proof	4	2	0.5015
13	11	ἐστιν	is	7	3	0.6123
13	11	σύστασις	out	8	17	0.457
13	11	ἡ	the	9	22	0.4801
13	11	διπλῆν	tragic	10	25	0.4994
13	11	τε	and	11	26	0.462
13	11	τὴν	his	12	30	0.4582
13	11	σύστασιν	execution	13	31	0.5245
13	11	ἔχουσα	be	14	32	0.4551
13	11	καὶ	even	18	28	0.4821
13	11	τελευτῶσα	faulty	19	33	0.5753
13	11	ἐξ	in	20	34	0.492
13	11	ἐναντίας	other	21	36	0.4658
13	11	τοῖς	the	22	48	0.5243
13	11	βελτίοσι	most	23	44	0.4121
13	11	καὶ	of	24	47	0.4323
13	11	χείροσιν	dramatists	25	49	0.4916
13	12	δοκεῖ	comes	0	2	0.4649
13	12	πρώτη	first	3	10	0.76
13	12	διὰ	After	4	0	0.4179
13	12	τὴν	a	5	13	0.4187
13	12	τῶν	the	6	17	0.4675
13	12	θεάτρων	of	7	5	0.4427
13	12	ἀσθένειαν	story	8	15	0.4574
13	12	ἀκολουθοῦσι	issue	9	22	0.4862
13	12	οἱ	the	11	3	0.4431
13	12	ποιηταὶ	construction	12	4	0.4032
13	12	εὐχὴν	opposite	14	21	0.4581
13	12	ποιοῦντες	and	15	19	0.4244
13	12	τοῖς	the	16	27	0.6186
13	12	θεαταῖς	personages	17	29	0.6098
13	13	ἔστιν	is	0	1	0.5306
13	13	δὲ	It	1	0	0.4225
13	13	οὐχ	not	2	28	0.5352
13	13	ἀπὸ	through	4	6	0.4598
13	13	τραγῳδίας	audiences	5	11	0.5407
13	13	ἡδονὴ	pleasure	6	25	0.5216
13	13	ἀλλὰ	only	7	5	0.4116
13	13	μᾶλλον	merely	8	14	0.5682
13	13	τῆς	their	9	16	0.5331
13	13	κωμῳδίας	writing	10	18	0.5092
13	13	οἰκεία	public	11	17	0.5103
13	13	ἐκεῖ	here	12	26	0.6638
13	13	γὰρ	But	13	23	0.4635
13	13	οἳ	the	14	38	0.4967
13	13	ἔχθιστοι	bitterest	16	39	0.6205
13	13	ὦσιν	is	17	27	0.5201
13	13	ἐν	in	18	41	0.6359
13	13	τῷ	the	19	42	0.6118
13	13	μύθῳ	piece	20	43	0.5659
13	13	οἷον	e	21	44	0.5361
13	13	Ὀρέστης	Orestes	22	46	0.8026
13	13	καὶ	and	23	47	0.8426
13	13	Αἴγισθος	Aegisthus	24	48	0.8074
13	13	φίλοι	friends	25	52	0.7051
13	13	γενόμενοι	enemies	26	40	0.4728
13	13	ἐπὶ	at	27	53	0.6847
13	13	τελευτῆς	end	28	55	0.6832
13	13	ἐξέρχονται	walk	29	49	0.6874
13	13	καὶ	with	30	56	0.5097
13	13	ἀποθνῄσκει	slaying	31	58	0.6375
13	13	οὐδεὶς	any	32	60	0.736
13	13	ὑπ	by	33	62	0.6868
13	13	οὐδενός	one	34	64	0.6445
13	1	Ὧν	What	0	13	0.5947
13	1	δὲ	next	1	1	0.4059
13	1	δεῖ	to	2	17	0.4027
13	1	στοχάζεσθαι	aim	3	18	0.5733
13	1	καὶ	and	4	20	0.6559
13	1	ἃ	what	5	21	0.6366
13	1	δεῖ	is	6	22	0.4846
13	1	εὐλαβεῖσθαι	avoid	7	25	0.6015
13	1	συνιστάντας	constructing	8	27	0.6835
13	1	τοὺς	his	9	28	0.5304
13	1	μύθους	Plots	10	29	0.5924
13	1	καὶ	and	11	30	0.5993
13	1	πόθεν	What	12	32	0.5723
13	1	ἔσται	depends	13	41	0.5782
13	1	τὸ	the	14	38	0.6004
13	1	τῆς	the	15	15	0.4306
13	1	τραγῳδίας	tragic	16	39	0.636
13	1	ἔργον	effect	17	40	0.5725
13	1	ἂν	will	19	9	0.4362
13	1	εἴη	be	20	10	0.4841
13	1	τοῖς	The	22	0	0.4164
13	1	νῦν	above	23	8	0.4333
13	1	εἰρημένοις	said	24	7	0.5754
13	2	ἐπειδὴ	for	0	3	0.4494
13	2	οὖν	therefore	1	41	0.5044
13	2	δεῖ	must	2	11	0.4889
13	2	τὴν	the	3	9	0.4205
13	2	σύνθεσιν	form	4	6	0.4844
13	2	εἶναι	be	5	12	0.5903
13	2	τῆς	the	6	4	0.59
13	2	καλλίστης	finest	7	5	0.7107
13	2	τραγῳδίας	Tragedy	8	8	0.7073
13	2	μὴ	not	9	13	0.7948
13	2	ἁπλῆν	simple	10	14	0.7924
13	2	ἀλλὰ	but	11	15	0.7232
13	2	πεπλεγμένην	complex	12	16	0.5258
13	2	καὶ	and	13	17	0.5898
13	2	φοβερῶν	pity	15	25	0.6125
13	2	καὶ	and	16	26	0.7058
13	2	ἐλεεινῶν	fear	17	27	0.6034
13	2	εἶναι	it	18	20	0.4225
13	2	μιμητικήν	imitate	19	22	0.5969
13	2	τοῦτο	that	20	29	0.5243
13	2	ἴδιον	distinctive	22	32	0.7049
13	2	τῆς	this	23	35	0.6693
13	2	τοιαύτης	kind	24	36	0.7381
13	2	μιμήσεώς	imitation	25	38	0.7631
13	2	ἐστιν	is	26	30	0.573
13	2	πρῶτον	further	27	18	0.4015
13	2	δῆλον	follows	29	40	0.5378
13	2	ὅτι	that	30	42	0.5993
13	2	δεῖ	must	35	21	0.5356
13	2	μεταβάλλοντας	arousing	36	24	0.4712
13	2	φαίνεσθαι	actions	37	23	0.4172
13	2	γὰρ	since	43	28	0.5561
13	2	μιαρόν	avoided	49	51	0.506
13	2	ἐστιν	are	50	44	0.5283
13	3	οὔτε	not	0	5	0.6455
13	3	τοὺς	A	1	1	0.535
13	3	μοχθηροὺς	good	2	2	0.5045
13	3	ἐξ	from	3	9	0.6479
13	3	ἀτυχίας	happiness	4	10	0.6159
13	3	εἰς	to	5	11	0.5865
13	3	εὐτυχίαν	happiness	6	21	0.5748
13	3	ἀτραγῳδότατον	misery	7	12	0.4316
13	3	οὔτε	from	20	18	0.4744
13	3	ἐλεεινὸν	misery	21	19	0.5767
13	3	οὔτε	to	22	20	0.499
13	3	φοβερόν	bad	23	16	0.4319
13	4	οὐδ	not	0	4	0.6986
13	4	αὖ	first	1	1	0.4392
13	4	τὸν	an	2	57	0.5391
13	4	σφόδρα	extremely	3	58	0.4758
13	4	πονηρὸν	fear-inspiring	4	5	0.6042
13	4	ἐξ	from	5	64	0.5878
13	4	εὐτυχίας	happiness	6	65	0.5492
13	4	εἰς	into	7	66	0.6331
13	4	δυστυχίαν	misery	8	67	0.6288
13	4	μεταπίπτειν	is	9	3	0.4793
13	4	τὸ	The	10	13	0.5408
13	4	μὲν	second	11	14	0.4277
13	4	γὰρ	most	12	17	0.458
13	4	φιλάνθρωπον	untragic	13	18	0.6207
13	4	ἔχοι	has	14	23	0.71
13	4	ἂν	can	15	20	0.542
13	4	ἡ	The	16	0	0.5391
13	4	τοιαύτη	that	17	19	0.4332
13	4	σύστασις	situation	18	2	0.6165
13	4	οὔτε	not	20	33	0.633
13	4	ἔλεον	piteous	21	7	0.4115
13	4	οὔτε	or	22	46	0.6278
13	4	φόβον	fears	23	49	0.6602
13	4	ὁ	it	24	31	0.5227
13	4	περὶ	to	27	36	0.6094
13	4	τὸν	the	28	37	0.5634
13	4	ἀνάξιόν	requisites	29	28	0.5525
13	4	ἐστιν	does	30	32	0.5694
13	4	δυστυχοῦντα	appeal	31	34	0.5673
13	4	δὲ	Nor	33	50	0.5056
13	4	περὶ	on	34	51	0.5452
13	4	τὸν	the	35	52	0.4852
13	4	ὅμοιον	other	36	53	0.4914
13	4	ἔλεος	pity	37	45	0.5948
13	4	μὲν	in	38	40	0.4761
13	4	περὶ	to	39	43	0.5632
13	4	τὸν	our	40	44	0.5388
13	4	ἀνάξιον	human	41	38	0.4726
13	4	φόβος	our	42	48	0.467
13	4	περὶ	to	44	47	0.5092
13	4	ὅμοιον	hand	46	54	0.4588
13	4	ὥστε	should	47	55	0.4361
13	4	οὔτε	either	48	35	0.4644
13	4	ἐλεεινὸν	bad	49	59	0.5223
13	4	οὔτε	or	50	6	0.4591
13	4	φοβερὸν	odious	51	10	0.4478
13	4	ἔσται	be	52	61	0.5318
13	5	ὁ	a	0	1	0.5143
13	5	μεταξὺ	story	1	2	0.4636
13	5	τούτων	Such	3	0	0.54
13	5	λοιπός	arouse	4	4	0.5335
13	5	ἔστι	may	5	3	0.5522
13	5	δὲ	but	6	10	0.5338
13	5	τοιοῦτος	human	7	6	0.4083
13	5	μήτε	either	9	17	0.5934
13	5	διαφέρων	occasioned	11	23	0.4647
13	5	καὶ	or	12	19	0.5815
13	5	δικαιοσύνῃ	fear	13	20	0.5442
13	5	μήτε	not	14	13	0.5619
13	5	διὰ	by	15	24	0.6701
13	5	κακίαν	misfortune	16	26	0.7588
13	5	καὶ	and	17	27	0.696
13	5	μοχθηρίαν	pity	18	21	0.6993
13	5	μεταβάλλων	move	19	14	0.5898
13	5	εἰς	to	20	16	0.5833
13	5	δυστυχίαν	pity	22	18	0.5711
13	5	ἀλλὰ	is	23	22	0.4105
13	5	δι	by	24	29	0.5111
13	5	ἁμαρτίαν	undeserved	25	25	0.4691
13	5	τινὰ	one	26	32	0.5127
13	5	τῶν	that	27	30	0.4802
13	5	ἐν	in	28	45	0.4688
13	5	δόξῃ	ourselves	30	34	0.4324
13	5	ὄντων	be	31	39	0.508
13	5	καὶ	or	32	43	0.5172
13	5	εὐτυχίᾳ	fear	33	28	0.6118
13	5	οἷον	so	34	35	0.4642
13	5	Οἰδίπους	piteous	35	42	0.5147
13	5	τῶν	the	41	46	0.5346
13	5	γενῶν	situation	43	47	0.4955
13	5	ἐπιφανεῖς	fear-inspiring	44	44	0.4631
13	6	ἀνάγκη	remains	0	1	0.4112
13	6	ἄρα	then	1	2	0.7514
13	6	τὸν	a	2	8	0.6247
13	6	καλῶς	of	3	6	0.4748
13	6	ἔχοντα	pre-eminently	4	11	0.5047
13	6	μῦθον	personage	5	7	0.6624
13	6	ἁπλοῦν	intermediate	6	4	0.5466
13	6	εἶναι	virtuous	7	12	0.4984
13	6	μᾶλλον	man	8	9	0.4067
13	6	ἢ	and	9	13	0.4559
13	6	ὥσπερ	just	11	14	0.4072
13	6	τινές	him	12	21	0.4253
13	6	φασι	brought	13	19	0.4212
13	6	καὶ	however	14	17	0.5219
13	6	μεταβάλλειν	misfortune	15	16	0.6521
13	6	οὐκ	not	16	22	0.7287
13	6	εἰς	in	17	38	0.4597
13	6	ἐκ	and	19	25	0.6113
13	6	δυστυχίας	depravity	20	26	0.7136
13	6	τοὐναντίον	some	22	29	0.5066
13	6	ἐξ	of	23	31	0.4915
13	6	εὐτυχίας	reputation	24	43	0.4739
13	6	εἰς	the	25	39	0.4128
13	6	δυστυχίαν	prosperity	26	45	0.5363
13	6	διὰ	by	28	23	0.7185
13	6	μοχθηρίαν	vice	29	24	0.6094
13	6	ἀλλὰ	but	30	27	0.7878
13	6	δι	by	31	28	0.7794
13	6	ἁμαρτίαν	error	32	30	0.6261
13	6	μεγάλην	great	33	42	0.6752
13	6	ἢ	of	34	33	0.4415
13	6	οἵου	e.g	35	46	0.4854
13	6	εἴρηται	judgement	36	32	0.4561
13	6	ἢ	Oedipus	37	47	0.4223
13	6	βελτίονος	Thyestes	38	48	0.4759
13	6	ἢ	and	40	44	0.4362
13	6	χείρονος	men	41	51	0.4448
13	7	σημεῖον	perfect	0	1	0.4892
13	7	δὲ	accordingly	1	3	0.5012
13	7	τὸ	a	3	6	0.4023
13	7	γιγνόμενον	have	4	5	0.4101
13	7	πρῶτον	single	5	7	0.4275
13	7	γὰρ	as	7	10	0.4627
13	7	οἱ	The	8	0	0.5108
13	7	ποιηταὶ	some	9	11	0.5289
13	7	τοὺς	the	10	20	0.4798
13	7	τυχόντας	hero's	11	21	0.4802
13	7	μύθους	fortunes	12	22	0.5309
13	7	ἀπηρίθμουν	must	13	23	0.5179
13	7	δὲ	and	15	8	0.5142
13	7	περὶ	on	16	31	0.5432
13	7	ὀλίγας	great	17	52	0.4439
13	7	οἰκίας	happiness	18	29	0.4449
13	7	αἱ	the	19	17	0.4743
13	7	κάλλισται	change	20	18	0.4085
13	7	τραγῳδίαι	depravity	21	48	0.4941
13	7	συντίθενται	lie	22	44	0.5417
13	7	οἷον	as	23	63	0.4189
13	7	Οἰδίπουν	happiness	27	35	0.4188
13	7	Θυέστην	the	33	57	0.4097
13	7	καὶ	not	34	69	0.4016
13	7	Τήλεφον	better	35	68	0.4556
13	7	καὶ	and	36	38	0.4876
13	7	ὅσοις	some	37	51	0.5443
13	7	ἄλλοις	part	38	56	0.4164
13	7	συμβέβηκεν	described	39	66	0.541
13	7	ἢ	either	40	61	0.6126
13	7	παθεῖν	we	41	64	0.4827
13	7	δεινὰ	worse	42	70	0.583
13	7	ἢ	than	43	71	0.531
13	7	ποιῆσαι	that	44	72	0.5293
13	8	ἡ	the	0	21	0.5586
13	8	μὲν	Though	1	5	0.4582
13	8	τέχνην	story	5	13	0.4431
13	8	καλλίστη	finest	6	22	0.7215
13	8	τραγῳδία	tragedies	7	23	0.6424
13	8	ἐκ	in	8	18	0.4676
13	8	ταύτης	these	9	19	0.5287
13	8	τῆς	the	10	27	0.4112
13	8	συστάσεώς	days	11	20	0.4209
13	8	ἐστι	are	12	24	0.707
13	9	διὸ	then	0	4	0.4047
13	9	οἱ	The	2	0	0.5293
13	9	Εὐριπίδῃ	theoretically	3	1	0.528
13	9	τοῦτο	this	9	9	0.4114
13	9	ἐστιν	has	22	5	0.4106
13	9	εἴρηται	description	24	10	0.5017
13	9	ὀρθόν	best	25	2	0.4046
14	10	τοὺς	The	0	0	0.7061
14	10	οὖν	accordingly	2	3	0.5025
14	10	παρειλημμένους	traditional	3	1	0.5978
14	10	μύθους	stories	4	2	0.6858
14	10	λύειν	kept	5	6	0.6468
14	10	ἔστιν	must	7	4	0.4876
14	10	οἷον	e.g	10	10	0.5722
14	10	τὴν	the	11	11	0.5214
14	10	Κλυταιμνήστραν	Clytaemnestra	12	14	0.7445
14	10	ἀποθανοῦσαν	murder	13	12	0.6127
14	10	ὑπὸ	by	14	15	0.7546
14	10	Ὀρέστου	Orestes	16	16	0.75
14	10	καὶ	and	17	17	0.7079
14	10	τὴν	of	18	18	0.4496
14	10	Ἐριφύλην	Eriphyle	19	19	0.7352
14	10	ὑπὸ	by	20	20	0.698
14	10	Ἀλκμέωνος	Alcmeon	22	21	0.7636
14	11	αὐτὸν	himself	0	14	0.4381
14	11	δὲ	the	1	1	0.4337
14	11	καὶ	even	4	4	0.4617
14	11	τοῖς	the	5	12	0.5189
14	11	παραδεδομένοις	them	6	26	0.4094
14	11	χρήσθαι	devise	7	20	0.5329
14	11	καλῶς	right	8	22	0.4819
14	11	λέγομεν	treating	13	25	0.5134
14	11	σαφέστερον	the	15	21	0.4184
14	12	ἔστι	may	0	16	0.5263
14	12	οὕτω	way	3	11	0.4749
14	12	γίνεσθαι	done	4	18	0.6449
14	12	τὴν	The	5	12	0.5651
14	12	πρᾶξιν	deed	6	13	0.5893
14	12	ὥσπερ	what	7	5	0.4234
14	12	οἱ	the	8	27	0.6229
14	12	παλαιοὶ	old	9	28	0.6599
14	12	ἐποίουν	be	10	17	0.5178
14	12	εἰδότας	knowingly	11	22	0.6315
14	12	καὶ	and	12	23	0.6735
14	12	γιγνώσκοντας	consciously	13	24	0.6689
14	12	καθάπερ	as	14	25	0.7204
14	12	καὶ	and	15	30	0.5296
14	12	Εὐριπίδης	Euripides	16	38	0.5536
14	12	ἐποίησεν	poets	17	29	0.4096
14	12	ἀποκτείνουσαν	murder	18	33	0.6082
14	12	τοὺς	her	19	35	0.5987
14	12	παῖδας	children	20	36	0.7322
14	12	Μήδειαν	Medea's	22	32	0.6064
14	13	ἔστιν	may	0	2	0.5788
14	13	δὲ	Or	1	0	0.5842
14	13	πρᾶξαι	do	2	3	0.6459
14	13	μέν	but	3	5	0.5132
14	13	ἀγνοοῦντας	ignorance	4	7	0.6271
14	13	πρᾶξαι	it	6	4	0.439
14	13	δεινόν	relationship	8	10	0.4817
14	13	εἶθ	and	9	11	0.5175
14	13	ὕστερον	afterwards	10	14	0.6935
14	13	ἀναγνωρίσαι	discover	11	12	0.674
14	13	τὴν	the	12	22	0.4631
14	13	φιλίαν	deed	13	23	0.4467
14	13	ὥσπερ	as	14	15	0.7152
14	13	ὁ	the	15	17	0.632
14	13	Σοφοκλέους	Sophocles	16	20	0.6396
14	13	Οἰδίπους	Oedipus	17	18	0.469
14	13	τοῦτο	Here	18	21	0.487
14	13	οὖν	is	20	24	0.4288
14	13	ἔξω	outside	21	25	0.7619
14	13	τοῦ	the	22	26	0.7227
14	13	δράματος	play	23	27	0.6839
14	13	ἐν	within	24	32	0.4518
14	13	δ	but	25	28	0.5688
14	13	αὐτῇ	it	26	33	0.512
14	13	τῇ	the	27	35	0.4224
14	13	τραγῳδίᾳ	act	28	36	0.4514
14	13	οἷον	like	29	34	0.6663
14	13	ὁ	the	30	38	0.6544
14	13	Ἀλκμέων	Alcmeon	31	39	0.7119
14	13	ὁ	in	32	40	0.4946
14	13	Ἀστυδάμαντος	Astydamas	33	41	0.5939
14	13	ἢ	or	34	42	0.7394
14	13	ὁ	the	35	45	0.697
14	13	Τηλέγονος	Telegonus	36	46	0.7603
14	13	ὁ	that	37	43	0.5123
14	13	ἐν	in	38	47	0.5371
14	13	τραυματίᾳ	Wounded	40	49	0.5002
14	13	Ὀδυσσεῖ	Ulysses	41	48	0.5646
14	14	δὲ	A	1	0	0.5234
14	14	τρίτον	third	2	1	0.764
14	14	παρὰ	for	3	4	0.4038
14	14	τὸ	one	5	5	0.4176
14	14	μέλλοντα	time	6	22	0.4382
14	14	ποιεῖν	meditating	7	6	0.5368
14	14	τι	some	8	7	0.6016
14	14	τῶν	his	9	15	0.4532
14	14	ἀνηκέστων	deadly	10	8	0.5048
14	14	δι	in	11	12	0.6436
14	14	ἄγνοιαν	ignorance	12	13	0.5538
14	14	ἀναγνωρίσαι	discovery	13	20	0.532
14	14	πρὶν	to	14	17	0.5586
14	14	ποιήσαι	make	15	18	0.6267
14	15	παρὰ	possibilities	1	3	0.4192
14	15	ταῦτα	These	2	0	0.6194
14	15	οὐκ	exhaust	3	1	0.4312
14	15	ἔστιν	be	4	9	0.4548
14	15	ἢ	either	6	10	0.467
14	15	γὰρ	since	7	4	0.6402
14	15	πρᾶξαι	deed	8	6	0.6449
14	15	ἀνάγκη	must	9	7	0.5237
14	15	ἢ	either	10	16	0.6675
14	15	μὴ	not	11	13	0.646
14	15	καὶ	and	12	15	0.4678
14	15	εἰδότας	knowingly	13	17	0.5859
14	15	ἢ	or	14	18	0.7334
14	15	εἰδότας	unknowingly	16	19	0.6874
14	16	τούτων	situation	0	2	0.4431
14	16	δὲ	The	1	0	0.4886
14	16	τὸ	the	2	5	0.458
14	16	γινώσκοντα	personage	4	6	0.5366
14	16	μελλῆσαι	is	5	7	0.5485
14	16	καὶ	and	6	18	0.6533
14	16	μὴ	leaves	7	19	0.5071
14	16	πρᾶξαι	undone	8	21	0.5334
14	16	χείριστον	worst	9	1	0.4976
14	16	τό	It	10	22	0.4408
14	16	μιαρὸν	odious	13	24	0.6123
14	16	ἔχει	is	14	23	0.5364
14	16	καὶ	and	15	25	0.6263
14	16	οὐ	absence	16	29	0.4702
14	16	τραγικόν	suffering	17	31	0.5828
14	16	ἀπαθὲς	untragic	18	32	0.7653
14	16	γάρ	is	19	35	0.4667
14	16	διόπερ	hence	20	33	0.7302
14	16	οὐδεὶς	no	21	37	0.8373
14	16	ποιεῖ	is	22	39	0.6742
14	16	ὁμοίως	thus	23	43	0.6569
14	16	εἰ	except	24	44	0.6367
14	16	μὴ	one	25	38	0.4164
14	16	ὀλιγάκις	few	26	47	0.6352
14	16	οἷον	e	27	49	0.6732
14	16	ἐν	in	28	54	0.5193
14	16	Ἀντιγόνῃ	Antigone	29	55	0.6483
14	16	Κρέοντα	Creon	31	53	0.5624
14	16	ὁ	and	32	52	0.4488
14	16	Αἵμων	Haemon	33	51	0.4761
14	17	τὸ	the	0	4	0.5779
14	17	πρᾶξαι	perpetration	2	6	0.5406
14	17	δεύτερον	Next	3	0	0.5639
14	18	βέλτιον	better	0	1	0.6832
14	18	δὲ	A	1	0	0.5288
14	18	τὸ	for	2	7	0.5492
14	18	ἀγνοοῦντα	ignorance	3	14	0.6151
14	18	μὲν	however	4	5	0.4909
14	18	πρᾶξαι	deed	5	9	0.631
14	18	πράξαντα	done	6	12	0.5536
14	18	δὲ	and	7	15	0.6514
14	18	ἀναγνωρίσαι	discovered	8	18	0.6315
14	18	γὰρ	since	11	20	0.5501
14	18	μιαρὸν	odious	12	24	0.6055
14	18	οὐ	nothing	13	23	0.5502
14	18	πρόσεστιν	is	14	22	0.5482
14	18	καὶ	and	15	27	0.6928
14	18	ἡ	the	16	28	0.6377
14	18	ἀναγνώρισις	Discovery	17	29	0.6055
14	18	ἐκπληκτικόν	astound	18	33	0.5424
14	19	κράτιστον	best	0	2	0.7647
14	19	δὲ	But	1	0	0.8175
14	19	τὸ	the	2	6	0.806
14	19	τελευταῖον	last	3	7	0.7606
14	19	λέγω	we	4	9	0.5429
14	19	δὲ	for	5	13	0.5696
14	19	οἷον	example	6	14	0.7789
14	19	ἐν	in	7	11	0.685
14	19	Κρεσφόντῃ	Cresphontes	9	12	0.7121
14	19	ἡ	where	10	15	0.4151
14	19	Μερόπη	Merope	11	16	0.7632
14	19	μέλλει	point	12	19	0.5816
14	19	τὸν	her	13	22	0.6733
14	19	υἱὸν	son	14	23	0.7652
14	19	ἀποκτείνειν	slaying	15	21	0.6474
14	19	ἀποκτείνει	of	16	20	0.4615
14	19	δὲ	time	17	27	0.4018
14	19	ἀνεγνώρισε	recognizes	20	24	0.6198
14	19	καὶ	where	21	42	0.411
14	19	ἐν	in	22	28	0.6187
14	19	Ἰφιγενείᾳ	Iphigenia	24	29	0.735
14	19	ἀδελφή	sister	26	31	0.7274
14	19	τὸν	and	27	32	0.4138
14	19	ἀδελφόν	brother	28	33	0.6136
14	19	καὶ	and	29	39	0.6184
14	19	ἐν	in	30	40	0.685
14	19	τῇ	her	31	57	0.4608
14	19	Ἕλλῃ	Helle	32	41	0.6432
14	19	ὁ	the	33	43	0.7524
14	19	υἱὸς	son	34	44	0.7765
14	19	τὴν	his	35	46	0.6696
14	19	μητέρα	mother	36	47	0.7759
14	19	ἐκδιδόναι	giving	37	53	0.6446
14	19	μέλλων	point	38	51	0.5913
14	19	ἀνεγνώρισεν	recognizes	39	45	0.551
14	1	Ἔστιν	may	0	5	0.5358
14	1	τὸ	The	3	0	0.7082
14	1	φοβερὸν	fear	4	2	0.6937
14	1	καὶ	and	5	3	0.7584
14	1	ἐλεεινὸν	pity	6	4	0.7153
14	1	ἐκ	by	7	8	0.4255
14	1	γίγνεσθαι	aroused	10	7	0.6021
14	1	ἔστιν	may	11	13	0.5237
14	1	δὲ	but	12	11	0.6321
14	1	καὶ	also	13	14	0.7093
14	1	ἐξ	by	14	17	0.6216
14	1	αὐτῆς	very	15	19	0.6829
14	1	τῆς	the	16	18	0.5456
14	1	συστάσεως	structure	17	20	0.6299
14	1	τῶν	the	18	24	0.7025
14	1	πραγμάτων	of	19	23	0.593
14	1	ὅπερ	play—which	20	25	0.6065
14	1	ἐστὶ	is	21	26	0.6088
14	1	πρότερον	better	22	28	0.5464
14	1	καὶ	and	23	30	0.6647
14	1	ποιητοῦ	poet	24	34	0.6718
14	1	ἀμείνονος	better	25	33	0.5274
14	20	διὰ	why	0	3	0.5476
14	20	γὰρ	explain	1	2	0.4444
14	20	τοῦτο	This	2	0	0.6009
14	20	ὅπερ	as	3	8	0.685
14	20	πάλαι	now	4	12	0.535
14	20	εἴρηται	said	5	10	0.6716
14	20	οὐ	restricted	6	7	0.4321
14	20	περὶ	to	7	13	0.6506
14	20	πολλὰ	small	8	16	0.7012
14	20	γένη	families	9	19	0.6107
14	20	αἱ	our	10	4	0.5538
14	20	τραγῳδίαι	tragedies	11	5	0.6809
14	20	εἰσίν	are	12	6	0.6133
14	20	ζητοῦντες	quest	13	31	0.5733
14	20	οὐκ	rather	15	23	0.4988
14	20	ἀπὸ	accident	16	22	0.4506
14	20	τέχνης	art	17	25	0.5753
14	20	ἀλλ	than	18	24	0.463
14	20	ἀπὸ	in	19	30	0.5057
14	20	τύχης	subjects	20	33	0.4889
14	20	εὗρον	led	21	27	0.4755
14	20	τὸ	this	22	36	0.6827
14	20	τοιοῦτον	kind	23	37	0.6812
14	20	παρασκευάζειν	embody	24	35	0.5953
14	20	ἐν	in	25	40	0.661
14	20	τοῖς	their	26	41	0.6224
14	20	μύθοις	Plots	27	42	0.6241
14	20	ἀναγκάζονται	obliged	28	46	0.8064
14	20	οὖν	accordingly	29	47	0.5701
14	20	ἐπὶ	to	30	51	0.6185
14	20	τὰς	the	32	52	0.743
14	20	οἰκίας	families	33	53	0.7005
14	20	ἀπαντᾶν	recourse	34	50	0.7075
14	20	ὅσαις	which	35	55	0.6652
14	20	τὰ	have	36	58	0.5243
14	20	τοιαῦτα	such	37	56	0.7793
14	20	συμβέβηκε	occurred	38	59	0.8092
14	20	πάθη	horrors	39	57	0.7262
14	21	περὶ	On	0	0	0.7225
14	21	τῆς	the	3	1	0.7572
14	21	τῶν	the	4	4	0.6573
14	21	πραγμάτων	of	5	3	0.5399
14	21	συστάσεως	construction	6	2	0.7444
14	21	καὶ	and	7	6	0.621
14	21	ποίους	kind	8	8	0.5151
14	21	δεῖ	required	11	11	0.6372
14	21	τοὺς	the	12	7	0.4048
14	21	μύθους	Tragedy	13	13	0.5037
14	21	εἴρηται	said	14	18	0.8089
14	21	ἱκανῶς	enough	15	14	0.5606
14	2	δεῖ	should	0	4	0.4181
14	2	γὰρ	in	1	2	0.6783
14	2	καὶ	even	2	9	0.666
14	2	ἄνευ	without	3	10	0.5931
14	2	ὁρᾶν	seeing	5	11	0.6358
14	2	οὕτω	so	6	6	0.6229
14	2	συνεστάναι	framed	7	7	0.6246
14	2	τὸν	The	8	0	0.5764
14	2	μῦθον	Plot	9	1	0.5848
14	2	ὥστε	that	10	8	0.6202
14	2	τὸν	he	11	16	0.6155
14	2	ἀκούοντα	hears	12	19	0.6454
14	2	τὰ	the	13	12	0.6478
14	2	πράγματα	things	14	13	0.6251
14	2	γινόμενα	take	15	14	0.5813
14	2	καὶ	be	16	25	0.4046
14	2	φρίττειν	horror	17	28	0.5963
14	2	καὶ	and	18	29	0.6969
14	2	ἐλεεῖν	pity	19	30	0.6876
14	2	ἐκ	at	20	31	0.6673
14	2	τῶν	the	21	32	0.6848
14	2	συμβαινόντων	incidents	22	33	0.6336
14	2	ἅπερ	which	23	34	0.6103
14	2	ἂν	would	24	48	0.6049
14	2	πάθοι	effect	25	38	0.4973
14	2	τις	one	26	51	0.4787
14	2	ἀκούων	recital	27	42	0.4879
14	2	τὸν	the	28	40	0.5632
14	2	τοῦ	in	29	46	0.5717
14	2	Οἰδίπου	Oedipus	30	47	0.6993
14	2	μῦθον	story	31	45	0.5533
14	3	τὸ	To	0	0	0.4856
14	3	διὰ	by	2	5	0.676
14	3	τῆς	the	3	8	0.5458
14	3	ὄψεως	Spectacle	4	9	0.4871
14	3	τοῦτο	this	5	2	0.6715
14	3	παρασκευάζειν	produce	6	1	0.5435
14	3	ἀτεχνότερον	artistic	7	12	0.6894
14	3	καὶ	and	8	13	0.794
14	3	χορηγίας	aid	9	16	0.7088
14	3	δεόμενόν	requires	10	14	0.7542
14	3	ἐστιν	is	11	10	0.5288
14	4	οἱ	Those	0	0	0.7259
14	4	δὲ	however	1	1	0.7083
14	4	τὸ	is	3	14	0.4887
14	4	φοβερὸν	monstrous	4	16	0.5972
14	4	ἀλλὰ	and	8	17	0.544
14	4	τὸ	of	9	20	0.462
14	4	τερατῶδες	fear	10	21	0.6026
14	4	μόνον	merely	11	15	0.564
14	4	παρασκευάζοντες	put	12	9	0.5701
14	4	οὐδὲν	not	13	18	0.5859
14	4	τραγῳδίᾳ	Tragedy	14	28	0.6008
14	4	κοινωνοῦσιν	are	15	22	0.6259
14	4	οὐ	not	16	29	0.7625
14	4	πᾶσαν	every	18	30	0.7075
14	4	δεῖ	should	19	34	0.6461
14	4	ζητεῖν	required	20	36	0.6964
14	4	ἡδονὴν	pleasure	21	33	0.7248
14	4	ἀπὸ	of	22	37	0.7162
14	4	τραγῳδίας	tragedy	23	39	0.6909
14	4	ἀλλὰ	but	24	40	0.7344
14	4	τὴν	its	25	42	0.6311
14	4	οἰκείαν	own	26	43	0.6524
14	5	τὴν	that	2	4	0.4913
14	5	ἀπὸ	of	3	5	0.6018
14	5	ἐλέου	pity	4	6	0.7415
14	5	καὶ	and	5	7	0.8411
14	5	φόβου	fear	6	8	0.8438
14	5	διὰ	by	7	16	0.6257
14	5	μιμήσεως	imitation	8	20	0.6665
14	5	δεῖ	has	9	12	0.5806
14	5	ἡδονὴν	pleasure	10	2	0.529
14	5	παρασκευάζειν	produce	11	14	0.5184
14	5	τὸν	the	12	10	0.7594
14	5	ποιητήν	poet	13	11	0.7865
14	5	φανερὸν	clear	14	23	0.7423
14	5	ὡς	that	15	25	0.6184
14	5	τοῦτο	the	16	26	0.5577
14	5	ἐν	in	17	31	0.6211
14	5	τοῖς	the	18	32	0.6175
14	5	πράγμασιν	incidents	19	33	0.614
14	5	ἐμποιητέον	included	20	30	0.5993
14	6	ποῖα	what	0	4	0.6272
14	6	οὖν	then	1	3	0.7033
14	6	δεινὰ	horrible	2	11	0.6855
14	6	ἢ	or	3	12	0.6259
14	6	ποῖα	as	4	14	0.4053
14	6	φαίνεται	strike	6	8	0.553
14	6	λάβωμεν	see	9	2	0.6427
14	6	ἢ	rather	12	13	0.4529
14	6	φίλων	piteous	13	15	0.554
14	6	τὰς	of	17	6	0.4108
14	6	τοιαύτας	kinds	18	5	0.5155
14	6	πράξεις	incident	19	7	0.623
14	7	ἂν	must	0	8	0.5607
14	7	μὲν	necessarily	1	9	0.498
14	7	οὖν	Now	2	20	0.5123
14	7	ἐχθρὸς	enemy	3	22	0.5499
14	7	ἐχθρόν	parties	4	7	0.4439
14	7	οὐδὲν	nothing	5	29	0.6752
14	7	ἐλεεινὸν	pity	6	34	0.5539
14	7	οὔτε	either	7	35	0.72
14	7	ποιῶν	doing	8	38	0.7897
14	7	οὔτε	or	9	39	0.7004
14	7	μέλλων	meditating	10	42	0.6412
14	7	πλὴν	except	11	45	0.5857
14	7	κατ	as	12	48	0.4512
14	7	αὐτὸ	actual	13	50	0.5382
14	7	τὸ	the	14	43	0.5145
14	7	πάθος	deed	15	44	0.6125
14	8	οὐδ	and	0	0	0.435
14	8	μηδετέρως	another	2	12	0.5023
14	8	ἔχοντες	are	3	8	0.484
14	9	ὅταν	Whenever	0	0	0.8599
14	9	δ	however	1	4	0.5846
14	9	ἐν	within	2	7	0.5384
14	9	ταῖς	the	3	8	0.6476
14	9	φιλίαις	tragic	4	2	0.5361
14	9	ἐγγένηται	is	5	5	0.757
14	9	τὰ	the	6	1	0.7367
14	9	πάθη	deed	7	3	0.7175
14	9	οἷον	family—when	8	9	0.5991
14	9	ἀδελφὸς	brother	10	19	0.5931
14	9	ἀδελφὸν	brother	11	21	0.5576
14	9	ἢ	or	12	11	0.5751
14	9	υἱὸς	son	13	29	0.6174
14	9	πατέρα	father	14	25	0.6209
14	9	ἢ	or	15	16	0.5792
14	9	μήτηρ	on	16	32	0.5156
14	9	υἱὸν	son	17	23	0.5927
14	9	ἢ	or	18	30	0.6574
14	9	υἱὸς	son	19	31	0.6453
14	9	μητέρα	mother	20	27	0.5991
14	9	ἀποκτείνῃ	is	21	14	0.5194
14	9	μέλλῃ	meditated	23	17	0.5599
14	9	δρᾷ	done	28	6	0.5505
14	9	ταῦτα	mother—these	29	33	0.5878
14	9	ζητητέον	seek	30	40	0.6587
15	10b	φανερὸν	digress	0	47	0.4055
15	10b	οὖν	so	1	0	0.5716
15	10b	ὅτι	that	2	1	0.5631
15	10b	καὶ	also	3	54	0.6068
15	10b	τὰς	the	4	15	0.5484
15	10b	λύσεις	outcome	5	19	0.6099
15	10b	τῶν	his	6	21	0.5647
15	10b	μύθων	personage	7	5	0.5385
15	10b	ἐξ	of	8	58	0.4541
15	10b	αὐτοῦ	itself	9	61	0.5321
15	10b	δεῖ	shall	10	13	0.5255
15	10b	τοῦ	the	11	52	0.4768
15	10b	μύθου	character	12	22	0.5611
15	10b	συμβαίνειν	be	13	14	0.562
15	10b	καὶ	and	14	23	0.6249
15	10b	μὴ	not	15	63	0.7286
15	10b	ὥσπερ	as	16	68	0.683
15	10b	ἐν	in	17	69	0.6721
15	10b	Μηδείᾳ	Medea	19	70	0.6379
15	10b	ἀπὸ	out	20	57	0.5006
15	10b	μηχανῆς	stage-artifice	21	67	0.5082
15	10b	καὶ	or	22	71	0.556
15	10b	ἐν	in	23	82	0.5252
15	10b	τῇ	the	24	83	0.57
15	10b	Ἰλιάδι	Iliad	25	84	0.6341
15	10b	τὰ	the	26	73	0.582
15	10b	περὶ	of	27	75	0.4935
15	10b	τὸν	the	28	76	0.5628
15	10b	ἀπόπλουν	departure	29	78	0.5548
15	10c	ἀλλὰ	The	0	0	0.4589
15	10c	μηχανῇ	artifice	1	1	0.5632
15	10c	χρηστέον	must	2	2	0.6306
15	10c	ἐπὶ	for	3	5	0.6176
15	10c	τὰ	matters	4	6	0.6567
15	10c	ἔξω	outside	5	7	0.7403
15	10c	τοῦ	the	6	8	0.614
15	10c	δράματος	play	7	9	0.5906
15	10c	ἢ	for	8	10	0.4278
15	10c	γέγονεν	come	12	20	0.4777
15	10c	ἃ	beyond	13	13	0.4897
15	10c	οἷόν	privilege	15	32	0.424
15	10c	ἄνθρωπον	human	17	14	0.5095
15	10c	εἰδέναι	knowledge	18	15	0.5194
15	10c	ἢ	or	19	16	0.6433
15	10c	ὅσα	events	20	17	0.4616
15	10c	ὕστερον	to	21	19	0.5082
15	10c	ἃ	which	22	21	0.5499
15	10c	δεῖται	require	23	22	0.674
15	10c	προαγορεύσεως	foretold	24	25	0.6594
15	10c	καὶ	or	25	26	0.6354
15	10c	ἀγγελίας	announced	26	27	0.6412
15	10c	ἅπαντα	everything	27	38	0.6647
15	10c	γὰρ	since	28	28	0.5677
15	10c	ἀποδίδομεν	is	29	30	0.4869
15	10c	τοῖς	the	30	34	0.7311
15	10c	θεοῖς	Gods	31	35	0.7827
15	10c	ὁρᾶν	know	32	37	0.5899
15	10d	ἄλογον	improbable	0	4	0.7685
15	10d	δὲ	should	1	1	0.4519
15	10d	μηδὲν	nothing	2	3	0.7945
15	10d	εἶναι	be	3	2	0.8277
15	10d	ἐν	among	4	5	0.7259
15	10d	τοῖς	the	5	6	0.751
15	10d	πράγμασιν	incidents	6	8	0.7806
15	10d	εἰ	If	7	9	0.692
15	10d	δὲ	however	8	13	0.6352
15	10d	μή	unavoidable	9	12	0.5433
15	10d	ἔξω	outside	10	17	0.7382
15	10d	τῆς	the	11	18	0.7851
15	10d	τραγῳδίας	tragedy	12	19	0.7216
15	10d	οἷον	like	13	20	0.7569
15	10d	τὸ	the	14	21	0.6775
15	10d	ἐν	in	15	23	0.7635
15	10d	τῷ	the	16	24	0.7619
15	10d	Οἰδίποδι	Oedipus	17	25	0.7928
15	10d	τῷ	of	18	26	0.5936
15	10d	Σοφοκλέους	Sophocles	19	27	0.7987
15	10	χρὴ	required	0	9	0.5758
15	10	δὲ	have	1	1	0.4673
15	10	καὶ	an	2	2	0.4083
15	10	ἐν	of	3	4	0.514
15	10	τοῖς	the	4	11	0.4842
15	10	ἤθεσιν	character	5	7	0.6014
15	10	ὥσπερ	as	6	63	0.4832
15	10	καὶ	story	7	12	0.4345
15	10	ἐν	in	8	64	0.5816
15	10	τῇ	the	9	24	0.5536
15	10	τῶν	the	10	68	0.5257
15	10	πραγμάτων	play	11	69	0.4394
15	10	συστάσει	baseness	12	5	0.5421
15	10	ἀεὶ	always	13	72	0.5111
15	10	ζητεῖν	instance	14	3	0.4896
15	10	ἢ	not	15	8	0.443
15	10	τὸ	the	16	19	0.5715
15	10	ἀναγκαῖον	incongruous	17	20	0.6329
15	10	ἢ	and	18	21	0.4418
15	10	τὸ	the	19	32	0.492
15	10	εἰκός	speech	20	34	0.4484
15	10	ὥστε	where	21	44	0.5245
15	10	τὸν	Iphigenia	22	45	0.4516
15	10	πράττειν	suppliant	28	47	0.4764
15	10	ἢ	unlike	29	50	0.4268
15	10	ἀναγκαῖον	right	30	55	0.5493
15	10	ἢ	however	31	57	0.4952
15	10	εἰκὸς	Iphigenia	32	53	0.4453
15	10	καὶ	just	33	62	0.5015
15	10	τοῦτο	thing	34	56	0.5253
15	10	μετὰ	after	35	73	0.5767
15	10	τοῦτο	the	36	74	0.5426
15	10	γίνεσθαι	is	37	58	0.5512
15	10	ἢ	to	38	70	0.4342
15	10	ἀναγκαῖον	necessary	39	75	0.6111
15	10	ἢ	or	40	76	0.7085
15	10	εἰκός	probable	41	78	0.6639
15	11	ἐπεὶ	to	0	1	0.4716
15	11	δὲ	But	1	0	0.7807
15	11	μίμησίς	an	2	9	0.4659
15	11	ἐστιν	is	3	8	0.642
15	11	τραγῳδία	Tragedy	5	7	0.5521
15	11	βελτιόνων	better	6	13	0.6801
15	11	ἡμᾶς	we	7	18	0.4835
15	11	δεῖ	should	8	22	0.4973
15	11	μιμεῖσθαι	imitation	9	10	0.6281
15	11	τοὺς	the	10	4	0.5337
15	11	ἀγαθοὺς	Characters	11	5	0.4792
15	11	εἰκονογράφους	personages	12	12	0.5365
15	11	γὰρ	way	14	21	0.4065
15	11	ἀποδιδόντες	reproduce	16	30	0.557
15	11	τὴν	the	17	31	0.5191
15	11	μορφὴν	features	19	33	0.5927
15	11	ὁμοίους	distinctive	20	32	0.5849
15	11	ποιοῦντες	who	21	29	0.4941
15	11	καλλίους	good	22	27	0.6255
15	11	γράφουσιν	follow	23	23	0.5424
15	11	οὕτω	in	24	19	0.5353
15	11	καὶ	our	25	20	0.4423
15	11	τὸν	the	26	24	0.5249
15	11	ποιητὴν	portrait-painters	27	28	0.5845
15	11	ῥᾳθύμους	without	32	42	0.4132
15	11	καὶ	and	33	37	0.4782
15	11	τἆλλα	the	34	39	0.4705
15	11	τὰ	the	35	44	0.5257
15	11	τοιαῦτα	likeness	36	45	0.4818
15	11	ἔχοντας	losing	37	43	0.5044
15	11	τοιούτους	than	41	49	0.4606
15	11	ὄντας	is	42	51	0.6255
15	11	ἐπιεικεῖς	handsomer	43	48	0.5465
15	11	ποιεῖν	make	44	46	0.5953
15	11	παράδειγμα	example	45	25	0.4934
15	11	σκληρότητος	him	46	47	0.4024
15	12	ταῦτα	these	0	43	0.625
15	12	δὴ	in	1	2	0.5173
15	12	διατηρεῖν	portraying	2	6	0.5713
15	12	καὶ	also	3	54	0.5323
15	12	πρὸς	in	4	70	0.4076
15	12	τούτοις	them	5	24	0.4605
15	12	παρὰ	with	7	14	0.4674
15	12	ἐξ	at	9	28	0.4213
15	12	ἀνάγκης	quick	10	8	0.4464
15	12	ἀκολουθούσας	similar	11	15	0.5585
15	12	αἰσθήσεις	infirmities	12	16	0.4919
15	12	τῇ	the	13	67	0.5781
15	12	ποιητικῇ	poet	14	68	0.5652
15	12	καὶ	and	15	27	0.5752
15	12	γὰρ	since	16	69	0.5286
15	12	κατ	as	17	25	0.4883
15	12	αὐτὰς	such	18	26	0.5658
15	12	ἔστιν	must	19	46	0.4541
15	12	ἁμαρτάνειν	mistakes	20	77	0.6384
15	12	πολλάκις	often	21	75	0.5462
15	12	εἴρηται	said	22	82	0.6862
15	12	δὲ	and	23	51	0.5688
15	12	περὶ	on	24	83	0.5837
15	12	αὐτῶν	those	25	53	0.5677
15	12	ἐν	in	26	86	0.6652
15	12	τοῖς	our	27	89	0.5775
15	12	ἐκδεδομένοις	published	28	90	0.7059
15	12	λόγοις	writings	29	91	0.7055
15	12	ἱκανῶς	directly	30	61	0.5228
15	1	Περὶ	In	0	0	0.5426
15	1	τὰ	the	2	1	0.5128
15	1	ἤθη	Characters	3	2	0.4917
15	1	τέτταρά	four	4	5	0.738
15	1	ἐστιν	are	5	4	0.6644
15	1	δεῖ	to	7	7	0.4102
15	1	στοχάζεσθαι	aim	8	8	0.5502
15	1	ἓν	First	9	10	0.4826
15	1	καὶ	and	11	11	0.7223
15	1	πρῶτον	foremost	12	12	0.7547
15	1	ὅπως	that	13	13	0.6847
15	1	χρηστὰ	good	14	17	0.7728
15	1	ᾖ	be	15	16	0.7569
15	2	ἕξει	be	0	2	0.6971
15	2	δὲ	will	1	1	0.4301
15	2	ἦθος	character	2	6	0.6076
15	2	ἐὰν	if	4	10	0.7114
15	2	ὥσπερ	as	5	11	0.598
15	2	ἐλέχθη	observed	6	14	0.5251
15	2	ποιῇ	has	7	12	0.4179
15	2	φανερὸν	been	8	13	0.4048
15	2	ὁ	a	9	16	0.581
15	2	λόγος	says	10	18	0.5591
15	2	ἢ	or	11	19	0.4815
15	2	ἡ	what	12	15	0.4878
15	2	πρᾶξις	personage	13	17	0.484
15	2	προαίρεσίν	reveals	14	21	0.5189
15	2	τινα	certain	15	23	0.6504
15	2	χρηστὸν	purpose	16	25	0.4214
15	2	χρηστήν	moral	19	24	0.5424
15	3	δὲ	and	1	0	0.6594
15	3	γένει	character	4	5	0.4799
15	3	χρηστὴ	good	9	2	0.489
15	3	δοῦλος	revealed	11	10	0.4068
15	3	τὸ	the	16	7	0.4005
15	3	φαῦλόν	good	22	12	0.4695
15	3	ἐστιν	is	23	11	0.6636
15	4	τὸ	Such	2	0	0.4701
15	4	ἁρμόττοντα	personage	3	8	0.5113
15	4	ἔστιν	is	4	2	0.6228
15	4	γὰρ	though	5	16	0.4923
15	4	ἀνδρεῖον	inferior	6	22	0.6324
15	4	μὲν	perhaps	7	20	0.544
15	4	ἦθος	goodness	9	1	0.467
15	4	ἀλλ	and	10	23	0.5719
15	4	ἁρμόττον	an	12	21	0.4472
15	4	γυναικείῳ	woman	13	12	0.4348
15	4	τὸ	the	14	24	0.4362
15	4	ἢ	or	16	13	0.4771
15	4	δεινὴν	worthless	17	28	0.6087
15	4	εἶναι	being	18	29	0.6994
15	5	τρίτον	second	0	1	0.7614
15	5	δὲ	point	1	2	0.4709
15	5	τὸ	The	2	0	0.4832
15	5	τοῦτο	them	4	6	0.4881
15	5	χρηστὸν	appropriate	8	7	0.4655
15	5	ἁρμόττον	manly	12	15	0.48
15	5	ποιῆσαι	make	13	5	0.5639
15	5	εἴρηται	say	15	14	0.5049
15	6	τέταρτον	female	0	7	0.4251
15	6	δὲ	but	1	0	0.6174
15	6	ἀνώμαλός	manly	6	11	0.4328
15	6	ἀνώμαλον	clever	19	13	0.5017
15	6	δεῖ	is	20	2	0.4873
15	6	εἶναι	be	21	10	0.6164
15	7	ἔστω	is	0	2	0.5966
15	7	δὲ	The	1	0	0.4227
15	7	παράδειγμα	third	2	1	0.456
15	7	πονηρίας	good	3	17	0.4464
15	7	ἤθους	reality	5	8	0.5279
15	7	μὴ	not	6	11	0.6976
15	7	ἀναγκαίου	appropriate	7	19	0.5149
15	7	οἷον	as	8	14	0.4404
15	8	τοῦ	them	0	5	0.4182
15	8	ἀπρεποῦς	consistent	2	6	0.4961
15	8	καὶ	and	3	7	0.5265
15	8	ὅ	The	6	0	0.5065
15	8	θρῆνος	fourth	8	1	0.4697
15	8	ἡ	the	16	8	0.4105
15	9	τοῦ	the	0	6	0.4604
15	9	ἀνωμάλου	inconsistency	2	2	0.5054
15	9	ἱκετεύουσα	presenting	11	13	0.4831
15	9	τῇ	that	12	14	0.4159
15	9	ὑστέρᾳ	imitation	13	11	0.4296
16	10	ἔστιν	is	0	2	0.8362
16	10	δέ	There	1	1	0.487
16	10	τις	a	2	4	0.5698
16	10	καὶ	too	3	3	0.798
16	10	συνθετὴ	composite	4	5	0.6853
16	10	ἐκ	from	5	8	0.6835
16	10	παραλογισμοῦ	reasoning	6	10	0.5699
16	10	τοῦ	the	7	15	0.7146
16	10	θατέρου	other	8	16	0.788
16	10	οἷον	instance	9	19	0.6195
16	10	ἐν	in	10	23	0.6887
16	10	Ὀδυσσεῖ	Ulysses	12	24	0.6501
16	10	τῷ	the	13	25	0.6584
16	10	ψευδαγγέλῳ	Messenger	14	27	0.5028
16	10	τὸ	the	18	33	0.7374
16	10	ἔφη	said	20	29	0.7537
16	10	γνώσεσθαι	know	21	32	0.7584
16	10	ὃ	bow—which	22	34	0.6689
16	10	οὐχ	not	23	37	0.8261
16	10	ἑωράκει	seen	24	38	0.7684
16	10	τὸ	to	25	40	0.4693
16	10	δὲ	but	26	39	0.7261
16	10	ὡς	as	27	50	0.6463
16	10	δὴ	suppose	28	41	0.5035
16	10	ἐκείνου	it	29	48	0.5971
16	10	ἀναγνωριοῦντος	know	30	47	0.7054
16	10	διὰ	from	31	42	0.5585
16	10	τούτου	that	32	43	0.5832
16	10	ποιῆσαι	that	33	44	0.4422
16	10	παραλογισμός	reasoning	34	59	0.5926
16	11	πασῶν	all	0	4	0.7661
16	11	δὲ	however	1	6	0.6837
16	11	βελτίστη	best	2	2	0.7437
16	11	ἀναγνώρισις	Discoveries	3	5	0.5024
16	11	ἡ	that	4	8	0.6026
16	11	ἐξ	from	5	10	0.6924
16	11	αὐτῶν	themselves	6	13	0.6804
16	11	τῶν	the	7	11	0.7168
16	11	πραγμάτων	incidents	8	12	0.7073
16	11	τῆς	the	9	15	0.6158
16	11	ἐκπλήξεως	surprise	10	17	0.6855
16	11	γιγνομένης	comes	11	18	0.6757
16	11	δι	through	12	20	0.6222
16	11	εἰκότων	probable	13	22	0.6771
16	11	οἷον	like	14	24	0.7937
16	11	τὸ	that	15	25	0.6835
16	11	ἐν	in	16	26	0.7693
16	11	τῷ	the	17	27	0.726
16	11	Σοφοκλέους	Sophocles	18	30	0.7343
16	11	Οἰδίποδι	Oedipus	19	28	0.7253
16	11	καὶ	and	20	31	0.8002
16	11	τῇ	in	21	33	0.5966
16	11	Ἰφιγενείᾳ	Iphigenia	22	34	0.7674
16	11	εἰκὸς	it	23	36	0.4823
16	11	γὰρ	for	24	35	0.69
16	11	βούλεσθαι	wish	25	43	0.6997
16	11	ἐπιθεῖναι	have	26	45	0.6774
16	11	γράμματα	letter	27	47	0.6995
16	11	αἱ	last	28	51	0.5192
16	11	τοιαῦται	These	30	50	0.6723
16	11	μόναι	only	31	54	0.7371
16	11	ἄνευ	of	32	57	0.6237
16	11	τῶν	the	33	58	0.6501
16	11	πεποιημένων	of	34	60	0.5199
16	11	σημείων	signs	35	61	0.7109
16	11	καὶ	and	36	62	0.8314
16	11	δεραίων	necklaces	37	63	0.7598
16	12	δεύτεραι	Next	0	0	0.5541
16	12	ἐκ	through	3	5	0.5125
16	12	συλλογισμοῦ	reasoning	4	6	0.623
16	1	Ἀναγνώρισις	Discovery	0	0	0.6413
16	1	δὲ	in	1	1	0.421
16	1	τί	As	2	7	0.4183
16	1	ἐστιν	is	4	18	0.4845
16	1	εἴρηται	explained	5	5	0.7489
16	1	πρότερον	already	6	6	0.5417
16	1	εἴδη	form	7	23	0.5277
16	1	ἀναγνωρίσεως	noted	9	17	0.5416
16	1	πρώτη	first	10	14	0.6581
16	1	μὲν	least	11	21	0.4133
16	1	ἡ	the	12	20	0.6051
16	1	ἀτεχνοτάτη	artistic	13	22	0.6068
16	1	πλείστῃ	most	15	31	0.5593
16	1	χρῶνται	make	16	30	0.6515
16	1	δι	through	17	33	0.6718
16	1	ἀπορίαν	lack	18	35	0.6086
16	1	διὰ	by	20	39	0.6193
16	1	τῶν	marks	21	42	0.4707
16	1	σημείων	signs	22	40	0.6398
16	2	τούτων	these	0	1	0.7698
16	2	δὲ	Of	1	0	0.428
16	2	τὰ	some	2	3	0.7009
16	2	σύμφυτα	congenital	4	5	0.623
16	2	οἷον	like	5	6	0.7039
16	2	λόγχην	lance-head	6	8	0.6956
16	2	ἣν	which	7	9	0.761
16	2	φοροῦσι	have	8	12	0.6722
16	2	Γηγενεῖς	Earth-born	9	11	0.6496
16	3	ἢ	or	0	0	0.7901
16	3	ἀστέρας	stars	1	1	0.6484
16	3	οἵους	such	2	2	0.6275
16	3	ἐν	in	3	7	0.5584
16	3	τῷ	his	4	8	0.5114
16	3	Θυέστῃ	Thyestes	5	9	0.6015
16	3	Καρκίνος	Carcinus	6	4	0.6219
16	3	οἷον	as	25	3	0.6139
16	4	ἔστιν	being	0	6	0.5922
16	4	δὲ	others	1	0	0.4854
16	4	τούτοις	these	3	4	0.643
16	4	χρῆσθαι	acquired	4	1	0.5443
16	4	ἢ	either	5	7	0.6351
16	4	βέλτιον	scars	6	14	0.4899
16	4	ἢ	or	7	15	0.5365
16	4	χεῖρον	external	8	16	0.4256
16	4	οἷον	instance	9	26	0.4561
16	4	διὰ	in	12	29	0.4241
16	4	τῆς	the	13	30	0.4502
16	4	οὐλῆς	ark	14	28	0.4154
16	4	ἄλλως	another	15	23	0.517
16	4	ἀνεγνωρίσθη	marks	16	8	0.4291
16	4	τῆς	the	18	10	0.4073
16	4	τροφοῦ	Discovery	19	31	0.4048
16	4	καὶ	or	20	20	0.4518
16	4	τῶν	the	23	27	0.4215
16	4	συβοτῶν	necklaces	24	19	0.4424
16	5	εἰσὶ	is	0	48	0.5714
16	5	γὰρ	however	1	2	0.69
16	5	αἱ	a	2	7	0.4371
16	5	μὲν	one	3	28	0.4895
16	5	πίστεως	assurance	4	47	0.5196
16	5	ἕνεκα	means	5	45	0.4396
16	5	ἀτεχνότεραι	artistic	6	50	0.5976
16	5	καὶ	and	7	9	0.4994
16	5	αἱ	these	8	1	0.4637
16	5	τοιαῦται	such	9	55	0.4865
16	5	πᾶσαι	all	10	54	0.6594
16	5	αἱ	another	11	35	0.5709
16	5	δὲ	and	12	33	0.5292
16	5	ἐκ	by	13	36	0.4718
16	5	περιπετείας	imply	14	57	0.4769
16	5	ὥσπερ	as	15	56	0.5387
16	5	ἡ	the	16	19	0.4919
16	5	ἐν	in	17	69	0.6139
16	5	τοῖς	the	18	70	0.5922
16	5	Νίπτροις	Bath-story	19	71	0.6076
16	5	βελτίους	better	20	75	0.674
16	6	δεύτεραι	2	0	4	0.5442
16	6	δὲ	Next	1	0	0.6574
16	6	αἱ	Discoveries	2	5	0.4215
16	6	πεποιημέναι	made	3	6	0.7084
16	6	ὑπὸ	by	4	8	0.7534
16	6	τοῦ	the	5	9	0.7945
16	6	ποιητοῦ	poet	6	10	0.7716
16	6	διὸ	for	7	14	0.4598
16	6	ἄτεχνοι	inartistic	8	13	0.5437
16	7	διό	whereas	0	6	0.4978
16	7	ἐγγὺς	Discovery	2	1	0.4371
16	7	τῆς	the	3	37	0.4881
16	7	εἰρημένης	first-mentioned	4	38	0.5589
16	7	ἁμαρτίας	fault	5	39	0.5663
16	7	ἐστίν	is	6	12	0.4861
16	7	ἐξῆν	made	7	18	0.4757
16	7	γὰρ	therefore	8	31	0.5033
16	7	ἂν	might	9	42	0.5133
16	7	καὶ	as	11	47	0.4304
16	7	ἐνεγκεῖν	say	12	20	0.5437
16	7	καὶ	well	13	48	0.4865
16	7	ἐν	in	14	55	0.5497
16	7	τῷ	the	15	56	0.5289
16	7	Σοφοκλέους	Sophocles	16	59	0.6596
16	7	Τηρεῖ	Tereus	17	57	0.5533
16	7	ἡ	the	18	52	0.545
16	7	κερκίδος	shuttle's	20	53	0.5106
16	7	φωνή	voice	21	54	0.6731
16	8	ἡ	A	0	1	0.6413
16	8	τρίτη	third	1	2	0.7805
16	8	διὰ	through	2	6	0.817
16	8	μνήμης	memory	3	7	0.8311
16	8	τῷ	from	4	8	0.4818
16	8	αἰσθέσθαι	awakened	5	13	0.581
16	8	τι	something	6	15	0.714
16	8	ἰδόντα	consciousness	7	11	0.5551
16	8	ὥσπερ	Thus	8	19	0.7101
16	8	ἡ	The	9	21	0.502
16	8	ἐν	in	10	20	0.7083
16	8	Κυπρίοις	Cyprioe	11	22	0.703
16	8	τοῖς	of	12	23	0.4955
16	8	Δικαιογένους	Dicaeogenes	13	24	0.6432
16	8	ἰδὼν	sight	14	26	0.635
16	8	τὴν	the	16	28	0.6625
16	8	γραφὴν	picture	17	29	0.6069
16	8	ἔκλαυσεν	makes	18	30	0.5675
16	8	καὶ	and	19	36	0.6684
16	8	ἡ	the	20	38	0.5413
16	8	ἐν	in	21	37	0.6265
16	8	Ἀλκίνου	Alcinous	22	41	0.6922
16	8	ἀπολόγῳ	Tale	23	39	0.6287
16	8	ἀκούων	hearing	24	42	0.712
16	8	τοῦ	the	26	43	0.6187
16	8	κιθαριστοῦ	harper	27	44	0.6208
16	8	καὶ	and	28	51	0.636
16	8	μνησθεὶς	reminded	29	47	0.6005
16	8	ἐδάκρυσεν	weeps	30	52	0.6042
16	8	ὅθεν	result	31	59	0.4386
16	8	ἀνεγνωρίσθησαν	Discovery	32	54	0.5275
16	9	τετάρτη	fourth	0	2	0.8635
16	9	δὲ	4	1	0	0.5833
16	9	ἡ	A	2	1	0.6151
16	9	ἐκ	through	3	6	0.6138
16	9	συλλογισμοῦ	reasoning	4	7	0.6493
16	9	οἷον	e.g	5	8	0.6777
16	9	ἐν	in	6	9	0.7955
16	9	Χοηφόροις	Choephoroe	7	11	0.7589
16	9	ὅτι	One	8	12	0.4902
16	9	ὅμοιός	like	9	13	0.5993
16	9	τις	one	10	20	0.673
16	9	ἐλήλυθεν	is	11	15	0.6114
16	9	ὅμοιος	like	12	21	0.6219
16	9	δὲ	is	13	18	0.487
16	9	οὐθεὶς	no	14	19	0.7334
16	9	ἀλλ	but	15	23	0.7733
16	9	ἢ	Or	16	30	0.6005
16	9	Ὀρέστης	Orestes	18	24	0.7292
16	9	οὗτος	he	19	25	0.6594
16	9	ἄρα	therefore	20	26	0.6631
16	9	ἐλήλυθεν	be	21	28	0.6518
16	9	καὶ	which	22	32	0.4806
16	9	ἡ	that	23	31	0.4976
16	9	Πολυίδου	Polyidus	24	33	0.7207
16	9	τοῦ	the	25	34	0.6924
16	9	σοφιστοῦ	Sophist	26	35	0.6309
16	9	περὶ	for	27	37	0.6213
16	9	τῆς	The	28	10	0.6134
16	9	Ἰφιγενείας	Iphigenia	29	38	0.6963
16	9	εἰκὸς	natural	30	42	0.5857
16	9	τὸν	for	32	43	0.4905
16	9	Ὀρέστην	Orestes	33	44	0.6893
16	9	συλλογίσασθαι	suggested	34	36	0.6445
16	9	ὅτι	since	35	39	0.5603
16	9	ἥ	My	36	47	0.6428
16	9	τ	a	37	70	0.4894
16	9	ἀδελφὴ	sister	38	48	0.8356
16	9	ἐτύθη	sacrificed	39	50	0.7561
16	9	καὶ	and	40	51	0.7345
16	9	αὐτῷ	her	41	58	0.6773
16	9	συμβαίνει	am	42	53	0.6356
16	9	θύεσθαι	sacrificed	43	56	0.7526
16	9	καὶ	Or	44	59	0.7125
16	9	ἐν	in	45	61	0.6857
16	9	τῷ	the	46	62	0.7127
16	9	Θεοδέκτου	Theodectes	47	65	0.6076
16	9	Τυδεῖ	Tydeus	48	63	0.6945
16	9	ὅτι	that	49	60	0.552
16	9	ἐλθὼν	came	50	67	0.7537
16	9	ὡς	to	51	68	0.6417
16	9	εὑρήσων	find	52	69	0.7278
16	9	υἱὸν	son	53	71	0.8095
16	9	αὐτὸς	myself	54	76	0.7077
16	9	ἀπόλλυται	die	55	75	0.6599
16	9	καὶ	Or	56	77	0.6551
16	9	ἡ	that	57	78	0.5793
16	9	ἐν	in	58	79	0.7796
16	9	τοῖς	The	59	80	0.7676
16	9	Φινείδαις	Phinidae	60	81	0.8099
16	9	ἰδοῦσαι	seeing	61	83	0.6867
16	9	γὰρ	fate	62	90	0.4008
16	9	τὸν	the	63	84	0.6991
16	9	τόπον	place	64	85	0.711
16	9	συνελογίσαντο	on	65	82	0.5154
16	9	τὴν	the	66	86	0.6002
16	9	εἱμαρμένην	women	67	87	0.611
16	9	ὅτι	that	68	91	0.679
16	9	ἐν	to	69	94	0.45
16	9	τούτῳ	there	70	96	0.628
16	9	εἵμαρτο	inferred	71	88	0.6544
16	9	ἀποθανεῖν	die	72	95	0.776
16	9	αὐταῖς	they	73	92	0.6536
16	9	καὶ	also	74	100	0.6423
16	9	γὰρ	since	75	97	0.666
16	9	ἐξετέθησαν	exposed	76	102	0.7419
16	9	ἐνταῦθα	there	77	103	0.6928
17	10	τῆς	the	0	3	0.7261
17	10	γὰρ	of	1	2	0.4672
17	10	Ὀδυσσείας	Odyssey	2	4	0.7258
17	10	οὐ	not	3	6	0.8481
17	10	μακρὸς	long	4	8	0.8042
17	10	ὁ	The	5	0	0.7283
17	10	λόγος	argument	6	1	0.7853
17	10	ἐστίν	is	7	5	0.6938
17	10	ἀποδημοῦντός	abroad	8	15	0.74
17	10	τινος	certain	9	11	0.712
17	10	ἔτη	years	10	17	0.7078
17	10	πολλὰ	many	11	16	0.7373
17	10	καὶ	the	12	22	0.4447
17	10	παραφυλαττομένου	watch	13	23	0.6278
17	10	τοῦ	A	15	10	0.4046
17	10	Ποσειδῶνος	Poseidon	16	18	0.5924
17	10	καὶ	and	17	26	0.6483
17	10	μόνου	alone	18	30	0.7191
17	10	ὄντος	is	19	28	0.6985
17	10	ἔτι	ever	20	20	0.5994
17	10	δὲ	too	21	34	0.5427
17	10	τῶν	at	22	32	0.5411
17	10	οἴκοι	home	23	33	0.7116
17	10	οὕτως	this	24	38	0.4986
17	10	ἐχόντων	have	25	35	0.6203
17	10	ὥστε	that	26	39	0.6446
17	10	τὰ	his	27	40	0.5905
17	10	χρήματα	substance	28	41	0.683
17	10	ὑπὸ	by	29	50	0.6132
17	10	μνηστήρων	suitors	30	51	0.6333
17	10	ἀναλίσκεσθαι	wasted	31	44	0.7455
17	10	καὶ	and	32	45	0.7758
17	10	τὸν	his	33	46	0.6815
17	10	υἱὸν	son's	34	47	0.6753
17	10	ἐπιβουλεύεσθαι	to	35	52	0.528
17	10	αὐτὸς	himself	36	59	0.6928
17	10	δὲ	Then	37	55	0.6363
17	10	ἀφικνεῖται	arrives	38	57	0.7588
17	10	χειμασθείς	sufferings	39	63	0.5745
17	10	καὶ	after	40	60	0.4982
17	10	ἀναγνωρίσας	reveals	41	64	0.6342
17	10	τινὰς	his	42	61	0.4696
17	10	αὐτὸς	he	43	56	0.5501
17	10	ἐπιθέμενος	plotted	44	49	0.6116
17	10	αὐτὸς	himself	45	65	0.7477
17	10	ἐσώθη	grievous	47	62	0.4537
17	10	τοὺς	his	48	69	0.7315
17	10	δ	and	49	66	0.7311
17	10	ἐχθροὺς	enemies	50	70	0.8019
17	10	διέφθειρε	falls	51	67	0.6984
17	11	τὸ	the	0	1	0.562
17	11	οὖν	and	2	0	0.5491
17	11	ἴδιον	proper	3	14	0.4805
17	11	τοῦτο	This	4	9	0.5109
17	11	τὰ	everything	5	18	0.4799
17	11	ἄλλα	else	7	19	0.6436
17	11	ἐπεισόδια	episode	8	23	0.681
17	1	δὲ	At	1	0	0.4135
17	1	τοὺς	his	2	7	0.639
17	1	μύθους	Plots	3	8	0.6639
17	1	συνιστάναι	constructing	4	6	0.5759
17	1	καὶ	and	5	9	0.6195
17	1	τῇ	the	6	12	0.636
17	1	λέξει	Diction	7	13	0.6097
17	1	συναπεργάζεσθαι	engaged	8	10	0.6012
17	1	ὅτι	which	9	15	0.4585
17	1	μάλιστα	far	10	31	0.5074
17	1	πρὸ	on	11	11	0.4857
17	1	ὀμμάτων	eyes	12	36	0.5532
17	1	τιθέμενον	put	13	26	0.6381
17	1	οὕτω	this	14	38	0.6151
17	1	γὰρ	way	15	39	0.4597
17	1	ἂν	should	16	22	0.4975
17	1	ἐναργέστατα	possible	17	33	0.5231
17	1	ὁ	the	18	20	0.5288
17	1	ὁρῶν	seeing	19	40	0.5933
17	1	ὥσπερ	as	20	48	0.5881
17	1	παρ	before	21	34	0.5366
17	1	αὐτοῖς	his	22	35	0.5548
17	1	γιγνόμενος	were	23	50	0.5457
17	1	τοῖς	an	24	46	0.4823
17	1	πραττομένοις	eye-witness	25	47	0.539
17	1	εὑρίσκοι	devise	26	53	0.6558
17	1	τὸ	what	27	54	0.5257
17	1	πρέπον	appropriate	28	56	0.5595
17	1	καὶ	and	29	57	0.6965
17	1	ἥκιστα	least	30	59	0.6742
17	1	ἂν	will	31	52	0.6114
17	1	λανθάνοι	overlook	32	62	0.7466
17	1	τὸ	to	33	61	0.4953
17	1	ὑπεναντία	incongruities	35	63	0.7313
17	2	σημεῖον	shown	0	2	0.5655
17	2	δὲ	is	1	1	0.4136
17	2	τούτου	This	2	0	0.5021
17	2	ὃ	what	3	4	0.6423
17	2	ἐπετιμᾶτο	censured	4	6	0.6618
17	2	Καρκίνῳ	Carcinus	5	8	0.6999
17	2	ὁ	the	6	9	0.5982
17	2	γὰρ	return	7	10	0.4126
17	2	Ἀμφιάραος	Amphiaraus	8	12	0.6829
17	2	ἐξ	from	9	13	0.7402
17	2	ἱεροῦ	sanctuary	10	15	0.6575
17	2	ἀνῄει	passed	11	19	0.5473
17	2	ὃ	if	12	21	0.4017
17	2	μὴ	not	13	24	0.7441
17	2	ὁρῶντ	seen	14	27	0.6205
17	2	ἂν	had	15	23	0.5407
17	2	τὸν	the	16	29	0.5689
17	2	θεατὴν	audience	17	30	0.5912
17	2	ἐλάνθανεν	unnoticed	18	20	0.4739
17	2	ἐπὶ	on	19	32	0.742
17	2	δὲ	but	20	31	0.7004
17	2	τῆς	the	21	33	0.788
17	2	σκηνῆς	stage	22	34	0.7713
17	2	ἐξέπεσεν	failed	23	37	0.6536
17	2	δυσχερανάντων	offending	24	43	0.6011
17	2	τοῦτο	incident	25	42	0.5044
17	2	τῶν	the	26	44	0.692
17	2	θεατῶν	spectators	27	45	0.7618
17	3	ὅσα	far	0	2	0.6461
17	3	δὲ	As	1	1	0.5014
17	3	δυνατὸν	may	2	4	0.6191
17	3	καὶ	even	3	10	0.6778
17	3	τοῖς	his	4	19	0.5432
17	3	σχήμασιν	personages	5	20	0.5578
17	3	συναπεργαζόμενον	act	6	11	0.517
17	3	πιθανώτατοι	very	7	16	0.4373
17	3	γὰρ	for	8	42	0.4156
17	3	ἀπὸ	Given	9	21	0.4193
17	3	αὐτῆς	same	11	23	0.5715
17	3	φύσεως	qualifications	12	25	0.5185
17	3	οἱ	he	13	26	0.4141
17	3	τοῖς	the	15	29	0.5116
17	3	πάθεσίν	emotions	16	30	0.5251
17	3	εἰσιν	be	17	35	0.5562
17	3	καὶ	will	18	34	0.4531
17	3	χειμαίνει	distress	19	39	0.5678
17	3	ὁ	who	20	27	0.4782
17	3	χειμαζόμενος	described	21	33	0.4799
17	3	καὶ	and	22	40	0.6374
17	3	χαλεπαίνει	anger	23	41	0.5788
17	3	ὁ	one	24	49	0.5564
17	3	ὀργιζόμενος	feeling	25	52	0.5344
17	3	ἀληθινώτατα	truthfully	26	47	0.6744
17	4	διὸ	Hence	0	0	0.6722
17	4	εὐφυοῦς	special	1	10	0.4824
17	4	ἡ	a	2	6	0.4569
17	4	ποιητική	poetry	3	4	0.7649
17	4	ἐστιν	is	4	2	0.6397
17	4	ἢ	or	5	14	0.546
17	4	μανικοῦ	one	6	16	0.4449
17	4	τούτων	him	7	23	0.5865
17	4	οἱ	the	9	24	0.6449
17	4	μὲν	former	10	25	0.5461
17	4	εὔπλαστοι	required	11	30	0.5305
17	4	οἱ	the	12	33	0.618
17	4	δὲ	and	13	32	0.6183
17	4	ἐκστατικοί	beside	14	38	0.4812
17	4	εἰσιν	be	15	36	0.6727
17	5	τούς	His	0	1	0.5761
17	5	λόγους	story	2	2	0.683
17	5	τοὺς	his	4	9	0.5005
17	5	πεποιημένους	made	5	6	0.5677
17	5	δεῖ	should	6	13	0.4148
17	5	καὶ	or	7	7	0.4922
17	5	αὐτὸν	own	8	10	0.5782
17	5	ποιοῦντα	making	9	11	0.6446
17	5	ἐκτίθεσθαι	he	10	12	0.5093
17	5	καθόλου	universal	11	20	0.5316
17	5	εἶθ	reduce	12	17	0.4852
17	5	οὕτως	by	13	28	0.4127
17	5	ἐπεισοδιοῦν	insertion	14	30	0.4443
17	5	καὶ	and	15	16	0.5882
17	5	παρατείνειν	lengthen	16	25	0.6083
17	6	λέγω	show	0	3	0.6547
17	6	δὲ	The	1	0	0.574
17	6	οὕτως	how	2	4	0.5778
17	6	ἂν	may	3	12	0.6433
17	6	θεωρεῖσθαι	viewed	4	14	0.6602
17	6	τὸ	the	5	5	0.6374
17	6	καθόλου	universal	6	6	0.6886
17	6	οἷον	instance	7	11	0.7836
17	6	τῆς	A	8	15	0.5802
17	6	Ἰφιγενείας	Iphigenia	9	9	0.6417
17	6	τυθείσης	offered	10	20	0.6931
17	6	τινὸς	certain	11	16	0.6921
17	6	κόρης	maiden	12	17	0.6948
17	6	καὶ	and	13	23	0.8044
17	6	ἀφανισθείσης	spirited	14	24	0.6736
17	6	ἀδήλως	away	15	25	0.5635
17	6	τοῖς	her	16	27	0.6992
17	6	θύσασιν	sacrificers	17	28	0.7657
17	6	ἱδρυνθείσης	made	18	45	0.5954
17	6	δὲ	she	19	43	0.4496
17	6	εἰς	into	20	29	0.8276
17	6	ἄλλην	another	21	30	0.8514
17	6	χώραν	land	22	31	0.8439
17	6	ἐν	where	23	32	0.7557
17	6	ᾗ	the	24	33	0.464
17	6	νόμος	custom	25	34	0.8102
17	6	ἦν	was	26	35	0.8194
17	6	τοὺς	all	27	38	0.5422
17	6	ξένους	strangers	28	39	0.7425
17	6	θύειν	sacrifice	29	37	0.714
17	6	τῇ	the	30	41	0.6919
17	6	θεῷ	Goddess	31	42	0.6781
17	6	ταύτην	there	32	46	0.5733
17	6	ἔσχε	was	33	44	0.6541
17	6	τὴν	the	34	47	0.615
17	6	ἱερωσύνην	priestess	35	48	0.5812
17	6	χρόνῳ	Long	36	52	0.5824
17	6	δὲ	that	37	54	0.4823
17	6	ὕστερον	after	38	53	0.5644
17	6	τῷ	the	39	55	0.6059
17	6	ἀδελφῷ	brother	40	56	0.637
17	6	συνέβη	happened	41	60	0.7703
17	6	ἐλθεῖν	come	42	62	0.7507
17	6	τῆς	the	43	67	0.643
17	6	ἱερείας	oracle	44	68	0.5818
17	6	τὸ	the	45	63	0.6465
17	6	δὲ	however	46	65	0.6066
17	6	ὅτι	of	47	66	0.5481
17	6	ἀνεῖλεν	bidden	48	74	0.7055
17	6	ὁ	the	49	58	0.4823
17	6	θεὸς	fact	50	64	0.4627
17	6	διά	for	51	70	0.7573
17	6	τινα	certain	52	72	0.7864
17	6	αἰτίαν	reason	53	73	0.7576
17	6	ἔξω	thither	54	77	0.6015
17	6	τοῦ	the	55	85	0.5255
17	6	καθόλου	Plot	56	86	0.5084
17	6	ἐλθεῖν	go	57	76	0.7626
17	6	ἐκεῖ	him	58	75	0.6765
17	6	καὶ	and	59	78	0.731
17	6	ἐφ	in	60	81	0.5207
17	6	ὅ	his	61	79	0.5516
17	6	τι	a	62	71	0.5494
17	6	δὲ	going	63	82	0.49
17	6	ἔξω	outside	64	84	0.7918
17	6	τοῦ	the	65	88	0.7001
17	6	μύθου	play	66	89	0.6403
17	6	ἐλθὼν	coming	67	92	0.7217
17	6	δὲ	On	68	90	0.5297
17	6	καὶ	and	69	96	0.7154
17	6	ληφθεὶς	revealed	70	103	0.5971
17	6	θύεσθαι	sacrificed	71	100	0.6913
17	6	μέλλων	about	72	97	0.6476
17	6	ἀνεγνώρισεν	arrested	73	95	0.608
17	6	εἴθ	either	74	107	0.6814
17	6	ὡς	as	75	108	0.699
17	6	Εὐριπίδης	Euripides	76	109	0.731
17	6	εἴθ	or	77	112	0.6742
17	6	ὡς	as	78	113	0.6423
17	6	Πολύιδος	Polyidus	79	116	0.773
17	6	ἐποίησεν	puts	80	110	0.5904
17	6	κατὰ	by	81	117	0.5301
17	6	τὸ	the	82	118	0.4806
17	6	εἰκὸς	exclamation	83	121	0.4909
17	6	εἰπὼν	suggested	84	114	0.579
17	6	ὅτι	who	85	104	0.4725
17	6	οὐκ	not	86	119	0.6197
17	6	ἄρα	So	87	122	0.5888
17	6	μόνον	as	88	130	0.5027
17	6	τὴν	my	89	131	0.6194
17	6	ἀδελφὴν	sister	90	132	0.7417
17	6	ἀλλὰ	was	91	133	0.4789
17	6	καὶ	too	92	124	0.635
17	6	αὐτὸν	I	93	123	0.5584
17	6	ἔδει	doomed	94	126	0.6329
17	6	τυθῆναι	sacrificed	95	129	0.7139
17	6	καὶ	and	96	134	0.6917
17	6	ἐντεῦθεν	led	97	137	0.6473
17	6	ἡ	the	98	135	0.7337
17	6	σωτηρία	salvation	99	140	0.7305
17	7	ταῦτα	This	1	0	0.5643
17	7	ὑποθέντα	fixed	4	11	0.5368
17	7	τὰ	the	5	6	0.5904
17	7	ὀνόματα	names	6	8	0.6663
17	7	ἐπεισοδιοῦν	accessory	7	24	0.4619
17	8	ὅπως	that	0	4	0.4444
17	8	δὲ	however	1	3	0.6594
17	8	ἔσται	are	2	7	0.6738
17	8	οἰκεῖα	appropriate	3	8	0.6063
17	8	τὰ	the	4	5	0.722
17	8	ἐπεισόδια	episodes	5	6	0.6445
17	8	οἷον	like	6	9	0.6129
17	8	ἐν	in	7	14	0.658
17	8	Ὀρέστῃ	Orestes	9	15	0.6988
17	8	ἡ	the	10	10	0.584
17	8	μανία	madness	11	13	0.6445
17	8	δι	led	12	17	0.4464
17	8	ἧς	which	13	16	0.569
17	8	ἐλήφθη	brought	14	25	0.5546
17	8	καὶ	and	15	21	0.651
17	8	ἡ	the	16	22	0.6738
17	8	σωτηρία	salvation	17	28	0.649
17	8	διὰ	about	18	26	0.5803
17	8	τῆς	his	19	27	0.5301
17	8	καθάρσεως	purifying	20	23	0.5809
17	9	ἐν	In	0	0	0.6448
17	9	οὖν	then	2	2	0.7286
17	9	δράμασιν	plays	4	1	0.6864
17	9	τὰ	the	5	3	0.6709
17	9	ἐπεισόδια	episodes	6	4	0.6603
17	9	σύντομα	short	7	6	0.6679
17	9	ἡ	the	8	15	0.539
17	9	ἐποποιία	poem	10	16	0.5667
17	9	μηκύνεται	lengthen	12	13	0.5375
18	10	δίκαιον	right	0	3	0.7942
18	10	δὲ	Now	1	0	0.5564
18	10	καὶ	when	2	4	0.4356
18	10	τραγῳδίαν	tragedy	3	9	0.7059
18	10	ἄλλην	another	4	18	0.5747
18	10	καὶ	as	5	10	0.5215
18	10	τὴν	the	6	15	0.6042
18	10	αὐτὴν	same	7	16	0.6088
18	10	λέγειν	do	8	20	0.6018
18	10	οὐδενὶ	not	9	14	0.5149
18	10	ἴσως	or	10	13	0.4673
18	10	τῷ	as	11	17	0.4085
18	10	μύθῳ	Plot	12	30	0.4482
18	10	τοῦτο	the	13	35	0.4866
18	10	δέ	as	14	33	0.4784
18	10	ὧν	having	15	34	0.5311
18	10	ἡ	the	16	39	0.6211
18	10	αὐτὴ	same	17	40	0.664
18	10	πλοκὴ	Complication	18	41	0.6638
18	10	καὶ	and	19	42	0.8139
18	10	λύσις	Dénouement	20	43	0.6998
18	11	πολλοὶ	many	0	3	0.7413
18	11	δὲ	Yet	1	0	0.737
18	11	πλέξαντες	dramatists	2	4	0.5146
18	11	εὖ	good	3	8	0.5447
18	11	λύουσι	fail	4	10	0.582
18	11	κακῶς	Dénouement	5	13	0.4875
18	12	δεῖ	necessary	0	3	0.8191
18	12	δὲ	But	1	0	0.7603
18	12	ἄμφω	both	2	5	0.6856
18	12	ἀεὶ	always	3	11	0.8018
18	12	κρατεῖσθαι	mastered	4	13	0.6742
18	13	χρὴ	should	0	2	0.4889
18	13	δὲ	also	1	3	0.5135
18	13	ὅπερ	what	2	5	0.6739
18	13	εἴρηται	said	3	8	0.7227
18	13	πολλάκις	once	4	11	0.6141
18	13	μεμνῆσθαι	remember	5	4	0.659
18	13	καὶ	and	6	12	0.6967
18	13	μὴ	not	7	13	0.8157
18	13	ποιεῖν	write	8	14	0.7267
18	13	ἐποποιικὸν	epic	9	19	0.6204
18	13	σύστημα	body	10	20	0.5651
18	13	τραγῳδίαν—ἐποποιικὸν	incident	11	22	0.4777
18	13	τὸ	a	14	26	0.4403
18	13	πολύμυθον	plurality	15	27	0.5367
18	13	οἷον	i.e	16	23	0.4945
18	13	εἴ	by	17	32	0.5048
18	13	τις	One	18	1	0.4898
18	13	τὸν	the	19	38	0.706
18	13	τῆς	the	20	42	0.7491
18	13	Ἰλιάδος	Iliad	21	43	0.774
18	13	ὅλον	entire	22	39	0.8161
18	13	ποιοῖ	dramatize	23	35	0.6118
18	13	μῦθον	story	24	40	0.5908
18	14	διὰ	owing	3	3	0.4631
18	14	τὸ	its	4	5	0.4949
18	14	μῆκος	scale	5	6	0.5376
18	14	λαμβάνει	is	6	9	0.4903
18	14	τὰ	every	7	7	0.4558
18	14	μέρη	part	8	8	0.7186
18	14	πρέπον	epic	10	2	0.4324
18	14	μέγεθος	length	11	13	0.5922
18	14	ἐν	In	12	0	0.5018
18	14	τοῖς	the	14	1	0.4424
18	14	ἀποβαίνει	treated	20	10	0.5816
18	15	σημεῖον	result	0	9	0.5391
18	15	δέ	however	1	3	0.6678
18	15	ὅσοι	who	2	21	0.5977
18	15	πέρσιν	story	3	7	0.4372
18	15	Ἰλίου	Ilium	4	27	0.703
18	15	ὅλην	entirety	5	30	0.6771
18	15	ἐποίησαν	have	6	22	0.5932
18	15	καὶ	and	7	31	0.7266
18	15	μὴ	part	8	33	0.4441
18	15	κατὰ	by	9	34	0.6906
18	15	μέρος	part	10	35	0.7203
18	15	ὥσπερ	like	11	36	0.699
18	15	Εὐριπίδης	Euripides	12	37	0.7389
18	15	Νιόβην	Niobe	14	43	0.5343
18	15	καὶ	or	15	38	0.4905
18	15	μὴ	not	16	32	0.7488
18	15	ὥσπερ	like	17	49	0.5886
18	15	Αἰσχύλος	Aeschylus	18	50	0.5835
18	15	ἢ	either	19	51	0.6001
18	15	ἐκπίπτουσιν	fail	20	52	0.6403
18	15	ἢ	or	21	54	0.5967
18	15	κακῶς	ill	22	57	0.6006
18	15	ἀγωνίζονται	of	23	41	0.5038
18	15	ἐπεὶ	instead	24	45	0.4888
18	15	καὶ	but	25	56	0.4727
18	15	ἐξέπεσεν	success	27	58	0.5811
18	15	ἐν	on	28	59	0.5739
18	15	τούτῳ	the	29	60	0.5488
18	15	μόνῳ	utterly	30	53	0.4398
18	16	καὶ	and	4	2	0.5254
18	16	στοχάζονται	ruin	9	8	0.421
18	16	βούλονται	enough	11	6	0.4036
18	16	γὰρ	for	14	0	0.4979
18	16	τοῦτο	that	15	1	0.4984
18	16	καὶ	even	16	9	0.4598
18	16	φιλάνθρωπον	play	17	11	0.4426
18	17	δὲ	Yet	1	0	0.6866
18	17	τοῦτο	their	2	2	0.4027
18	17	ὅταν	in	3	1	0.4143
18	17	ὁ	the	4	10	0.5047
18	17	σοφὸς	poets	5	11	0.4435
18	17	μετὰ	in	7	17	0.4551
18	17	πονηρίας	simple	8	8	0.5085
18	17	δ	also	9	5	0.4036
18	17	ἐξαπατηθῇ	arouses	10	29	0.4841
18	17	ὥσπερ	like	11	35	0.5655
18	17	Σίσυφος	Sisyphus	12	41	0.7273
18	17	καὶ	e	13	39	0.4242
18	17	ὁ	the	14	44	0.6568
18	17	ἀνδρεῖος	villain	15	38	0.5383
18	17	ἄδικος	wrongdoer	17	46	0.6145
18	17	δὲ	or	18	43	0.4913
18	17	ἡττηθῇ	worsted	19	47	0.605
18	18	ἔστιν	is	0	1	0.6925
18	18	δὲ	however	1	3	0.6541
18	18	τοῦτο	This	2	0	0.7446
18	18	εἰκὸς	probable	3	2	0.595
18	18	ὥσπερ	when	4	8	0.4687
18	18	Ἀγάθων	Agathon's	5	6	0.5643
18	18	λέγει	speaks	6	10	0.6735
18	18	εἰκὸς	probability	7	13	0.5226
18	18	γίνεσθαι	coming	9	17	0.5817
18	18	πολλὰ	pass	10	19	0.4483
18	18	καὶ	even	11	15	0.5536
18	19	καὶ	7	0	0	0.516
18	19	τὸν	The	1	1	0.6285
18	19	χορὸν	Chorus	2	2	0.6862
18	19	δὲ	too	3	3	0.5865
18	19	ἕνα	one	4	8	0.6621
18	19	δεῖ	should	5	4	0.5645
18	19	ὑπολαβεῖν	take	6	22	0.5072
18	19	τῶν	the	7	10	0.7135
18	19	ὑποκριτῶν	actors	8	11	0.6503
18	19	μόριον	integral	10	16	0.5989
18	19	εἶναι	be	11	14	0.702
18	19	τοῦ	the	12	19	0.7166
18	19	ὅλου	whole	13	20	0.7563
18	19	καὶ	and	14	21	0.7856
18	19	συναγωνίζεσθαι	share	15	24	0.5926
18	19	μὴ	rather	16	33	0.5387
18	19	ὥσπερ	in	17	31	0.4526
18	19	Εὐριπίδῃ	Euripides	18	36	0.5994
18	19	ἀλλ	than	19	34	0.6483
18	19	ὥσπερ	in	20	35	0.4706
18	19	Σοφοκλεῖ	Sophocles	21	32	0.595
18	1	Ἔστι	is	0	2	0.752
18	1	δὲ	4	1	0	0.503
18	1	πάσης	Every	2	11	0.5697
18	1	τραγῳδίας	tragedy	3	12	0.6113
18	1	τὸ	in	4	14	0.4588
18	1	μὲν	part	5	15	0.5585
18	1	δέσις	Complication	6	16	0.6111
18	1	τὸ	in	7	18	0.581
18	1	δὲ	part	8	19	0.5084
18	1	λύσις	Dénouement	9	20	0.6012
18	1	τὰ	the	10	21	0.5154
18	1	μὲν	and	11	27	0.4326
18	1	ἔξωθεν	before	12	23	0.5103
18	1	καὶ	and	13	17	0.6289
18	1	ἔνια	certain	14	29	0.5739
18	1	τῶν	those	15	32	0.5238
18	1	ἔσωθεν	within	16	33	0.5619
18	1	πολλάκις	often	17	28	0.6305
18	1	ἡ	the	18	37	0.5786
18	1	δέσις	Complication	19	38	0.5404
18	1	τὸ	the	20	40	0.719
18	1	δὲ	and	21	39	0.6768
18	1	λοιπὸν	rest	22	41	0.6804
18	1	ἡ	the	23	42	0.735
18	1	λύσις	Dénouement	24	43	0.6916
18	20	τοῖς	the	0	1	0.6493
18	20	δὲ	however	1	4	0.6041
18	20	λοιποῖς	later	2	2	0.7359
18	20	τὰ	the	3	5	0.662
18	20	ᾀδόμενα	songs	4	6	0.6408
18	20	οὐδὲν	no	5	13	0.8332
18	20	μᾶλλον	more	6	14	0.7066
18	20	τοῦ	the	7	18	0.5903
18	20	μύθου	Plot	8	19	0.5866
18	20	ἢ	than	9	22	0.7545
18	20	ἄλλης	other	10	25	0.7877
18	20	τραγῳδίας	tragedy	11	26	0.675
18	20	ἐστίν	have	12	12	0.5813
18	20	διὸ	Hence	13	27	0.4672
18	20	ἐμβόλιμα	pieces	14	36	0.5868
18	20	ᾄδουσιν	singing	15	34	0.6448
18	20	πρώτου	first	16	39	0.7522
18	20	ἄρξαντος	introduced	17	40	0.6563
18	20	Ἀγάθωνος	Agathon	18	42	0.6412
18	20	τοῦ	a	19	37	0.402
18	20	τοιούτου	such	20	52	0.4829
18	20	καίτοι	yet	21	44	0.7509
18	20	τί	what	22	45	0.7823
18	20	διαφέρει	difference	23	47	0.7379
18	20	ἢ	between	24	50	0.6475
18	20	ἐμβόλιμα	intercalary	25	53	0.5867
18	20	ᾄδειν	singing	26	51	0.6369
18	20	ἢ	or	27	62	0.6478
18	20	εἰ	to	28	57	0.5094
18	20	ῥῆσιν	act	29	66	0.5758
18	20	ἐξ	from	30	67	0.6642
18	20	ἄλλου	one	31	68	0.6749
18	20	εἰς	into	32	70	0.7128
18	20	ἄλλο	another	33	71	0.736
18	20	ἁρμόττοι	fit	34	58	0.6331
18	20	ἢ	even	35	63	0.4492
18	20	ἐπεισόδιον	a	36	64	0.5273
18	20	ὅλον	whole	37	65	0.7283
18	2	λέγω	I	0	2	0.5573
18	2	δὲ	By	1	0	0.4215
18	2	δέσιν	Complication	2	1	0.5127
18	2	τὴν	the	5	6	0.4668
18	2	ἀπ	from	6	5	0.7328
18	2	ἀρχῆς	beginning	7	7	0.7642
18	2	μέχρι	to	8	11	0.7026
18	2	τούτου	the	9	12	0.5311
18	2	τοῦ	the	10	9	0.4404
18	2	μέρους	point	11	13	0.4396
18	2	ὃ	just	12	14	0.4019
18	2	ἔσχατόν	before	13	15	0.404
18	2	μεταβαίνει	change	17	17	0.5983
18	2	εἰς	by	18	22	0.4509
18	2	εὐτυχίαν	fortunes	19	21	0.5117
18	2	λύσιν	Dénouement	20	23	0.4584
18	2	τὴν	the	22	16	0.4555
18	2	ἀπὸ	from	23	25	0.7166
18	2	τῆς	the	24	26	0.7324
18	2	ἀρχῆς	beginning	25	27	0.7359
18	2	τῆς	the	26	29	0.7475
18	2	μεταβάσεως	change	27	30	0.7563
18	2	μέχρι	to	28	31	0.8142
18	2	τέλους	end	29	33	0.796
18	3	ὥσπερ	for	0	5	0.4388
18	3	ἐν	In	1	0	0.7697
18	3	τῷ	the	2	1	0.7054
18	3	Λυγκεῖ	Lynceus	3	2	0.7448
18	3	τῷ	of	4	3	0.6505
18	3	Θεοδέκτου	Theodectes	5	4	0.7293
18	3	δέσις	together	6	10	0.4719
18	3	μὲν	instance	7	6	0.464
18	3	τά	the	8	12	0.6118
18	3	προπεπραγμένα	presupposed	10	13	0.6789
18	3	ἡ	the	12	15	0.7144
18	3	τοῦ	the	13	18	0.7828
18	3	παιδίου	child	14	19	0.8056
18	3	λῆψις	seizure	15	16	0.7952
18	3	καὶ	and	16	20	0.6912
18	3	πάλιν	in	17	22	0.5282
18	3	ἡ	the	18	28	0.6004
18	3	αὐτῶν	all	19	30	0.4896
18	3	λύσις	Dénouement	20	29	0.5898
18	3	δ	and	21	27	0.5771
18	3	ἡ	that	22	21	0.5531
18	3	ἀπὸ	from	23	31	0.7604
18	3	τῆς	the	24	32	0.7305
18	3	αἰτιάσεως	indictment	25	33	0.7113
18	3	τοῦ	the	26	35	0.745
18	3	θανάτου	murder	27	36	0.7751
18	3	μέχρι	to	28	37	0.8283
18	3	τοῦ	the	29	38	0.8022
18	3	τέλους	end	30	39	0.8421
18	4	τραγῳδίας	Tragedy-that	0	7	0.5586
18	4	εἴδη	species	2	5	0.5968
18	4	εἰσὶ	are	3	2	0.6901
18	4	τέσσαρα	four	4	3	0.6309
18	4	γὰρ	being	6	8	0.5187
18	4	καὶ	also	7	14	0.6447
18	4	τὰ	the	8	12	0.5643
18	4	μέρη	constituents	9	13	0.6159
18	4	ἐλέχθη	mentioned	10	18	0.685
18	5	ἡ	the	0	1	0.5743
18	5	μὲν	first	1	0	0.4632
18	5	πεπλεγμένη	complex	2	2	0.4992
18	5	ἧς	which	3	4	0.5333
18	5	ὅλον	all	5	6	0.6084
18	5	ἐστὶν	is	6	5	0.62
18	5	περιπέτεια	Peripety	7	7	0.6095
18	5	καὶ	and	8	8	0.6373
18	5	ἀναγνώρισις	Discovery	9	9	0.5659
18	6	ἡ	the	0	1	0.6403
18	6	δὲ	second	1	0	0.4598
18	6	παθητική	suffering	2	4	0.6371
18	6	οἵ	the	4	7	0.6686
18	6	τε	e	5	5	0.5329
18	6	Αἴαντες	Ajaxes	6	8	0.6657
18	6	καὶ	and	7	9	0.6917
18	6	Ἰξίονες	Ixions	9	10	0.7391
18	7	ἡ	the	0	1	0.6029
18	7	δὲ	third	1	0	0.4226
18	7	ἠθική	character	2	4	0.6186
18	7	οἷον	e.g	3	5	0.7248
18	7	αἱ	The	4	6	0.6641
18	7	Φθιώτιδες	Phthiotides	5	7	0.7988
18	7	καὶ	and	6	8	0.7451
18	7	Πηλεύς	Peleus	8	9	0.8176
18	8	τὸ	The	0	0	0.8259
18	8	τέταρτον	fourth	2	1	0.8701
18	8	ὄψις	constituent	3	2	0.5306
18	8	οἷον	that	4	4	0.578
18	8	αἵ	The	5	9	0.5686
18	8	Φορκίδες	Phorcides	7	10	0.6609
18	8	καὶ	in	8	11	0.533
18	8	Προμηθεὺς	Prometheus	9	12	0.6855
18	8	καὶ	and	10	13	0.6237
18	8	ὅσα	all	11	15	0.5183
18	8	ἐν	in	12	21	0.6543
18	8	ᾅδου	world	13	24	0.5445
18	9	μάλιστα	element	0	9	0.4658
18	9	οὖν	then	2	3	0.6902
18	9	ἅπαντα	every	3	8	0.6048
18	9	δεῖ	necessary	4	29	0.5701
18	9	πειρᾶσθαι	aim	5	2	0.5514
18	9	ἔχειν	combine	6	7	0.5189
18	9	εἰ	if	7	12	0.6536
18	9	δὲ	or	8	14	0.4815
18	9	μή	else	9	15	0.5389
18	9	τὰ	the	10	16	0.6294
18	9	μέγιστα	important	11	18	0.618
18	9	καὶ	and	12	19	0.6578
18	9	πλεῖστα	major	13	21	0.6247
18	9	ἄλλως	This	14	25	0.445
18	9	τε	especially	15	28	0.4421
18	9	ὡς	owing	17	30	0.4147
18	9	νῦν	now	18	27	0.5778
18	9	συκοφαντοῦσιν	subjected	19	40	0.6323
18	9	τοὺς	the	20	37	0.6537
18	9	ποιητάς	poets	21	49	0.7081
18	9	γεγονότων	been	22	48	0.5893
18	9	γὰρ	Just	23	44	0.6382
18	9	καθ	before	24	50	0.5081
18	9	ἕκαστον	several	25	55	0.5147
18	9	μέρος	species	26	56	0.5175
18	9	ἀγαθῶν	strong	27	52	0.5698
18	9	ποιητῶν	tragedy	28	58	0.5288
18	9	ἑκάστου	each	29	75	0.6833
18	9	τοῦ	the	30	54	0.4868
18	9	ἰδίου	predecessors	31	79	0.4116
18	9	ἀγαθοῦ	point	32	73	0.46
18	9	ἀξιοῦσι	expect	33	62	0.6868
18	9	τὸν	the	34	63	0.6358
18	9	ἕνα	one	35	64	0.6624
18	9	ὑπερβάλλειν	surpass	36	67	0.7359
19	1	τῶν	The	3	0	0.4081
19	1	εἴρηται	discussed	6	6	0.5757
19	1	λοιπὸν	remains	7	8	0.5623
19	1	λέξεως	Diction	10	12	0.6699
19	1	καὶ	and	11	13	0.7623
19	1	διανοίας	Thought	12	14	0.7113
19	1	εἰπεῖν	to	13	9	0.517
19	2	τὰ	what	0	7	0.5456
19	2	οὖν	As	2	0	0.4214
19	2	περὶ	for	3	1	0.5494
19	2	τὴν	the	4	2	0.5763
19	2	διάνοιαν	Thought	5	3	0.5595
19	2	ἐν	in	6	12	0.7114
19	2	τοῖς	our	7	13	0.5568
19	2	περὶ	of	8	15	0.5497
19	2	ῥητορικῆς	Rhetoric	9	16	0.7509
19	2	κείσθω	we	10	4	0.516
19	2	τοῦτο	it	11	18	0.4817
19	2	γὰρ	as	12	17	0.4646
19	2	ἴδιον	properly	13	21	0.5001
19	2	μᾶλλον	more	14	20	0.6217
19	2	ἐκείνης	that	15	23	0.5839
19	2	τῆς	of	16	25	0.6033
19	2	μεθόδου	inquiry	17	26	0.6183
19	3	ἔστι	is	0	5	0.5035
19	3	τὴν	The	3	0	0.4184
19	3	διάνοιαν	Thought	4	1	0.5052
19	3	ὑπὸ	by	7	12	0.6512
19	3	τοῦ	their	8	13	0.5518
19	3	λόγου	language-in	9	14	0.5802
19	3	δεῖ	to	10	9	0.4803
19	3	παρασκευασθῆναι	effected	11	11	0.5402
19	4	τε	or	4	0	0.5362
19	4	τὸ	to	7	1	0.4804
19	4	λύειν	maximize	8	2	0.5798
19	4	καὶ	or	9	3	0.5015
19	4	πάθη	things	11	5	0.5131
19	4	μικρότητα	minimize	26	4	0.5235
19	5	δῆλον	clear	0	2	0.8689
19	5	δὲ	is	1	1	0.5646
19	5	ὅτι	that	2	4	0.8546
19	5	καὶ	also	3	3	0.7438
19	5	ἐν	in	4	14	0.6064
19	5	τοῖς	their	5	15	0.5961
19	5	πράγμασιν	actions	6	16	0.6178
19	5	ἀπὸ	on	7	10	0.5263
19	5	τῶν	the	8	11	0.5153
19	5	αὐτῶν	same	9	12	0.6002
19	5	ἰδεῶν	lines	10	13	0.5103
19	5	δεῖ	must	11	8	0.6606
19	5	χρῆσθαι	procedure	12	7	0.5098
19	5	ὅταν	whenever	13	18	0.6373
19	5	ἢ	to	14	22	0.4841
19	5	ἐλεεινὰ	pity	15	24	0.7598
19	5	ἢ	or	16	25	0.7166
19	5	δεινὰ	horror	17	26	0.6945
19	5	ἢ	or	18	33	0.5879
19	5	μεγάλα	importance	19	32	0.4437
19	5	ἢ	or	20	27	0.5224
19	5	εἰκότα	probability	21	34	0.6437
19	5	δέῃ	wish	22	20	0.5984
19	5	παρασκευάζειν	arouse	23	23	0.5542
19	6	πλὴν	only	0	1	0.5429
19	6	τοσοῦτον	The	1	0	0.4837
19	6	διαφέρει	difference	2	2	0.711
19	6	ὅτι	that	3	4	0.7106
19	6	τὰ	the	4	8	0.4646
19	6	δεῖ	has	6	10	0.5376
19	6	φαίνεσθαι	impression	7	9	0.6027
19	6	ἄνευ	without	8	14	0.7144
19	6	διδασκαλίας	explanation	9	15	0.663
19	6	δὲ	whereas	11	16	0.5638
19	6	ἐν	with	12	17	0.4785
19	6	τῷ	the	13	18	0.5998
19	6	λόγῳ	word	14	20	0.6053
19	6	ὑπὸ	by	15	26	0.6961
19	6	τοῦ	the	16	27	0.7215
19	6	λέγοντος	speaker	17	28	0.722
19	6	παρασκευάζεσθαι	produced	18	25	0.5944
19	6	καὶ	and	19	29	0.6846
19	6	παρὰ	from	20	31	0.6621
19	6	τὸν	his	21	32	0.6861
19	6	λόγον	language	22	33	0.7257
19	6	γίγνεσθαι	result	23	30	0.5772
19	6	τί	What	24	34	0.7769
19	6	γὰρ	indeed	25	35	0.6568
19	6	ἂν	would	26	36	0.8333
19	6	εἴη	be	27	37	0.7992
19	6	τοῦ	the	28	41	0.7291
19	6	λέγοντος	speaker	29	42	0.7036
19	6	ἔργον	good	30	39	0.6223
19	6	εἰ	if	31	43	0.7846
19	6	φαίνοιτο	appeared	32	45	0.7002
19	6	ᾗ	the	33	47	0.5761
19	6	δέοι	required	34	48	0.6701
19	6	καὶ	even	35	50	0.6315
19	6	μὴ	apart	36	51	0.5023
19	6	διὰ	from	37	52	0.4893
19	6	τὸν	anything	38	53	0.4742
19	6	λόγον	says	39	55	0.5487
19	7	δὲ	As	1	0	0.538
19	7	περὶ	regards	2	1	0.5739
19	7	τὴν	the	3	2	0.648
19	7	λέξιν	Diction	4	3	0.6383
19	7	ἓν	one	5	4	0.6318
19	7	ἐστιν	is	7	11	0.6984
19	7	εἶδος	subject	8	5	0.5691
19	7	θεωρίας	inquiry	9	7	0.6029
19	7	τὰ	the	10	12	0.5265
19	7	σχήματα	turns	11	13	0.5385
19	7	τῆς	the	12	16	0.6428
19	7	λέξεως	language	13	17	0.6137
19	7	ἅ	e	14	20	0.4124
19	7	εἰδέναι	spoken	16	19	0.4139
19	7	τῆς	to	17	15	0.4338
19	7	τοῦ	when	20	18	0.406
19	7	τοιαύτην	this	22	9	0.4032
19	7	τί	the	26	22	0.4402
19	7	ἐντολὴ	command	27	25	0.5904
19	7	καὶ	and	28	26	0.6231
19	7	τί	simple	29	28	0.4712
19	7	εὐχὴ	prayer	30	27	0.524
19	7	καὶ	between	31	24	0.4185
19	7	διήγησις	statement	32	29	0.6171
19	7	ἀπειλὴ	threat	34	31	0.6271
19	7	καὶ	and	35	30	0.7449
19	7	ἐρώτησις	question	36	32	0.7872
19	7	καὶ	and	37	33	0.7571
19	7	ἀπόκρισις	answer	38	34	0.7626
19	7	καὶ	and	39	35	0.7769
19	7	ἄλλο	forth	42	37	0.4234
19	7	τοιοῦτον	so	43	36	0.5652
19	8	παρὰ	on	0	32	0.4584
19	8	γὰρ	however	1	5	0.6498
19	8	τὴν	The	2	0	0.6263
19	8	τούτων	such	3	3	0.7446
19	8	γνῶσιν	theory	4	1	0.6055
19	8	ἢ	or	5	21	0.4756
19	8	ἄγνοιαν	not	6	22	0.4616
19	8	οὐδὲν	never	7	29	0.6033
19	8	εἰς	to	8	7	0.5229
19	8	τὴν	Elocution	9	8	0.4466
19	8	ποιητικὴν	art	10	14	0.509
19	8	ἐπιτίμημα	professors	11	11	0.4969
19	8	φέρεται	belongs	12	6	0.6169
19	8	ὅ	that	13	33	0.4215
19	8	τι	things	14	20	0.4688
19	8	καὶ	seriously	15	30	0.4874
19	8	ἄξιον	account	16	34	0.4285
19	8	σπουδῆς	poet	17	27	0.4781
19	8	τί	What	18	35	0.6981
19	8	γὰρ	Whether	19	15	0.4297
19	8	ἂν	can	20	37	0.6143
19	8	τις	one	21	38	0.6078
19	8	ὑπολάβοι	see	22	39	0.6074
19	8	ἡμαρτῆσθαι	criticized	23	31	0.597
19	8	ἃ	in	24	40	0.5311
19	8	Πρωταγόρας	Protagoras	25	47	0.7017
19	8	ἐπιτιμᾷ	criticized	26	49	0.6641
19	8	ὅτι	as	27	50	0.5337
19	8	εὔχεσθαι	command	28	53	0.5713
19	8	οἰόμενος	was	29	57	0.46
19	8	ἐπιτάττει	meant	30	58	0.6075
19	8	εἰπὼν	he	31	67	0.4538
19	8	μῆνιν	prayer	32	56	0.6506
19	8	ἄειδε	where	33	54	0.5285
19	8	θεά	Goddess'?-which	34	46	0.614
19	8	τὸ	to	35	60	0.4668
19	8	γὰρ	since	36	59	0.6335
19	8	κελεῦσαι	bid	37	61	0.7598
19	8	φησίν	tells	38	68	0.6944
19	8	ποιεῖν	do	39	63	0.6773
19	8	τι	one	40	62	0.5452
19	8	ἢ	or	41	64	0.7189
19	8	μὴ	not	42	65	0.7171
19	8	ἐπίταξίς	do	43	66	0.6171
19	8	ἐστιν	is	44	70	0.6869
19	9	διὸ	then	0	5	0.4568
19	9	παρείσθω	pass	1	2	0.6739
19	9	ὡς	as	2	6	0.5599
19	9	ἄλλης	another	3	9	0.7091
19	9	καὶ	and	4	11	0.8004
19	9	οὐ	not	5	12	0.817
19	9	τῆς	of	6	15	0.6319
19	9	ποιητικῆς	poetry	7	16	0.8058
19	9	ὂν	that	8	14	0.4083
19	9	θεώρημα	appertaining	9	7	0.4246
2	1	Ἐπεὶ	The	0	0	0.4901
2	1	δὲ	therefore	1	45	0.4526
2	1	μιμοῦνται	represents	2	4	0.6127
2	1	οἱ	the	3	2	0.6549
2	1	μιμούμενοι	imitator	4	3	0.6576
2	1	πράττοντας	actions	5	6	0.5583
2	1	ἀνάγκη	objects	6	1	0.4171
2	1	δὲ	necessarily	7	11	0.4662
2	1	τούτους	who	8	9	0.4635
2	1	ἢ	either	9	12	0.7019
2	1	σπουδαίους	men	10	14	0.6791
2	1	ἢ	or	11	15	0.7912
2	1	φαύλους	bad—the	12	16	0.6122
2	1	εἶναι	are	13	10	0.5893
2	1	τὰ	the	14	30	0.5106
2	1	γὰρ	diversities	15	17	0.4171
2	1	ἤθη	character	16	20	0.5488
2	1	σχεδὸν	nearly	17	22	0.681
2	1	ἀεὶ	always	18	23	0.7484
2	1	τούτοις	this	19	26	0.5519
2	1	ἀκολουθεῖ	derivative	20	24	0.6185
2	1	μόνοις	primary	21	27	0.5969
2	1	κακίᾳ	virtue	22	33	0.5387
2	1	γὰρ	since	23	29	0.6333
2	1	καὶ	and	24	34	0.6881
2	1	ἀρετῇ	vice	25	35	0.5385
2	1	τὰ	the	26	47	0.5834
2	1	ἤθη	agents	27	48	0.5619
2	1	διαφέρουσι	dividing	28	38	0.6436
2	1	πάντες	whole	29	40	0.5449
2	1	ἤτοι	either	30	52	0.7303
2	1	βελτίονας	goodness	31	58	0.6173
2	1	ἢ	must	32	50	0.4582
2	1	καθ	above	33	53	0.5743
2	1	ἡμᾶς	our	34	54	0.7077
2	1	ἢ	or	35	59	0.6735
2	1	χείρονας	beneath	36	60	0.5857
2	1	ἢ	or	37	62	0.7466
2	1	καὶ	just	38	63	0.6301
2	1	τοιούτους	such	39	64	0.7192
2	1	ὥσπερ	as	40	65	0.6387
2	1	οἱ	are	41	67	0.4452
2	1	γραφεῖς	we	42	66	0.5525
2	2	Πολύγνωτος	Polygnotus	0	11	0.5978
2	2	γὰρ	in	2	0	0.4935
2	2	κρείττους	better	3	13	0.7465
2	2	Παύσων	Pauson	4	19	0.6663
2	2	δὲ	than	5	14	0.441
2	2	χείρους	worse	6	20	0.7156
2	2	Διονύσιος	Dionysius	7	24	0.7424
2	2	δὲ	and	8	21	0.7267
2	2	ὁμοίους	just	9	25	0.6511
2	3	δῆλον	clear	0	2	0.8643
2	3	δὲ	It	1	0	0.5401
2	3	ὅτι	that	2	3	0.8547
2	3	τῶν	the	4	6	0.7315
2	3	λεχθεισῶν	above-mentioned	5	7	0.7485
2	3	ἑκάστη	each	6	4	0.7211
2	3	μιμήσεων	of	7	11	0.4613
2	3	ἔξει	admit	8	10	0.5933
2	3	ταύτας	these	9	12	0.6694
2	3	τὰς	difference	10	29	0.4018
2	3	διαφορὰς	differences	11	13	0.7538
2	3	καὶ	and	12	14	0.6838
2	3	ἔσται	will	13	17	0.7466
2	3	ἑτέρα	separate	14	20	0.6702
2	3	ἔτερα	objects	16	24	0.4398
2	3	μιμεῖσθαι	representing	17	23	0.5429
2	3	τοῦτον	this	18	26	0.6215
2	3	τὸν	of	19	28	0.4453
2	3	τρόπον	point	20	27	0.5049
2	4	καὶ	Even	0	0	0.6873
2	4	ἐν	in	2	1	0.6837
2	4	ὀρχήσει	dancing	3	2	0.6014
2	4	αὐλήσει	flute-playing	5	3	0.6726
2	4	καὶ	and	6	4	0.7669
2	4	κιθαρίσει	lyre-playing	7	5	0.8125
2	4	ἔστι	are	8	8	0.7057
2	4	γενέσθαι	possible	9	9	0.5389
2	4	ταύτας	such	10	6	0.6766
2	4	ἀνομοιότητας	diversities	12	7	0.6286
2	5	καὶ	and	0	0	0.7555
2	5	τῷ	the	1	6	0.631
2	5	περὶ	in	2	5	0.5099
2	5	τοὺς	nameless	3	7	0.418
2	5	λόγους	art	4	8	0.5552
2	5	καὶ	also	6	3	0.579
2	5	τὴν	prose	7	12	0.4234
2	5	ψιλομετρίαν	harmony	8	16	0.5059
2	5	οἷον	as	9	17	0.5574
2	5	Ὅμηρος	Homer's	10	20	0.4869
2	5	μὲν	instance	11	23	0.5311
2	5	βελτίους	better	12	25	0.6939
2	5	Κλεοφῶν	Cleophon's	13	29	0.6962
2	5	δὲ	or	14	13	0.447
2	5	ὁμοίους	own	15	33	0.5388
2	5	Ἡγήμων	Hegemon	16	38	0.6615
2	5	δὲ	and	17	35	0.6544
2	5	ὁ	of	18	39	0.5846
2	5	Θάσιος	Thasos	19	40	0.7011
2	5	ὁ	the	20	41	0.6265
2	5	τὰς	of	21	44	0.4523
2	5	παρῳδίας	parodies	22	45	0.6651
2	5	ποιήσας	writer	23	43	0.6146
2	5	πρῶτος	first	24	42	0.7791
2	5	καὶ	and	25	46	0.7092
2	5	Νικοχάρης	Nicochares	26	47	0.6953
2	5	ὁ	the	27	48	0.6367
2	5	τὴν	the	28	51	0.6439
2	5	Δειλιάδα	Diliad	29	52	0.7394
2	5	χείρους	beneath	30	54	0.477
2	6	ὁμοίως	same	0	1	0.5699
2	6	περὶ	of	3	4	0.5224
2	6	τοὺς	the	4	5	0.5651
2	6	διθυράμβους	Dithyramb	5	6	0.6073
2	6	καὶ	and	6	26	0.5454
2	6	περὶ	in	7	27	0.4672
2	6	τοὺς	the	8	8	0.5157
2	6	νόμους	Nome	9	9	0.5199
2	6	ὥσπερ	exemplified	10	20	0.4855
2	6	Κύκλωπας	Cyclopses	11	29	0.5794
2	6	Τιμόθεος	Timotheus	12	31	0.7705
2	6	καὶ	and	13	32	0.8355
2	6	Φιλόξενος	Philoxenus	14	33	0.7792
2	6	μιμήσαιτο	presented	15	14	0.6044
2	6	ἄν	may	16	12	0.6093
2	7	ταύτῃ	This	1	0	0.6678
2	7	διαφορᾷ	difference	4	1	0.7286
2	7	καὶ	also	5	9	0.5858
2	7	τραγῳδία	Tragedy	7	6	0.5294
2	7	πρὸς	and	8	7	0.4077
2	7	κωμῳδίαν	Comedy	10	8	0.4927
2	7	διέστηκεν	is	11	3	0.4717
2	7	ἡ	the	12	10	0.7849
2	7	μὲν	one	13	11	0.6482
2	7	γὰρ	personages	14	15	0.4573
2	7	χείρους	worse	15	16	0.6082
2	7	ἡ	the	16	18	0.7428
2	7	δὲ	and	17	17	0.6505
2	7	βελτίους	better	18	20	0.7373
2	7	μιμεῖσθαι	make	19	13	0.4177
2	7	τῶν	the	21	25	0.6648
2	7	νῦν	present	22	26	0.7699
20	10	πτῶσις	Case	0	2	0.5835
20	10	δ	A	1	1	0.4461
20	10	ἐστὶν	is	2	8	0.7127
20	10	ὀνόματος	Noun	3	5	0.6015
20	10	ἢ	or	4	6	0.738
20	10	ῥήματος	Verb	5	7	0.7294
20	10	ἡ	when	6	9	0.4678
20	10	τὸ	thing	9	17	0.5453
20	10	τούτου	of	10	13	0.5238
20	10	ἢ	or	11	14	0.6447
20	10	τούτῳ	to	12	15	0.6105
20	10	σημαῖνον	means	13	12	0.5612
20	10	καὶ	and	14	18	0.5273
20	10	ὅσα	forth	15	20	0.4034
20	10	τοιαῦτα	so	16	19	0.6094
20	10	ἡ	it	17	31	0.4689
20	10	δὲ	or	18	21	0.5436
20	10	κατὰ	for	19	22	0.5133
20	10	τὸ	a	20	16	0.4685
20	10	ἑνὶ	one	21	23	0.6437
20	10	ἢ	or	22	24	0.7333
20	10	πολλοῖς	many	23	25	0.7496
20	10	οἷον	e.g	24	26	0.4987
20	10	ἄνθρωποι	man	25	27	0.6878
20	10	ἢ	and	26	28	0.5691
20	10	ἄνθρωπος	men	27	29	0.6955
20	10	δὲ	or	29	30	0.5362
20	10	κατὰ	in	30	35	0.502
20	10	τὰ	the	31	36	0.5549
20	10	ὑποκριτικά	utterance	32	39	0.5394
20	10	οἷον	e.g	33	40	0.6148
20	10	κατ	in	34	41	0.637
20	10	ἐρώτησιν	question	35	42	0.6639
20	10	ἐπίταξιν	command	36	43	0.6294
20	10	τὸ	the	37	51	0.4268
20	10	γὰρ	etc	38	44	0.4977
20	10	ἐβάδισεν	Walked	39	45	0.593
20	10	ἢ	and	40	46	0.641
20	10	βάδιζε	Walk	41	47	0.6848
20	10	πτῶσις	Cases	42	49	0.6051
20	10	ῥήματος	verb	43	52	0.631
20	10	κατὰ	of	44	55	0.6818
20	10	ταῦτα	this	45	56	0.7224
20	10	τὰ	last	46	57	0.4722
20	10	εἴδη	kind	47	58	0.5589
20	10	ἐστίν	are	48	48	0.644
20	11	λόγος	Speech	0	2	0.7127
20	11	δὲ	8	1	0	0.4275
20	11	φωνὴ	sound	2	7	0.6086
20	11	συνθετὴ	composite	3	5	0.6502
20	11	σημαντικὴ	significant	4	6	0.6299
20	11	ἧς	of	5	12	0.4435
20	11	μέρη	parts	7	11	0.6627
20	11	καθ	by	8	18	0.8018
20	11	αὑτὰ	themselves	9	19	0.744
20	11	σημαίνει	have	10	14	0.5856
20	11	τι	certain	11	16	0.5859
20	12	οὐ	not	0	8	0.79
20	12	γὰρ	may	1	1	0.4406
20	12	ἅπας	always	2	9	0.6648
20	12	λόγος	Speech	3	6	0.7044
20	12	ἐκ	of	4	12	0.6192
20	12	ῥημάτων	Noun	5	13	0.6605
20	12	καὶ	and	6	14	0.6197
20	12	ὀνομάτων	Verb	7	15	0.5378
20	12	σύγκειται	made	8	10	0.6567
20	12	οἷον	like	9	22	0.5367
20	12	ὁ	the	10	23	0.6138
20	12	τοῦ	of	11	25	0.6411
20	12	ἀνθρώπου	man	12	26	0.7373
20	12	ὁρισμός	definition	13	24	0.6085
20	12	ἀλλ	it	14	16	0.4365
20	12	ἐνδέχεται	may	15	17	0.608
20	12	ἄνευ	without	16	19	0.684
20	12	ῥημάτων	Verb	17	21	0.6507
20	12	εἶναι	be	18	18	0.6921
20	12	μέρος	part	20	33	0.6997
20	12	μέντοι	but	21	27	0.7293
20	12	ἀεί	always	22	30	0.7405
20	12	τι	some	23	32	0.7199
20	12	σημαῖνον	significance	24	37	0.5947
20	12	ἕξει	have	25	31	0.6861
20	12	οἷον	Speech	26	42	0.4353
20	12	ἐν	In	27	40	0.6289
20	12	τῷ	the	28	41	0.6016
20	12	βαδίζει	walks	29	44	0.7145
20	12	Κλέων	Cleon	30	43	0.6895
20	12	Κλέων	Cleon	32	45	0.6656
20	13	εἷς	one	0	6	0.649
20	13	δέ	is	1	2	0.4536
20	13	ἐστι	be	2	5	0.7029
20	13	λόγος	Speech	3	1	0.681
20	13	διχῶς	two	4	8	0.6876
20	13	ἢ	either	5	10	0.8166
20	13	ὁ	as	7	11	0.5377
20	13	ἓν	one	8	13	0.6539
20	13	σημαίνων	signifying	9	12	0.7178
20	13	ἢ	or	10	15	0.8336
20	13	ὁ	a	11	17	0.5587
20	13	ἐκ	by	12	33	0.4818
20	13	πλειόνων	several	13	20	0.6274
20	13	συνδέσμῳ	conjunction	14	26	0.5615
20	13	οἷον	Thus	15	27	0.698
20	13	ἡ	the	16	28	0.6834
20	13	Ἰλιὰς	Iliad	17	29	0.6406
20	13	μὲν	one	18	31	0.4114
20	13	συνδέσμῳ	conjunction	19	34	0.5568
20	13	εἰς	through	20	44	0.4407
20	13	ὁ	the	21	38	0.5705
20	13	δὲ	and	22	37	0.5993
20	13	τοῦ	of	23	40	0.6095
20	13	ἀνθρώπου	man	24	41	0.7642
20	13	τῷ	one	25	43	0.5955
20	13	ἓν	one	26	47	0.638
20	13	σημαίνειν	signifying	27	46	0.6502
20	1	Τῆς	The	0	0	0.6936
20	1	λέξεως	Diction	2	1	0.6946
20	1	ἁπάσης	whole	3	5	0.701
20	1	τάδ	following	4	11	0.5953
20	1	ἐστὶ	is	5	6	0.7165
20	1	τὰ	the	6	10	0.5641
20	1	μέρη	parts	7	12	0.7506
20	1	στοιχεῖον	element	8	17	0.4738
20	1	συλλαβὴ	Syllable	9	19	0.4686
20	1	σύνδεσμος	Conjunction	10	21	0.6463
20	1	ἄρθρον	Verb	11	27	0.5808
20	1	ὄνομα	Noun	12	25	0.4732
20	1	ῥῆμα	Article	13	23	0.4664
20	1	πτῶσις	Case	14	29	0.5031
20	1	λόγος	Speech	15	32	0.5753
20	2	στοιχεῖον	Letter	0	1	0.5969
20	2	ἐστιν	is	3	2	0.7631
20	2	φωνὴ	sound	4	5	0.678
20	2	ἀδιαίρετος	indivisible	5	4	0.6616
20	2	οὐ	of	6	6	0.4783
20	2	πᾶσα	particular	7	8	0.4494
20	2	δὲ	but	8	28	0.4398
20	2	ἀλλ	that	9	11	0.4355
20	2	ἧς	one	11	10	0.427
20	2	πέφυκε	may	12	12	0.5205
20	2	συνετὴ	intelligible	13	18	0.5571
20	2	γίγνεσθαι	become	14	13	0.6404
20	2	φωνή	sound	15	19	0.6205
20	2	καὶ	also	16	27	0.5544
20	2	τῶν	the	18	25	0.6034
20	2	θηρίων	brutes	19	26	0.6287
20	2	εἰσὶν	is	20	33	0.6054
20	2	ἀδιαίρετοι	Indivisible	21	20	0.5577
20	2	φωναί	sounds	22	21	0.5937
20	2	ὧν	these	23	32	0.5354
20	2	οὐδεμίαν	no	24	29	0.7261
20	2	λέγω	of	25	39	0.5329
20	2	στοιχεῖον	a	26	34	0.5752
20	3	ταύτης	These	0	0	0.6524
20	3	δὲ	elementary	1	1	0.4124
20	3	μέρη	sounds	2	2	0.6491
20	3	τό	A	3	9	0.4613
20	3	τε	either	4	4	0.656
20	3	φωνῆεν	vowels	5	5	0.6617
20	3	ἡμίφωνον	semivowels	8	6	0.7217
20	3	καὶ	or	9	7	0.7169
20	3	ἄφωνον	mutes	10	8	0.6807
20	3	ἔστιν	is	11	11	0.6484
20	3	φωνῆεν	vowel	13	10	0.6286
20	3	τὸ	another	15	22	0.47
20	3	ἄνευ	without	16	18	0.6681
20	3	προσβολῆς	addition	17	20	0.6166
20	3	ἔχον	having	18	14	0.7558
20	3	φωνὴν	sound	19	17	0.7136
20	3	ἀκουστήν	audible	20	16	0.6865
20	3	ἡμίφωνον	semivowel	21	25	0.6411
20	3	δὲ	another	22	35	0.4059
20	3	τὸ	one	23	26	0.6034
20	3	μετὰ	by	24	31	0.6708
20	3	προσβολῆς	addition	25	33	0.6382
20	3	ἔχον	having	26	27	0.7453
20	3	φωνὴν	sound	27	30	0.6784
20	3	ἀκουστήν	audible	28	29	0.6975
20	3	οἷον	Letter	29	36	0.4671
20	3	τὸ	g	30	38	0.5829
20	3	Σ	S	31	39	0.7344
20	3	καὶ	and	32	40	0.7284
20	3	τὸ	A	33	42	0.5133
20	3	Ρ	R	34	41	0.7599
20	3	ἄφωνον	mute	35	43	0.6557
20	3	τὸ	one	37	44	0.6219
20	3	μετὰ	by	38	55	0.5972
20	3	προσβολῆς	addition	39	57	0.5586
20	3	καθ	by	40	50	0.6897
20	3	αὑτὸ	itself	41	51	0.7064
20	3	μὲν	all	42	49	0.5203
20	3	οὐδεμίαν	no	43	46	0.7448
20	3	ἔχον	having	44	45	0.7961
20	3	φωνήν	sound	45	47	0.7302
20	3	μετὰ	an	46	56	0.5358
20	3	δὲ	but	47	52	0.6588
20	3	τῶν	the	48	62	0.6127
20	3	ἐχόντων	have	49	65	0.6946
20	3	τινὰ	some	50	69	0.7583
20	3	φωνὴν	sound	51	67	0.7299
20	3	γινόμενον	becoming	52	53	0.7233
20	3	ἀκουστόν	audible	53	54	0.6625
20	3	οἷον	which	54	64	0.4508
20	3	τὸ	e.g	55	74	0.5493
20	3	Γ	D	56	75	0.7108
20	3	καὶ	and	57	76	0.7561
20	3	Δ	G	59	77	0.7991
20	4	ταῦτα	The	0	0	0.5913
20	4	διαφέρει	differ	2	2	0.7876
20	4	σχήμασίν	conformations	3	10	0.5519
20	4	τε	as	4	6	0.4496
20	4	τοῦ	the	5	16	0.5646
20	4	στόματος	mouth	6	17	0.6195
20	4	καὶ	or	7	11	0.4688
20	4	τόποις	regions	8	14	0.5108
20	4	καὶ	as	9	18	0.4421
20	4	δασύτητι	short	10	31	0.4998
20	4	καὶ	and	11	25	0.4281
20	4	ψιλότητι	quantity	12	35	0.5588
20	4	καὶ	or	13	22	0.469
20	4	μήκει	long	14	30	0.6488
20	4	καὶ	or	15	32	0.5347
20	4	βραχύτητι	variable	16	34	0.7108
20	4	ἔτι	further	17	37	0.6813
20	4	δὲ	as	18	38	0.5373
20	4	ὀξύτητι	acute	19	41	0.5674
20	4	καὶ	or	20	43	0.5003
20	4	βαρύτητι	accent	21	45	0.5313
20	4	καὶ	and	22	36	0.6612
20	4	τῷ	The	23	46	0.4726
20	4	μέσῳ	intermediate	24	44	0.5703
20	4	περὶ	of	25	48	0.5673
20	4	ὧν	these	26	49	0.6355
20	4	ἕκαστον	matters	28	50	0.4315
20	4	προσήκει	must	29	52	0.6537
20	4	θεωρεῖν	details	30	47	0.5037
20	5	συλλαβὴ	Syllable	0	2	0.6448
20	5	δέ	2	1	0	0.4823
20	5	ἐστιν	is	2	3	0.8067
20	5	φωνὴ	sound	3	7	0.6859
20	5	ἄσημος	non-significant	4	5	0.7677
20	5	συνθετὴ	made	5	8	0.7611
20	5	ἐξ	of	6	10	0.7127
20	5	ἀφώνου	mute	7	12	0.7031
20	5	καὶ	and	8	13	0.6903
20	5	φωνὴν	sound	9	18	0.5598
20	5	ἔχοντος	having	10	16	0.6982
20	5	καὶ	for	11	23	0.4741
20	5	γὰρ	just	12	29	0.4636
20	5	τὸ	a	13	32	0.5152
20	5	ΓΡ	GR	14	24	0.6908
20	5	ἄνευ	without	15	25	0.6436
20	5	Α	GRA	17	35	0.4583
20	5	συλλαβὴ	Syllable	18	33	0.5871
20	5	καὶ	or	19	21	0.5732
20	5	μετὰ	with	20	36	0.574
20	5	τοῦ	an	21	26	0.6513
20	5	Α	A	22	27	0.7468
20	5	οἷον	as	23	34	0.533
20	5	τὸ	an	24	37	0.6226
20	5	ΓΡΑ	A	25	38	0.721
20	5	καὶ	also	27	45	0.6576
20	5	τούτων	various	28	40	0.412
20	5	θεωρῆσαι	theory	29	49	0.5803
20	5	τὰς	The	30	39	0.5892
20	5	διαφορὰς	forms	31	41	0.5656
20	5	τῆς	the	32	43	0.6229
20	5	μετρικῆς	of	33	50	0.64
20	5	ἐστιν	belong	34	46	0.6111
20	6	σύνδεσμος	Conjunction	0	2	0.826
20	6	δέ	A	1	1	0.5152
20	6	ἐστιν	is	2	3	0.8106
20	6	φωνὴ	sound	3	7	0.7418
20	6	ἄσημος	non-significant	4	6	0.79
20	6	ἢ	which	5	8	0.5258
20	6	οὔτε	neither	6	18	0.63
20	6	κωλύει	hinders	7	19	0.5861
20	6	οὔτε	nor	8	20	0.5343
20	6	ποιεῖ	aids	9	21	0.5566
20	6	φωνὴν	sound	10	12	0.5995
20	6	μίαν	one	11	10	0.5183
20	6	σημαντικὴν	significant	12	11	0.6441
20	6	ἐκ	of	13	16	0.6333
20	6	πλειόνων	several	14	17	0.7056
20	6	φωνῶν	Speeches	15	37	0.5382
20	6	πεφυκυῖαν	formable	16	14	0.6721
20	6	συντίθεσθαι	is	17	13	0.5298
20	6	ἣν	and	18	24	0.6371
20	6	μὴ	not	19	39	0.7971
20	6	ἁρμόττει	must	20	38	0.6602
20	6	ἐν	at	21	42	0.7749
20	6	ἀρχῇ	beginning	22	44	0.7976
20	6	λόγου	of	23	45	0.6158
20	6	τιθέναι	inserted	24	41	0.7228
20	6	καθ	by	25	32	0.6301
20	6	αὑτόν	itself	26	33	0.706
20	6	οἷον	e	27	47	0.5714
20	6	μέν	μέν	28	49	0.843
20	6	δή	δή	29	50	0.8619
20	6	τοί	τοί	30	51	0.8816
20	6	δέ	δέ	31	52	0.8085
20	6	ἢ	Or	32	53	0.6899
20	6	φωνὴ	sound	33	57	0.6127
20	6	ἄσημος	non-significant	34	56	0.6343
20	6	ἢ	or	35	62	0.5086
20	6	ἐκ	into	36	66	0.4988
20	6	πλειόνων	more	37	63	0.607
20	6	φωνῶν	sounds	39	65	0.6772
20	6	μιᾶς	two	40	61	0.5461
20	6	σημαντικῶν	significant	41	64	0.6608
20	6	ποιεῖν	combining	43	60	0.6439
20	6	πέφυκεν	etc	44	72	0.5139
20	6	μίαν	one	45	67	0.6325
20	6	σημαντικὴν	ἀμφί	46	70	0.4829
20	6	φωνήν	e	47	68	0.4831
20	7	ἄρθρον	the	0	8	0.4819
20	7	δ	4	1	0	0.418
20	7	ἐστὶ	is	2	3	0.7863
20	7	φωνὴ	Article	3	2	0.6646
20	7	ἄσημος	non-significant	4	5	0.7043
20	7	ἢ	of	5	13	0.4226
20	7	λόγου	Speech	6	15	0.547
20	7	ἀρχὴν	beginning	7	9	0.7122
20	7	τέλος	end	9	10	0.6633
20	7	ἢ	or	10	11	0.6801
20	7	διορισμὸν	dividing-point	11	12	0.6608
20	7	δηλοῖ	marking	12	7	0.5911
20	7	τὸ	its	17	16	0.437
20	7	φωνὴ	a	23	14	0.4024
20	7	φωνὴν	sound	30	6	0.4738
20	7	σημαντικὴν	natural	32	17	0.5046
20	7	πεφυκυῖα	place	36	18	0.4247
20	7	τίθεσθαι	being	37	19	0.516
20	7	καὶ	either	38	20	0.509
20	7	ἐπὶ	at	39	21	0.6857
20	7	τῶν	the	40	22	0.6898
20	7	ἄκρων	extremities	41	23	0.7471
20	7	καὶ	or	42	24	0.6292
20	7	ἐπὶ	in	43	25	0.7475
20	7	τοῦ	the	44	26	0.7505
20	7	μέσου	middle	45	27	0.7483
20	8	ὄνομα	name	0	4	0.6481
20	8	δέ	5	1	0	0.4694
20	8	ἐστι	is	2	5	0.7786
20	8	φωνὴ	sound	3	9	0.6459
20	8	συνθετὴ	composite	4	7	0.6687
20	8	σημαντικὴ	significant	5	8	0.7091
20	8	ἄνευ	not	6	10	0.5796
20	8	χρόνου	time	7	15	0.7107
20	8	ἧς	with	8	16	0.5248
20	8	μέρος	parts	9	17	0.6587
20	8	οὐδέν	no	10	20	0.6878
20	8	ἐστι	have	11	19	0.6623
20	8	καθ	by	12	22	0.782
20	8	αὑτὸ	themselves	13	23	0.7424
20	8	σημαντικόν	significance	14	21	0.622
20	8	ἐν	in	15	32	0.6711
20	8	γὰρ	is	16	27	0.4076
20	8	τοῖς	a	17	33	0.6028
20	8	διπλοῖς	compound	18	34	0.6574
20	8	οὐ	not	19	37	0.785
20	8	χρώμεθα	we	20	35	0.6544
20	8	ὡς	as	21	42	0.6248
20	8	καὶ	also	22	46	0.6385
20	8	αὐτὸ	having	23	43	0.4104
20	8	καθ	by	24	47	0.6277
20	8	αὑτὸ	themselves	25	48	0.7215
20	8	σημαῖνον	significance	26	45	0.6321
20	8	οἷον	instance	27	54	0.647
20	8	ἐν	in	28	49	0.5514
20	8	τῷ	the	29	50	0.5062
20	8	Θεοδώρῳ	Theodorus	30	52	0.6241
20	8	τὸ	the	31	55	0.7416
20	8	δῶρον	δῶρον	32	56	0.8204
20	8	οὐ	nothing	33	58	0.729
20	8	σημαίνει	means	34	57	0.7543
20	9	ῥῆμα	Verb	0	2	0.5649
20	9	δὲ	6	1	0	0.4769
20	9	φωνὴ	sound	2	7	0.6818
20	9	συνθετὴ	composite	3	5	0.6181
20	9	σημαντικὴ	significant	4	6	0.6749
20	9	μετὰ	involving	5	8	0.5663
20	9	χρόνου	time	6	12	0.6853
20	9	ἧς	which	7	15	0.5968
20	9	οὐδὲν	no	8	22	0.7272
20	9	μέρος	parts	9	14	0.6048
20	9	σημαίνει	have	10	21	0.6658
20	9	καθ	by	11	24	0.783
20	9	αὑτό	themselves	12	25	0.7333
20	9	ὥσπερ	as	13	17	0.6389
20	9	καὶ	just	14	16	0.4872
20	9	ἐπὶ	in	15	26	0.4851
20	9	τῶν	the	16	19	0.4307
20	9	τὸ	the	18	29	0.6001
20	9	γὰρ	Whereas	20	28	0.5367
20	9	ἄνθρωπος	man	21	31	0.7179
20	9	ἢ	or	22	32	0.7085
20	9	λευκόν	white	23	33	0.7406
20	9	οὐ	not	24	35	0.7468
20	9	σημαίνει	imply	25	36	0.6618
20	9	πότε	when	27	37	0.5197
20	9	τὸ	has	28	40	0.4184
20	9	βαδίζει	walks	30	38	0.6146
20	9	ἢ	and	31	39	0.6211
20	9	βεβάδικεν	walked	32	41	0.7171
20	9	προσσημαίνει	involve	33	42	0.6931
20	9	τὸ	that	34	50	0.534
20	9	μὲν	in	35	43	0.4265
20	9	τὸν	of	36	51	0.5638
20	9	παρόντα	present	37	53	0.7252
20	9	χρόνον	time	38	52	0.7066
20	9	τὸ	time	39	55	0.5141
20	9	δὲ	or	40	54	0.5674
20	9	τὸν	the	41	46	0.4355
20	9	παρεληλυθότα	past	42	56	0.5928
21	10	ἀπ	from	0	1	0.703
21	10	εἴδους	species	1	2	0.6608
21	10	ἐπὶ	to	3	3	0.6473
21	10	εἶδος	species	4	4	0.6697
21	10	οἷον	in	5	5	0.4579
21	10	χαλκῷ	bronze	6	11	0.7236
21	10	ἀπὸ	the	7	7	0.4197
21	10	ψυχὴν	life	8	8	0.5413
21	10	ἀρύσας	Drawing	9	6	0.6811
21	10	καὶ	and	10	12	0.7573
21	10	τεμὼν	Severing	11	14	0.5806
21	10	ἀτειρέϊ	enduring	12	17	0.6953
21	10	χαλκῷ	bronze	13	18	0.7763
21	10	ἐνταῦθα	where	14	19	0.5962
21	10	τὸ	the	16	20	0.4618
21	10	ἀρύσαι	sever	18	28	0.5595
21	10	ταμεῖν	of	19	27	0.5068
21	10	τὸ	that	20	32	0.4165
21	10	δὲ	and	21	29	0.5882
21	10	ταμεῖν	meaning	22	37	0.4386
21	10	ἀρύσαι	sever	23	30	0.5485
21	10	εἴρηκεν	words	24	36	0.4799
21	10	ἄμφω	both	25	35	0.6523
21	10	γὰρ	in	26	31	0.4536
21	10	ἀφελεῖν	take	27	39	0.6818
21	10	τί	something	28	41	0.4799
21	11	τῷ	That	0	0	0.641
21	11	δὲ	from	1	1	0.4879
21	11	ἀνάλογον	analogy	2	2	0.6753
21	11	λέγω	is	3	3	0.5343
21	11	ὅταν	whenever	4	5	0.7236
21	11	ὁμοίως	so	5	10	0.5184
21	11	ἔχῃ	are	6	7	0.6436
21	11	τὸ	the	7	13	0.6334
21	11	δεύτερον	second	8	14	0.7685
21	11	πρὸς	to	9	17	0.6645
21	11	τὸ	the	10	18	0.669
21	11	πρῶτον	first	11	19	0.7155
21	11	καὶ	as	12	21	0.4531
21	11	τὸ	the	13	22	0.5643
21	11	τέταρτον	D	14	24	0.5832
21	11	πρὸς	to	15	25	0.7938
21	11	τὸ	the	16	26	0.6919
21	11	τρίτον	third	17	27	0.7519
21	11	ἐρεῖ	put	18	34	0.6276
21	11	γὰρ	for	19	29	0.6747
21	11	ἀντὶ	lieu	20	37	0.6504
21	11	τοῦ	of	21	38	0.4485
21	11	δευτέρου	D	22	39	0.58
21	11	τὸ	B	23	35	0.5518
21	11	τέταρτον	fourth	24	23	0.611
21	11	ἢ	and	25	40	0.5946
21	11	ἀντὶ	lieu	26	43	0.7039
21	11	τοῦ	of	27	44	0.5652
21	11	τετάρτου	B	28	45	0.6683
21	11	τὸ	in	29	42	0.5152
21	11	δεύτερον	D	30	41	0.5495
21	12	καὶ	and	0	1	0.7426
21	12	ἐνίοτε	Now	1	0	0.5211
21	12	προστιθέασιν	adding	2	9	0.6764
21	12	ἀνθ	to	3	11	0.4559
21	12	οὗ	which	4	15	0.6286
21	12	λέγει	word	5	17	0.5682
21	12	πρὸς	to	6	14	0.5638
21	12	ὅ	that	7	13	0.5871
21	12	ἐστι	is	8	20	0.6083
21	12	λέγω	metaphor	9	7	0.4396
21	12	οἷον	Thus	11	22	0.6418
21	12	ὁμοίως	relative	12	21	0.5063
21	12	ἔχει	is	13	26	0.6368
21	12	φιάλη	shield	14	34	0.6484
21	12	πρὸς	to	15	29	0.623
21	12	Διόνυσον	Dionysus	16	30	0.6919
21	12	καὶ	is	17	36	0.4646
21	12	ἀσπὶς	cup	18	24	0.5012
21	12	πρὸς	to	19	37	0.673
21	12	Ἄρη	Ares	20	38	0.7279
21	12	ἐρεῖ	described	21	46	0.54
21	12	τοίνυν	accordingly	22	42	0.578
21	12	τὴν	the	23	48	0.6753
21	12	φιάλην	cup	24	41	0.646
21	12	ἀσπίδα	shield	25	49	0.7689
21	12	Διονύσου	Dionysus	26	51	0.8234
21	12	καὶ	and	27	54	0.8284
21	12	τὴν	the	28	55	0.8103
21	12	ἀσπίδα	shield	29	56	0.7985
21	12	φιάλην	cup	30	59	0.6748
21	12	Ἄρεως	Ares	31	61	0.8294
21	13	ἢ	Or	0	0	0.7521
21	13	γῆρας	old	1	6	0.5105
21	13	πρὸς	to	2	10	0.5218
21	13	βίον	age	3	7	0.5626
21	13	καὶ	is	4	9	0.4498
21	13	ἑσπέρα	evening	5	15	0.4873
21	13	πρὸς	to	6	17	0.5809
21	13	ἡμέραν	day	7	18	0.6115
21	13	ἐρεῖ	describe	8	23	0.5836
21	13	τοίνυν	so	9	13	0.6406
21	13	τὴν	the	10	27	0.5121
21	13	ἑσπέραν	evening	11	24	0.5425
21	13	γῆρας	age	12	29	0.5844
21	13	ἡμέρας	day	13	32	0.5878
21	13	ἢ	or	14	35	0.658
21	13	ὥσπερ	by	15	36	0.5232
21	13	Ἐμπεδοκλῆς	Empedoclean	16	38	0.6619
21	13	καὶ	and	17	40	0.5747
21	13	τὸ	the	18	45	0.5514
21	13	γῆρας	age	19	42	0.5005
21	13	ἑσπέραν	evening	20	46	0.6143
21	13	βίου	of	21	49	0.562
21	13	ἢ	or	22	47	0.7212
21	13	δυσμὰς	sunset	23	48	0.6579
21	13	βίου	life	24	50	0.7726
21	14	ἐνίοις	some	0	4	0.5748
21	14	δ	may	1	1	0.4987
21	14	οὐκ	no	2	11	0.6653
21	14	ἔστιν	have	3	10	0.6874
21	14	ὄνομα	name	4	13	0.7653
21	14	κείμενον	special	5	12	0.598
21	14	τῶν	the	6	6	0.6643
21	14	ἀνάλογον	related	7	9	0.6646
21	14	ἀλλ	but	8	17	0.6657
21	14	οὐδὲν	no	9	51	0.4766
21	14	ἧττον	all	10	19	0.4478
21	14	ὁμοίως	same	11	29	0.6207
21	14	λεχθήσεται	described	12	25	0.6677
21	14	οἷον	Thus	13	31	0.5496
21	14	τὸ	to	14	32	0.5043
21	14	καρπὸν	seedcorn	16	35	0.5904
21	14	μὲν	forth	17	34	0.484
21	14	ἀφιέναι	cast	18	33	0.6744
21	14	σπείρειν	sowing	19	38	0.6762
21	14	τὸ	cast	20	41	0.4643
21	14	δὲ	but	21	39	0.702
21	14	τὴν	its	22	43	0.7746
21	14	φλόγα	flame	23	44	0.7762
21	14	ἐπὶ	of	24	47	0.5721
21	14	τοῦ	the	25	48	0.6826
21	14	ἡλίου	sun	26	49	0.6693
21	14	ἀνώνυμον	special	27	52	0.6069
21	14	ἀλλ	however	28	58	0.6355
21	14	ὁμοίως	same	29	63	0.737
21	14	ἔχει	stands	30	59	0.7156
21	14	τοῦτο	D	31	72	0.5728
21	14	πρὸς	to	32	65	0.5632
21	14	τὸν	its	33	66	0.518
21	14	ἥλιον	sunlight	34	68	0.5884
21	14	καὶ	as	35	70	0.4532
21	14	τὸ	to	36	40	0.5159
21	14	σπείρειν	sowing	37	71	0.646
21	14	πρὸς	to	38	73	0.6752
21	14	τὸν	the	39	74	0.6932
21	14	καρπόν	seed-corn	40	75	0.6695
21	14	διὸ	Hence	41	77	0.6684
21	14	εἴρηται	expression	42	79	0.7089
21	14	σπείρων	sowing	43	83	0.6786
21	14	θεοκτίσταν	god-created	44	86	0.7823
21	14	φλόγα	flame	45	87	0.7621
21	15	ἔστι	is	0	1	0.7211
21	15	δὲ	also	1	2	0.4955
21	15	τῷ	another	2	3	0.4434
21	15	τρόπῳ	form	3	4	0.5971
21	15	τούτῳ	thing	4	11	0.5235
21	15	τῆς	of	5	5	0.4682
21	15	μεταφορᾶς	metaphor	6	7	0.5823
21	15	χρῆσθαι	Having	7	8	0.4222
21	15	καὶ	may	8	16	0.4064
21	15	ἄλλως	negative	9	19	0.4415
21	15	προσαγορεύσαντα	given	10	9	0.5596
21	15	τὸ	the	11	12	0.4721
21	15	ἀλλότριον	alien	12	13	0.5981
21	15	ἀποφῆσαι	deny	13	21	0.6452
21	15	τῶν	the	14	26	0.535
21	15	οἰκείων	of	15	25	0.4645
21	15	τι	one	16	24	0.5933
21	16	οἷον	instance	0	1	0.4899
21	16	εἰ	would	1	4	0.4727
21	16	τὴν	the	2	8	0.7015
21	16	ἀσπίδα	shield	3	9	0.724
21	16	εἴποι	call	4	7	0.6264
21	16	φιάλην	cup	5	12	0.5975
21	16	μὴ	not	6	10	0.6738
21	16	Ἄρεως	Ares	7	14	0.7523
21	16	ἀλλ	but	8	20	0.6399
21	16	ἄοινον	wine	9	26	0.5748
21	17	πεποιημένον	coined	0	1	0.5753
21	17	δ	A	1	0	0.4483
21	17	ἐστὶν	is	2	3	0.6853
21	17	ὃ	which	3	6	0.6742
21	17	ὅλως	quite	4	8	0.6036
21	17	μὴ	unknown	5	9	0.5992
21	17	καλούμενον	being	6	7	0.4961
21	17	ὑπὸ	by	7	15	0.7117
21	17	τινῶν	people	8	12	0.549
21	17	αὐτὸς	himself	9	18	0.7478
21	17	τίθεται	given	10	14	0.6413
21	17	ὁ	the	11	16	0.7249
21	17	ποιητής	poet	12	17	0.7362
21	17	δοκεῖ	seem	13	26	0.706
21	17	γὰρ	for	14	20	0.6717
21	17	ἔνια	of	15	29	0.4242
21	17	εἶναι	be	16	28	0.7213
21	17	τοιαῦτα	this	17	30	0.5766
21	17	οἷον	origin	18	31	0.4145
21	17	τὰ	for	19	33	0.528
21	17	κέρατα	horns	20	34	0.636
21	17	ἐρνύγας	ἐρνύγες	21	32	0.7251
21	17	καὶ	and	22	35	0.6759
21	17	τὸν	for	23	37	0.4713
21	17	ἱερέα	priest	24	38	0.5507
21	17	ἀρητῆρα	ἀρητήρ	25	36	0.7364
21	18	ἐπεκτεταμένον	lengthened	0	6	0.6491
21	18	δέ	to	1	4	0.4455
21	18	ἐστιν	is	2	2	0.6637
21	18	ἢ	said	3	3	0.43
21	18	ἀφηρημένον	out	4	7	0.4945
21	18	τὸ	a	5	11	0.4295
21	18	ἐὰν	when	7	8	0.6016
21	18	φωνήεντι	vowel	8	13	0.6219
21	18	μακροτέρῳ	short	9	12	0.6593
21	18	κεχρημένον	made	10	14	0.571
21	18	ἢ	or	13	16	0.5757
21	18	συλλαβῇ	syllable	14	19	0.582
21	18	ἐμβεβλημένῃ	inserted	15	20	0.6805
21	18	τὸ	an	16	17	0.4245
21	18	τι	extra	20	18	0.4142
21	19	ἐπεκτεταμένον	curtailed	0	12	0.6075
21	19	οἷον	for	2	2	0.5193
21	19	πόλεως	πόλεως	4	3	0.7483
21	19	πόληος	πόληος	5	1	0.6702
21	19	τὸ	for	7	5	0.4652
21	19	Πηλείδου	Πηλείδου	8	6	0.7048
21	19	Πηληιάδεω	Πηληιάδεω	9	4	0.5972
21	19	ἀφῃρημένον	lost	10	16	0.6431
21	19	δὲ	be	11	11	0.4023
21	19	οἷον	part	12	18	0.412
21	19	τὸ	e.g	13	19	0.5477
21	19	κρῖ	κρῖ	14	20	0.7766
21	19	καὶ	δῶ	15	21	0.5225
21	19	τὸ	in	16	24	0.4147
21	19	δῶ	ὄψ	17	23	0.6777
21	19	καὶ	and	18	22	0.6632
21	19	μία	μία	19	25	0.806
21	19	γίνεται	γίνεται	20	26	0.913
21	19	ἀμφοτέρων	ἀμφοτέρων	21	27	0.9225
21	19	ὄψ	ὄψ	22	28	0.8687
21	1	Ὀνόματος	Nouns	0	0	0.5498
21	1	τὸ	1	3	6	0.5636
21	1	μὲν	either	4	5	0.6354
21	1	ἁπλοῦν	simple	5	7	0.6132
21	1	ἁπλοῦν	made	6	10	0.4301
21	1	δὲ	e	7	9	0.4567
21	1	μὴ	non-significant	9	13	0.5318
21	1	ἐκ	of	10	12	0.5259
21	1	σημαινόντων	parts	11	14	0.448
21	1	σύγκειται	up	12	11	0.573
21	1	οἷον	like	13	15	0.5908
21	1	γῆ	γῆ	14	18	0.7591
21	1	τὸ	the	15	16	0.5224
21	1	δὲ	word	16	17	0.4081
21	20	ἐξηλλαγμένον	altered	0	3	0.7591
21	20	δ	It	1	0	0.5171
21	20	ἐστὶν	is	2	1	0.7492
21	20	ὅταν	when	3	5	0.7651
21	20	τοῦ	the	4	16	0.6004
21	20	ὀνομαζομένου	poet's	5	17	0.5091
21	20	τὸ	part	6	6	0.5883
21	20	καταλείπῃ	left	8	8	0.6278
21	20	τὸ	part	9	13	0.4205
21	20	δὲ	and	10	12	0.5633
21	20	ποιῇ	making	11	18	0.6364
21	20	τὸ	δεξιόν	13	23	0.5461
21	20	δεξιτερὸν	δεξιτερόν	14	21	0.7299
21	20	κατὰ	for	15	22	0.58
21	20	μαζόν	μαζόν	16	27	0.7065
21	20	ἀντὶ	in	17	24	0.6099
21	20	τοῦ	κατὰ	18	26	0.4724
21	20	δεξιόν	δεξιτερὸν	19	25	0.775
21	21	αὐτῶν	themselves	0	2	0.4424
21	21	ὀνομάτων	class	3	5	0.4212
21	21	μὲν	either	5	10	0.5844
21	21	ἄρρενα	masculines	6	11	0.6553
21	21	δὲ	or	8	13	0.6859
21	21	θήλεα	neuter	9	15	0.6388
21	22	μεταξύ	All	1	0	0.4335
21	22	τελευτᾷ	ending	5	1	0.6157
21	22	εἰς	in	6	2	0.5754
21	22	Ν	N	8	3	0.642
21	22	Ρ	P	10	4	0.655
21	22	Σ	Σ	12	5	0.7305
21	22	καὶ	or	13	6	0.5156
21	22	το	the	14	8	0.4346
21	22	ἐκ	of	16	11	0.5997
21	22	τούτου	this	17	12	0.7149
21	22	σύγκειται	compounds	18	10	0.4806
21	22	ἐστὶν	are	21	17	0.5921
21	22	δύο	two	22	9	0.5312
21	22	Ψ	Ψ	23	14	0.7585
21	22	καὶ	and	24	15	0.7344
21	22	Ξ	Ξ	25	16	0.7758
21	22	φωνηέντων	last	31	13	0.4077
21	22	μακρά	masculines	36	18	0.5195
21	23	οἷον	ending	0	1	0.4484
21	23	εἰς	in	1	2	0.4589
21	23	Η	Η	2	7	0.7826
21	23	καὶ	and	3	8	0.8144
21	23	Ω	Ω	4	9	0.8261
21	23	καὶ	and	5	10	0.6765
21	23	τῶν	the	6	14	0.5263
21	23	ἐπεκτεινομένων	may	7	17	0.4279
21	23	εἰς	in	8	11	0.6274
21	23	Α	Α	9	12	0.7585
21	24	ὥστε	So	0	0	0.7841
21	24	ἴσα	equal	1	5	0.5348
21	24	συμβαίνει	is	2	3	0.5345
21	24	πλήθη	number	3	6	0.58
21	24	τὰ	of	6	7	0.4448
21	24	ἄρρενα	masculine	7	8	0.5786
21	24	καὶ	and	8	9	0.6583
21	24	θήλεα	feminine	10	10	0.5194
21	24	τὸ	as	11	12	0.484
21	24	γὰρ	same	12	18	0.4165
21	24	Ψ	Ψ	13	13	0.7789
21	24	καὶ	and	14	14	0.62
21	24	Ξ	Ξ	16	15	0.762
21	24	τῷ	as	17	19	0.547
21	24	Σ	Σ	18	20	0.7792
21	24	ταὐτά	the	19	17	0.5892
21	24	ἐστιν	are	20	16	0.5729
21	25	εἰς	in	0	6	0.5814
21	25	δὲ	however	1	4	0.585
21	25	ἄφωνον	mute	2	8	0.6861
21	25	οὐδὲν	no	3	2	0.665
21	25	τελευτᾷ	ending	5	5	0.6965
21	25	οὐδὲ	or	6	9	0.5651
21	25	εἰς	in	7	10	0.5292
21	25	φωνῆεν	vowels	8	16	0.5141
21	25	βραχύ	short	9	15	0.5091
21	26	εἰς	in	0	6	0.5775
21	26	Ι	Ι	3	7	0.7239
21	26	τρία	three	4	1	0.8824
21	26	μόνον	Only	5	0	0.7195
21	26	μέλι	μέλι	6	2	0.8679
21	26	κόμμι	κόμμι	7	3	0.8832
21	26	πέπερι	πέπερι	8	4	0.7569
21	26	εἰς	in	9	10	0.6159
21	26	δὲ	and	10	8	0.6297
21	26	τὸ	the	11	18	0.4382
21	26	Υ	Υ	12	11	0.7873
21	26	πέντε	five	13	9	0.7548
21	26	τὰ	The	14	12	0.4883
21	26	μεταξὺ	end	16	16	0.457
21	26	εἰς	in	17	17	0.4446
21	26	ταῦτα	vowels	18	20	0.4449
21	26	καὶ	or	19	21	0.4598
21	26	Ν	N	20	23	0.7062
21	26	Ρ	in	22	22	0.4232
21	26	καὶ	P	23	24	0.6711
21	26	Σ	Σ	24	25	0.8366
21	2	δὲ	or	1	0	0.4537
21	2	τὸ	either	2	13	0.6377
21	2	ἐκ	of	4	14	0.6153
21	2	σημαίνοντος	significant	5	16	0.6388
21	2	καὶ	and	6	17	0.7486
21	2	ἀσήμου	non-significant	7	19	0.7859
21	2	ἐν	in	10	25	0.4514
21	2	τῷ	the	11	26	0.447
21	2	ὀνόματι	compound	12	27	0.4379
21	2	σημαίνοντος	made	13	11	0.4339
21	2	ἀσήμου	disappears	15	24	0.4625
21	2	τὸ	two	16	30	0.4209
21	2	δὲ	or	17	28	0.5026
21	2	ἐκ	of	18	29	0.4885
21	2	σημαινόντων	significant	19	31	0.5662
21	3	σύγκειται	possible	0	2	0.5223
21	3	εἴη	is	1	1	0.5321
21	3	ἂν	to	3	4	0.424
21	3	καὶ	also	4	3	0.6671
21	3	τριπλοῦν	quadruple	5	7	0.7015
21	3	καὶ	or	6	8	0.5197
21	3	τετραπλοῦν	higher	7	9	0.5727
21	3	ὄνομα	names	8	16	0.4658
21	3	καὶ	and	9	19	0.5713
21	3	πολλαπλοῦν	like	10	21	0.534
21	3	οἷον	like	11	11	0.5988
21	3	τὰ	the	12	20	0.4017
21	3	πολλὰ	most	13	12	0.593
21	3	τῶν	our	14	14	0.5744
21	3	μεγαλειωτῶν	amplified	15	15	0.6075
21	3	Ἑρμοκαϊκόξανθος	Hermocaïcoxanthus	16	18	0.7345
21	4	ἅπαν	always	0	6	0.5704
21	4	δὲ	Whatever	1	0	0.5341
21	4	ὄνομά	structure	2	2	0.5006
21	4	ἐστιν	be	3	7	0.7515
21	4	ἢ	either	4	8	0.6963
21	4	κύριον	ordinary	5	11	0.6151
21	4	ἢ	or	6	16	0.6506
21	4	γλώττα	word	7	20	0.5611
21	4	ἢ	or	8	21	0.7405
21	4	μεταφορὰ	metaphor	9	24	0.7352
21	4	ἢ	or	10	25	0.7036
21	4	κόσμος	ornamental	11	28	0.522
21	4	ἢ	or	12	35	0.5675
21	4	πεποιημένον	coined	13	33	0.585
21	4	ἢ	or	14	30	0.5905
21	4	ἐπεκτεταμένον	lengthened	15	39	0.694
21	4	ἢ	or	16	44	0.7572
21	4	ὑφῃρημένον	curtailed	17	43	0.5393
21	4	ἐξηλλαγμένον	altered	18	46	0.6867
21	5	λέγω	I	0	4	0.5018
21	5	κύριον	ordinary	2	2	0.4527
21	5	ᾧ	that	4	6	0.5009
21	5	χρῶνται	use	5	9	0.6205
21	6	γλώτταν	word	0	4	0.5324
21	6	δὲ	and	1	0	0.6929
21	6	ᾧ	one	2	5	0.5118
21	6	ἕτεροι	elsewhere	3	8	0.5838
21	6	ὥστε	So	4	9	0.5496
21	6	φανερὸν	obviously	5	15	0.4454
21	6	ὅτι	that	6	10	0.4842
21	6	καὶ	once	7	18	0.4053
21	6	γλῶτταν	word	8	13	0.509
21	6	καὶ	and	9	20	0.5343
21	6	κύριον	ordinary	10	21	0.6533
21	6	εἶναι	be	11	16	0.6098
21	6	δυνατὸν	may	12	14	0.4181
21	6	τὸ	the	13	11	0.6281
21	6	αὐτό	same	14	12	0.6883
21	6	μὴ	not	15	23	0.6898
21	6	τοῖς	the	16	27	0.5839
21	6	αὐτοῖς	same	17	28	0.6638
21	6	δέ	though	18	22	0.5253
21	6	τὸ	an	19	34	0.4427
21	6	γὰρ	for	20	31	0.5625
21	6	σίγυνον	σίγυνος	21	30	0.7361
21	6	Κυπρίοις	Cyprus	22	38	0.7345
21	6	μὲν	instance	23	32	0.4855
21	6	κύριον	ordinary	24	35	0.5731
21	6	ἡμῖν	us	25	44	0.6916
21	6	δὲ	and	26	39	0.6072
21	6	γλῶττα	word	27	42	0.6194
21	7	μεταφορὰ	Metaphor	0	0	0.6888
21	7	ἐστιν	consists	2	1	0.6313
21	7	ὀνόματος	name	3	7	0.5452
21	7	ἀλλοτρίου	else	4	12	0.63
21	7	ἐπιφορὰ	transference	5	14	0.626
21	7	ἢ	either	6	16	0.7571
21	7	ἀπὸ	from	7	17	0.7188
21	7	γένους	genus	9	18	0.7974
21	7	ἐπὶ	to	10	19	0.7026
21	7	εἶδος	species	11	20	0.6468
21	7	ἢ	or	12	21	0.8417
21	7	ἀπὸ	from	13	22	0.6996
21	7	εἴδους	species	15	23	0.6408
21	7	ἐπὶ	to	16	24	0.6236
21	7	γένος	genus	18	25	0.6524
21	7	ἢ	or	19	26	0.8014
21	7	ἀπὸ	from	20	27	0.6734
21	7	εἴδους	species	22	28	0.6165
21	7	ἐπὶ	to	23	29	0.6862
21	7	εἶδος	species	24	30	0.7334
21	7	ἢ	or	25	31	0.827
21	7	κατὰ	on	26	32	0.7565
21	7	τὸ	of	27	34	0.6292
21	7	ἀνάλογον	analogy	28	35	0.7674
21	8	λέγω	exemplified	0	6	0.5172
21	8	δὲ	That	1	0	0.4915
21	8	ἀπὸ	from	2	1	0.6577
21	8	γένους	genus	3	2	0.728
21	8	ἐπὶ	to	5	3	0.5782
21	8	εἶδος	species	6	4	0.5731
21	8	οἷον	in	7	7	0.4875
21	8	νηῦς	ship	8	11	0.6198
21	8	μοι	my	10	10	0.449
21	8	ἥδ	Here	11	8	0.5423
21	8	ἕστηκεν	stands	12	9	0.5426
21	8	τὸ	the	13	17	0.5095
21	8	ὁρμεῖν	lying	15	13	0.449
21	8	ἐστιν	is	16	16	0.6089
21	8	ἑστάναι	standing	17	18	0.6151
21	8	τι	thing	18	24	0.594
21	9	ἀπ	from	0	1	0.6674
21	9	εἴδους	species	1	2	0.6377
21	9	ἐπὶ	to	3	3	0.6296
21	9	γένος	genus	4	4	0.6931
21	9	ἦ	in	5	5	0.4745
21	9	μυρί	thousand	7	8	0.5309
21	9	Ὀδυσσεὺς	Ulysses	8	12	0.6715
21	9	ἐσθλὰ	good	9	9	0.6202
21	9	ἔοργεν	wrought	10	13	0.6653
21	9	γὰρ	where	12	14	0.434
21	9	μυρίον	thousand	13	16	0.6128
21	9	πολύ	large	14	21	0.6517
21	9	ἐστιν	is	15	18	0.6756
21	9	ᾧ	which	16	17	0.4608
21	9	ἀντὶ	place	18	26	0.596
21	9	τοῦ	the	19	28	0.5732
21	9	πολλοῦ	large	20	31	0.5744
21	9	κέχρηται	put	21	24	0.5964
22	10	τὸ	A	0	0	0.4522
22	10	οὖν	too	2	1	0.516
22	10	φαίνεσθαί	apparent	3	2	0.4782
22	10	χρώμενον	use	5	3	0.624
22	10	τούτῳ	these	6	5	0.6497
22	10	τρόπῳ	licences	8	6	0.461
22	10	γελοῖον	ludicrous	9	10	0.6171
22	10	τὸ	a	10	9	0.4102
22	10	ἐστὶ	has	15	7	0.5177
22	11	γὰρ	but	1	0	0.5383
22	11	μεταφοραῖς	moderation	2	10	0.4756
22	11	καὶ	even	3	20	0.4765
22	11	γλώτταις	vocabulary	4	19	0.4219
22	11	καὶ	and	5	25	0.4765
22	11	τοῖς	the	6	14	0.4052
22	11	ἄλλοις	rest	7	27	0.4754
22	11	εἴδεσι	words	8	24	0.4474
22	11	χρώμενος	uses	9	36	0.6108
22	11	ἀπρεπῶς	improperly	10	38	0.6059
22	11	καὶ	and	11	39	0.6784
22	11	ἐπίτηδες	view	12	42	0.5943
22	11	ἐπὶ	to	13	43	0.6168
22	11	τὰ	provoking	14	44	0.4773
22	11	γελοῖα	laughter	15	45	0.6685
22	11	τὸ	the	16	32	0.5243
22	11	αὐτὸ	same	17	33	0.5724
22	11	ἂν	will	18	30	0.5972
22	11	ἀπεργάσαιτο	be	19	31	0.5498
22	12	τὸ	The	0	0	0.5756
22	12	ἁρμοττόντως	proper	2	1	0.5767
22	12	διαφέρει	use	4	2	0.437
22	12	ὀνομάτων	them	11	4	0.467
22	13	καὶ	difference	0	3	0.4474
22	13	ἐπὶ	To	1	0	0.5381
22	13	τῆς	an	2	7	0.4983
22	13	γλώττης	verse	3	9	0.5395
22	13	καὶ	and	5	10	0.5071
22	13	ἐπὶ	with	6	27	0.4405
22	13	τῶν	the	7	31	0.5251
22	13	μεταφορῶν	metaphor	8	32	0.5955
22	13	καὶ	and	9	33	0.6253
22	13	ἐπὶ	when	10	15	0.5484
22	13	τῶν	the	11	16	0.5579
22	13	ἄλλων	rest	12	35	0.5576
22	13	ἰδεῶν	words	13	18	0.5403
22	13	μετατιθεὶς	introduced	14	20	0.6453
22	13	ἄν	should	15	23	0.5948
22	13	τις	one	16	37	0.6896
22	13	τὰ	the	17	42	0.692
22	13	κύρια	ordinary	18	43	0.6877
22	13	ὀνόματα	words	19	44	0.6064
22	13	κατίδοι	see	20	49	0.6036
22	13	ὅτι	to	21	48	0.6881
22	13	ἀληθῆ	truth	22	51	0.7155
22	13	λέγομεν	saying	23	56	0.7224
22	13	οἷον	instance	24	61	0.7192
22	13	τὸ	The	25	57	0.647
22	13	αὐτὸ	same	26	58	0.6983
22	13	ποιήσαντος	found	27	63	0.598
22	13	ἰαμβεῖον	iambic	28	59	0.6221
22	13	Αἰσχύλου	Aeschylus	29	65	0.7442
22	13	καὶ	and	30	66	0.7956
22	13	Εὐριπίδου	Euripides	31	67	0.7862
22	13	ἐν	in	32	72	0.5187
22	13	δὲ	and	33	68	0.68
22	13	μόνον	only	34	39	0.7067
22	13	ὄνομα	word	35	88	0.5967
22	13	μετατιθέντος	substitution	36	90	0.679
22	13	ἀντὶ	for	37	94	0.5647
22	13	κυρίου	strange	38	93	0.5502
22	13	εἰωθότος	usage	39	98	0.5487
22	13	γλώτταν	word	40	101	0.5333
22	13	τὸ	a	41	86	0.4803
22	13	μὲν	former	42	74	0.4232
22	13	φαίνεται	seem	43	105	0.6576
22	13	καλὸν	fine	44	107	0.575
22	13	τὸ	the	45	99	0.576
22	13	δ	is	46	76	0.5188
22	13	εὐτελές	poor	47	78	0.6133
22	13	Αἰσχύλος	Aeschylus	48	109	0.6904
22	13	μὲν	merely	49	123	0.5088
22	13	γὰρ	for	50	60	0.501
22	13	ἐν	in	51	112	0.7758
22	13	τῷ	his	52	113	0.6871
22	13	Φιλοκτήτῃ	Philoctetes	53	114	0.7579
22	13	ἐποίησε	said	54	111	0.6348
22	13	φαγέδαινα	φαγέδαινα	55	115	0.8594
22	13	ἥ	ἥ	56	116	0.8153
22	13	μου	μου	57	117	0.8695
22	13	σάρκας	σάρκας	58	118	0.8827
22	13	ἐσθίει	ἐσθίει	59	119	0.8726
22	13	ποδός	ποδός	60	120	0.8667
22	13	ὁ	Euripides	61	121	0.5334
22	13	δὲ	has	62	122	0.4708
22	13	ἀντὶ	by	63	97	0.508
22	13	τοῦ	a	64	92	0.5494
22	13	ἐσθίει	ἐσθίει	65	126	0.7498
22	13	τὸ	the	66	125	0.6655
22	13	θοινᾶται	θοινᾶται	67	129	0.8117
22	13	μετέθηκεν	altered	68	124	0.6812
22	13	καὶ	Or	69	130	0.71
22	13	νῦν	νῦν	70	132	0.8982
22	13	δέ	δέ	71	133	0.821
22	13	μ	μ᾽	72	134	0.819
22	13	ἐὼν	ἐὼν	73	135	0.8557
22	13	ὀλίγος	ὀλίγος	74	136	0.927
22	13	τε	τε	75	137	0.869
22	13	καὶ	καὶ	76	138	0.8823
22	13	οὐτιδανὸς	οὐτιδανὸς	77	139	0.9267
22	13	καὶ	καὶ	78	140	0.9078
22	13	ἀεικής	ἀεικής	79	141	0.8913
22	13	εἴ	by	80	145	0.5754
22	13	τις	one	81	4	0.5905
22	13	λέγοι	words	82	151	0.602
22	13	τὰ	the	83	2	0.6219
22	13	κύρια	ordinary	84	150	0.6756
22	13	μετατιθεὶς	substitution	85	147	0.6908
22	13	νῦν	νῦν	86	153	0.8831
22	13	δέ	δέ	87	154	0.8419
22	13	μ	μ᾽	88	155	0.7796
22	13	ἐὼν	ἐὼν	89	156	0.8473
22	13	μικρός	μικρός	90	157	0.9223
22	13	τε	τε	91	158	0.9038
22	13	καὶ	καὶ	92	159	0.8643
22	13	ἀσθενικὸς	ἀσθενικὸς	93	160	0.9094
22	13	καὶ	καὶ	94	161	0.8382
22	13	ἀειδής	ἀειδής	95	162	0.8938
22	13	καὶ	Or	96	163	0.6491
22	13	δίφρον	δίφρον	97	166	0.7864
22	13	ἀεικέλιον	ἀεικέλιον	98	167	0.8645
22	13	καταθεὶς	καταθεὶς	99	168	0.8882
22	13	ὀλίγην	ὀλίγην	100	169	0.9098
22	13	τε	τε	101	170	0.8819
22	13	τράπεζαν	τράπεζαν	102	171	0.885
22	13	δίφρον	δίφρον	103	173	0.8618
22	13	μοχθηρὸν	μοχθηρὸν	104	174	0.8997
22	13	καταθεὶς	καταθεὶς	105	175	0.9411
22	13	μικράν	μικράν	106	176	0.874
22	13	τε	τε	107	177	0.8715
22	13	τράπεζαν	τράπεζαν	108	178	0.9133
22	13	καὶ	Or	109	179	0.7571
22	13	τὸ	into	110	182	0.6961
22	13	ἠιόνες	ἠιόνες	111	180	0.9106
22	13	βοόωσιν	βοόωσιν	112	181	0.9035
22	13	ἠιόνες	ἠιόνες	113	183	0.8757
22	13	κράζουσιν	κράζουσιν	114	184	0.9217
22	14	ἔτι	Add	0	0	0.4435
22	14	δὲ	this	1	2	0.4312
22	14	Ἀριφράδης	Ariphrades	2	4	0.8097
22	14	τοὺς	the	3	8	0.6716
22	14	τραγῳδοὺς	tragedians	4	9	0.6879
22	14	ἐκωμῴδει	ridicule	5	7	0.5804
22	14	ὅτι	that	6	3	0.5571
22	14	οὐδεὶς	unknown	7	13	0.5054
22	14	εἴποι	expressions	9	12	0.5
22	14	ἐν	in	10	14	0.6799
22	14	τῇ	the	11	15	0.5863
22	14	διαλέκτῳ	language	12	16	0.5754
22	14	χρῶνται	used	14	5	0.5776
22	14	τὸ	of	16	17	0.4043
22	14	δωμάτων	δωμάτων	17	20	0.7742
22	14	ἄπο	ἄπο	18	21	0.7124
22	14	ἀπὸ	ἀπὸ	21	23	0.6673
22	14	δωμάτων	δωμάτων	22	24	0.7927
22	14	καὶ	for	23	22	0.4397
22	14	σέθεν	σέθεν	25	25	0.7312
22	14	ἐγὼ	ἐγὼ	28	26	0.8541
22	14	δέ	δέ	29	27	0.797
22	14	νιν	νιν	30	28	0.8111
22	14	τὸ	for	32	31	0.5698
22	14	Ἀχιλλέως	Ἀχιλλέως	33	29	0.8274
22	14	πέρι	πέρι	34	30	0.8083
22	14	περὶ	περὶ	37	32	0.7545
22	14	Ἀχιλλέως	Ἀχιλλέως	38	33	0.8506
22	14	καὶ	and	39	34	0.8187
22	14	ὅσα	the	40	35	0.6273
22	14	τοιαῦτα	like	42	36	0.698
22	15	διὰ	fact	0	2	0.531
22	15	γὰρ	mere	1	1	0.4721
22	15	τὸ	The	2	0	0.4785
22	15	μὴ	not	3	5	0.7928
22	15	εἶναι	being	4	6	0.7587
22	15	ἐν	in	5	7	0.5913
22	15	κυρίοις	ordinary	7	8	0.5207
22	15	ποιεῖ	gives	8	10	0.5412
22	15	τὸ	the	9	11	0.5105
22	15	ἰδιωτικὸν	non-prosaic	11	14	0.6619
22	15	λέξει	speech	14	9	0.5884
22	15	ἐκεῖνος	Diction	18	12	0.5097
22	15	ἠγνόει	character	21	15	0.4229
22	16	ἔστιν	is	0	7	0.7442
22	16	δὲ	but	1	0	0.6533
22	16	μέγα	great	2	9	0.6936
22	16	μὲν	indeed	3	11	0.6444
22	16	τῶν	these	6	18	0.5233
22	16	εἰρημένων	poetical	7	19	0.5499
22	16	πρεπόντως	proper	8	15	0.6385
22	16	χρῆσθαι	use	9	16	0.6246
22	16	καὶ	also	10	22	0.6033
22	16	διπλοῖς	compounds	11	24	0.5263
22	16	ὀνόμασι	forms	12	20	0.5015
22	16	καὶ	and	13	25	0.5683
22	16	γλώτταις	words	14	27	0.6233
22	16	μεταφορικὸν	strange	19	26	0.4071
22	17	μόνον	greatest	0	2	0.4869
22	17	γὰρ	But	1	0	0.6217
22	17	τοῦτο	thing	2	3	0.5563
22	17	οὔτε	cannot	3	19	0.5003
22	17	παρ	from	4	22	0.6837
22	17	ἄλλου	others	5	23	0.7275
22	17	ἔστι	is	6	14	0.6048
22	17	λαβεῖν	learnt	7	21	0.5194
22	17	εὐφυΐας	genius	8	31	0.5309
22	17	τε	and	9	24	0.6198
22	17	σημεῖόν	sign	10	29	0.6294
22	17	ἐστι	is	11	26	0.7164
22	17	τὸ	a	12	33	0.432
22	17	γὰρ	since	13	32	0.6583
22	17	εὖ	good	14	34	0.6501
22	17	μεταφέρειν	metaphor	15	35	0.5935
22	17	τὸ	the	16	41	0.689
22	17	τὸ	in	17	43	0.5264
22	17	ὅμοιον	similarity	18	42	0.6702
22	17	θεωρεῖν	perception	19	39	0.6421
22	17	ἐστιν	implies	20	36	0.5879
22	18	τῶν	the	0	1	0.615
22	18	δ	Of	1	0	0.4526
22	18	ὀνομάτων	words	2	4	0.7144
22	18	διπλᾶ	compounds	5	13	0.5906
22	18	μάλιστα	most	6	15	0.6447
22	18	ἁρμόττει	place	7	17	0.6478
22	18	τοῖς	the	8	19	0.5867
22	18	διθυράμβοις	dithyramb	9	20	0.6497
22	18	δὲ	strange	11	21	0.4077
22	18	γλῶτται	words	12	22	0.4891
22	18	τοῖς	in	13	23	0.4809
22	18	ἡρωικοῖς	heroic	14	24	0.6442
22	18	δὲ	and	16	25	0.6927
22	18	μεταφοραὶ	metaphors	17	26	0.72
22	18	τοῖς	in	18	27	0.4625
22	18	ἰαμβείοις	iambic	19	28	0.6595
22	19	ἐν	poetry	1	1	0.5003
22	19	μὲν	indeed	2	2	0.6182
22	19	ἡρωικοῖς	Heroic	4	0	0.6343
22	19	ἅπαντα	all	5	8	0.663
22	19	χρήσιμα	avail	6	4	0.6408
22	19	τὰ	them	7	7	0.4981
22	19	εἰρημένα	spoken	8	22	0.5345
22	19	ἐν	in	9	10	0.579
22	19	δὲ	But	10	9	0.6613
22	19	τοῖς	verse	11	12	0.4863
22	19	ἰαμβείοις	iambic	12	11	0.6619
22	19	τὸ	which	14	13	0.4272
22	19	ὅτι	possible	15	19	0.4595
22	19	μάλιστα	only	16	24	0.5627
22	19	λέξιν	language	17	23	0.5573
22	19	μιμεῖσθαι	in	18	30	0.5065
22	19	ταῦτα	those	19	25	0.6259
22	19	ἁρμόττει	place	20	31	0.6351
22	19	τῶν	the	21	21	0.5281
22	19	ὀνομάτων	words	22	28	0.6161
22	19	ὅσοις	which	23	32	0.535
22	19	κἂν	also	24	35	0.524
22	19	ἐν	in	25	36	0.5889
22	19	λόγοις	oration	26	38	0.5107
22	19	τις	an	27	37	0.4253
22	19	χρήσαιτο	allowable	28	34	0.5558
22	19	ἔστι	are	29	33	0.5073
22	19	δὲ	e	30	40	0.4788
22	19	τὰ	the	31	47	0.4342
22	19	τοιαῦτα	equivalent	32	49	0.4284
22	19	τὸ	the	33	41	0.5735
22	19	κύριον	ordinary	34	42	0.5039
22	19	καὶ	the	35	44	0.5427
22	19	μεταφορὰ	metaphor	36	45	0.6915
22	19	καὶ	and	37	46	0.6915
22	19	κόσμος	ornamental	38	48	0.581
22	1	Λέξεως	Diction	0	3	0.6573
22	1	ἀρετὴ	perfection	2	1	0.7082
22	1	σαφῆ	clear	3	11	0.7323
22	1	καὶ	and	4	12	0.7778
22	1	μὴ	not	5	13	0.7778
22	1	ταπεινὴν	mean	6	14	0.7397
22	1	εἶναι	be	7	8	0.5895
22	20	οὖν	then	2	2	0.651
22	20	τραγῳδίας	Tragedy	3	8	0.5439
22	20	τῆς	the	5	9	0.583
22	20	ἐν	on	6	16	0.4803
22	20	τῷ	means	7	13	0.454
22	20	πράττειν	action	8	15	0.553
22	20	μιμήσεως	imitating	9	11	0.459
22	20	ἔστω	suffice	10	3	0.5402
22	2	σαφεστάτη	clearest	0	1	0.7776
22	2	μὲν	indeed	1	2	0.7336
22	2	ἐστιν	is	3	3	0.6819
22	2	ἡ	that	4	4	0.5069
22	2	ἐκ	of	5	7	0.6106
22	2	τῶν	the	6	8	0.5867
22	2	κυρίων	ordinary	7	9	0.6827
22	2	ὀνομάτων	words	8	10	0.6087
22	2	ἀλλὰ	but	9	13	0.5622
22	2	ταπεινή	mean	10	16	0.5602
22	2	παράδειγμα	shown	11	19	0.6355
22	2	δὲ	as	12	17	0.5022
22	2	ἡ	the	13	21	0.593
22	2	Κλεοφῶντος	Cleophon	14	24	0.7525
22	2	ποίησις	poetry	15	22	0.6321
22	2	καὶ	and	16	25	0.6569
22	2	Σθενέλου	Sthenelus	18	26	0.708
22	3	σεμνὴ	distinguished	0	7	0.6837
22	3	δὲ	the	1	1	0.6172
22	3	καὶ	and	2	8	0.59
22	3	ἐξαλλάττουσα	non-prosaic	3	9	0.4942
22	3	τὸ	the	4	4	0.4355
22	3	ἰδιωτικὸν	Diction	5	5	0.4093
22	3	ἡ	the	6	11	0.4214
22	3	ξενικοῖς	unfamiliar	8	14	0.5867
22	3	κεχρημένη	use	9	12	0.5635
22	3	ξενικὸν	strange	10	18	0.6003
22	3	δὲ	e	11	17	0.4344
22	3	λέγω	words	12	19	0.559
22	3	γλῶτταν	terms	13	15	0.4051
22	3	μεταφορὰν	metaphors	15	20	0.6264
22	3	καὶ	lengthened	16	21	0.4489
22	3	ἐπέκτασιν	forms	17	22	0.5566
22	3	καὶ	and	18	23	0.8377
22	3	πᾶν	everything	19	24	0.8311
22	3	τὸ	that	20	25	0.6391
22	3	παρὰ	from	21	27	0.5821
22	3	τὸ	the	22	28	0.555
22	3	κύριον	ordinary	23	29	0.5819
22	4	ἀλλ	But	0	0	0.8257
22	4	τις	a	2	1	0.4916
22	4	ἂν	will	3	7	0.5333
22	4	ἅπαντα	whole	4	2	0.6416
22	4	τοιαῦτα	such	5	5	0.6544
22	4	ποιήσῃ	statement	6	3	0.5547
22	4	ἢ	either	7	9	0.7156
22	4	αἴνιγμα	riddle	8	11	0.7222
22	4	ἔσται	be	9	8	0.6488
22	4	ἢ	or	10	12	0.7752
22	4	βαρβαρισμός	barbarism	11	14	0.7016
22	4	ἂν	if	12	17	0.5651
22	4	ἐκ	of	15	20	0.6281
22	4	μεταφορῶν	metaphors	16	21	0.6393
22	4	αἴνιγμα	a	17	22	0.5774
22	4	ἐὰν	if	18	24	0.6996
22	4	ἐκ	of	20	27	0.5761
22	4	γλωττῶν	words	21	29	0.5529
22	4	βαρβαρισμός	barbarism	22	23	0.6811
22	5	αἰνίγματός	riddle	0	6	0.7504
22	5	τε	very	1	1	0.4531
22	5	γὰρ	indeed	2	3	0.5845
22	5	ἰδέα	nature	3	2	0.6375
22	5	αὕτη	this	4	8	0.6185
22	5	ἐστί	is	5	7	0.781
22	5	τὸ	to	6	9	0.5593
22	5	λέγοντα	words	7	18	0.5761
22	5	ὑπάρχοντα	fact	8	12	0.4857
22	5	ἀδύνατα	impossible	9	15	0.692
22	5	συνάψαι	describe	10	10	0.5911
22	5	κατὰ	with	11	23	0.5063
22	5	τὴν	an	14	14	0.4385
22	5	τῶν	the	15	24	0.5211
22	5	ὀνομάτων	names	16	26	0.6303
22	5	σύνθεσιν	combination	17	16	0.5204
22	5	οὐχ	cannot	18	20	0.6278
22	5	οἷόν	real	19	25	0.5101
22	5	τε	for	20	27	0.4513
22	5	τοῦτο	things	21	28	0.512
22	5	ποιῆσαι	done	22	22	0.6456
22	5	κατὰ	with	23	32	0.5888
22	5	δὲ	but	24	29	0.5839
22	5	τὴν	their	25	33	0.6604
22	5	μεταφορῶν	substitutes	26	35	0.6914
22	5	ἐνδέχεται	can	27	30	0.5859
22	5	οἷον	e.g	28	36	0.8064
22	5	ἄνδρ	man	29	40	0.7628
22	5	εἶδον	saw	30	38	0.7823
22	5	πυρὶ	brass	31	42	0.634
22	5	χαλκὸν	fire	32	46	0.5241
22	5	ἐπ	on	33	43	0.6871
22	5	ἀνέρι	another	34	44	0.6415
22	5	κολλήσαντα	glue	35	41	0.6201
22	5	καὶ	and	36	47	0.8287
22	5	τὰ	the	37	48	0.8224
22	5	τοιαῦτα	like	38	49	0.7787
22	6	γλωττῶν	words	2	5	0.4715
22	6	βαρβαρισμός	barbarism	3	9	0.6691
22	7	δεῖ	necessary	0	8	0.6233
22	7	ἄρα	A	1	0	0.4517
22	7	κεκρᾶσθαί	admixture	2	2	0.5881
22	7	πως	certain	3	1	0.5236
22	7	τούτοις	terms	4	6	0.5422
22	7	τὸ	the	5	10	0.6217
22	7	μὴ	unfamiliar	8	5	0.4259
22	7	ἰδιωτικὸν	strange	9	11	0.5176
22	7	ποιήσει	is	10	7	0.5078
22	7	ταπεινόν	ornamental	12	16	0.5194
22	7	οἷον	These	13	9	0.5295
22	7	ἡ	the	14	13	0.5067
22	7	γλῶττα	word	15	12	0.5122
22	7	καὶ	etc	16	18	0.425
22	7	ἡ	the	17	15	0.5629
22	7	μεταφορὰ	metaphor	18	14	0.5761
22	7	καὶ	and	19	26	0.5081
22	7	κόσμος	prosaic	21	27	0.4983
22	7	καὶ	while	22	28	0.5548
22	7	εἰρημένα	ordinary	25	30	0.5105
22	7	εἴδη	words	26	31	0.5194
22	7	τὸ	the	27	29	0.5362
22	7	δὲ	it	28	33	0.4712
22	7	κύριον	requisite	29	37	0.5835
22	7	τὴν	the	30	36	0.6954
22	7	σαφήνειαν	clearness	31	38	0.7776
22	8	ἐλάχιστον	most	1	2	0.5504
22	8	δὲ	however	2	3	0.6937
22	8	μέρος	What	3	0	0.459
22	8	συμβάλλεται	helps	4	1	0.6339
22	8	εἰς	to	5	4	0.5001
22	8	τὸ	render	6	5	0.4149
22	8	σαφὲς	clear	7	10	0.6548
22	8	τῆς	the	8	6	0.5128
22	8	λέξεως	Diction	9	7	0.5655
22	8	καὶ	and	10	11	0.6149
22	8	ἰδιωτικὸν	non-prosaic	12	12	0.6675
22	8	αἱ	the	13	17	0.5034
22	8	ἐπεκτάσεις	lengthened	14	18	0.4047
22	8	ἀποκοπαὶ	curtailed	16	19	0.5519
22	8	καὶ	and	17	20	0.6311
22	8	ἐξαλλαγαὶ	altered	18	21	0.5776
22	8	τῶν	of	19	23	0.5172
22	8	ὀνομάτων	words	20	24	0.5922
22	8	διὰ	of	39	16	0.4012
22	9	ὥστε	then	0	4	0.6167
22	9	οὐκ	not	1	2	0.813
22	9	ὀρθῶς	right	2	3	0.6636
22	9	ψέγουσιν	to	3	5	0.5636
22	9	ἐπιτιμῶντες	condemn	5	6	0.6347
22	9	τοιούτῳ	these	7	7	0.6399
22	9	τρόπῳ	modes	8	8	0.6923
22	9	τῆς	of	9	9	0.612
22	9	διαλέκτου	speech	10	10	0.6905
22	9	καὶ	and	11	11	0.705
22	9	διακωμῳδοῦντες	ridicule	12	12	0.6732
22	9	τὸν	the	13	13	0.6806
22	9	ποιητήν	poet	14	14	0.684
22	9	οἷον	as	15	18	0.5451
22	9	Εὐκλείδης	Euclid	16	26	0.747
22	9	ὁ	the	17	24	0.5332
22	9	ἀρχαῖος	elder	18	25	0.5865
22	9	ῥᾴδιον	easy	20	31	0.6921
22	9	ποιεῖν	make	21	33	0.6841
22	9	εἴ	if	22	35	0.7578
22	9	τις	one	23	36	0.7497
22	9	δώσει	were	24	37	0.7078
22	9	ἐκτείνειν	lengthen	25	42	0.6636
22	9	ἐφ	as	26	49	0.5641
22	9	ὁπόσον	likes—a	27	53	0.5086
22	9	βούλεται	allowed	28	40	0.5599
22	9	ἰαμβοποιήσας	caricatured	29	56	0.6433
22	9	ἐν	in	30	45	0.4898
22	9	αὐτῇ	itself	31	48	0.5528
22	9	τῇ	procedure	32	54	0.4731
22	9	λέξει	reading	33	58	0.6009
22	9	Ἐπιχάρην	Ἐπιχάρην	34	59	0.8276
22	9	εἶδον	εἶδον	35	60	0.8676
22	9	Μαραθῶνάδε	Μαραθῶνάδε	36	61	0.8577
22	9	βαδίζοντα	βαδίζοντα	37	62	0.8732
22	9	καὶ	and	38	63	0.8278
22	9	οὐκ	οὐκ	39	64	0.8993
22	9	ἄν	ἄν	40	65	0.8878
22	9	γ	γ᾽	41	66	0.7805
22	9	ἐράμενος	ἐράμενος	42	67	0.9178
22	9	τὸν	τὸν	43	68	0.9052
22	9	ἐκείνου	ἐκείνου	44	69	0.9344
22	9	ἐλλέβορον	ἐλλέβορον	45	70	0.9201
23	1	Περὶ	for	0	1	0.6845
23	1	δὲ	As	1	0	0.5533
23	1	τῆς	the	2	2	0.7031
23	1	διηγηματικῆς	poetry	3	3	0.6545
23	1	καὶ	or	4	7	0.5551
23	1	ἐν	by	5	9	0.5158
23	1	μέτρῳ	means	6	10	0.5489
23	1	μιμητικῆς	imitates	7	8	0.6035
23	1	ὅτι	that	8	19	0.566
23	1	δεῖ	should	9	34	0.4299
23	1	τοὺς	its	10	32	0.5424
23	1	μύθους	stories	11	33	0.6233
23	1	καθάπερ	like	12	37	0.5338
23	1	ἐν	in	13	39	0.6096
23	1	ταῖς	a	14	40	0.566
23	1	τραγῳδίαις	drama	15	41	0.6029
23	1	συνιστάναι	construction	16	30	0.4793
23	1	δραματικοὺς	versified	17	12	0.5049
23	1	καὶ	based	18	45	0.4287
23	1	περὶ	on	19	46	0.5731
23	1	μίαν	single	20	48	0.7002
23	1	πρᾶξιν	action	21	49	0.7191
23	1	ὅλην	complete	22	54	0.6579
23	1	καὶ	with	23	58	0.5113
23	1	τελείαν	one	24	50	0.5253
23	1	ἔχουσαν	is	25	52	0.612
23	1	ἀρχὴν	beginning	26	60	0.7285
23	1	καὶ	itself	27	57	0.4334
23	1	μέσα	middle	28	61	0.7018
23	1	καὶ	and	29	62	0.7547
23	1	τέλος	end	30	63	0.7766
23	1	ἵν	as	31	65	0.6979
23	1	ὥσπερ	so	32	64	0.517
23	1	ζῷον	creature	33	84	0.6737
23	1	ἓν	unity	34	80	0.4946
23	1	ὅλον	all	35	77	0.6362
23	1	ποιῇ	enable	36	67	0.7401
23	1	τὴν	the	37	68	0.6092
23	1	οἰκείαν	own	38	73	0.6353
23	1	ἡδονήν	pleasure	39	75	0.7163
23	1	δῆλον	proper	40	74	0.5484
23	2	μὴ	Nor	1	0	0.6322
23	2	ὁμοίας	like	2	8	0.5059
23	2	ἱστορίαις	histories	3	13	0.5113
23	2	εἶναι	is	6	6	0.5837
23	2	ἐν	in	7	10	0.5077
23	2	αἷς	them	8	9	0.404
23	2	δήλωσιν	suppose	14	3	0.4304
23	2	τούτῳ	usual	20	12	0.4034
23	3	ὥσπερ	as	0	33	0.4084
23	3	κατὰ	with	2	6	0.4965
23	3	τοὺς	the	3	59	0.4875
23	3	αὐτοὺς	same	4	60	0.5003
23	3	χρόνους	period	5	12	0.4883
23	3	ἥ	the	6	44	0.5698
23	3	τ	one	7	7	0.4095
23	3	ἐν	off	8	46	0.4201
23	3	Σαλαμῖνι	Salamis	9	47	0.5329
23	3	ἐγένετο	happened	10	16	0.5907
23	3	ναυμαχία	sea-fight	11	45	0.6195
23	3	καὶ	and	12	48	0.5996
23	3	ἡ	the	13	49	0.6605
23	3	ἐν	in	14	54	0.5992
23	3	Σικελίᾳ	Sicily	15	55	0.633
23	3	Καρχηδονίων	Carthaginians	16	53	0.586
23	3	μάχη	battle	17	50	0.6735
23	3	οὐδὲν	without	18	56	0.4983
23	3	πρὸς	to	19	58	0.5856
23	3	τὸ	the	20	40	0.567
23	3	αὐτὸ	same	21	41	0.553
23	3	συντείνουσαι	take	22	37	0.5539
23	3	τέλος	events	23	28	0.5541
23	3	οὕτω	so	24	62	0.5592
23	3	καὶ	too	25	63	0.5452
23	3	ἐν	of	26	64	0.4741
23	3	ἐφεξῆς	consecutive	28	66	0.4999
23	3	χρόνοις	events	29	67	0.5371
23	3	ἐνίοτε	sometimes	30	70	0.534
23	3	γίνεται	come	31	71	0.5945
23	3	θάτερον	one	32	68	0.5339
23	3	μετὰ	after	33	72	0.5458
23	3	θάτερον	other	34	74	0.6682
23	3	ἐξ	as	35	79	0.5089
23	3	ὧν	their	36	80	0.5136
23	3	ἓν	one	37	77	0.6693
23	3	οὐδὲν	no	38	76	0.7752
23	3	γίνεται	with	39	75	0.5909
23	3	τέλος	end	40	78	0.6969
23	4	δὲ	Nevertheless	1	0	0.5808
23	4	πολλοὶ	most	3	1	0.7085
23	4	τῶν	our	4	3	0.5748
23	4	ποιητῶν	poets	5	5	0.7499
23	4	τοῦτο	the	6	10	0.471
23	4	δρῶσι	say	7	8	0.5225
23	5	διὸ	then	0	1	0.5941
23	5	ὥσπερ	what	1	4	0.572
23	5	εἴπομεν	said	2	7	0.7335
23	5	ἤδη	before	3	8	0.5864
23	5	καὶ	even	4	27	0.5893
23	5	ταύτῃ	Herein	5	0	0.5801
23	5	θεσπέσιος	marvellous	6	16	0.5523
23	5	ἂν	have	7	10	0.49
23	5	φανείη	proof	8	13	0.5477
23	5	Ὅμηρος	Homer's	9	15	0.6597
23	5	παρὰ	to	10	18	0.7107
23	5	τοὺς	the	11	19	0.7072
23	5	ἄλλους	rest	12	20	0.7434
23	5	τῷ	He	13	21	0.4515
23	5	μηδὲ	not	14	23	0.6798
23	5	τὸν	the	15	29	0.6151
23	5	πόλεμον	war	16	31	0.6921
23	5	καίπερ	though	17	35	0.6553
23	5	ἔχοντα	was	18	37	0.5724
23	5	ἀρχὴν	beginning	19	43	0.7636
23	5	καὶ	and	20	44	0.7682
23	5	τέλος	end—through	21	45	0.6179
23	5	ἐπιχειρῆσαι	attempt	22	24	0.6573
23	5	ποιεῖν	deal	23	26	0.6533
23	5	ὅλον	entirety	24	34	0.718
23	5	λίαν	too	25	52	0.5057
23	5	ἂν	that	27	49	0.5129
23	5	μέγας	long	28	53	0.5899
23	5	οὐκ	not	30	65	0.677
23	5	εὐσύνοπτος	complicated	31	68	0.5677
23	5	ἔμελλεν	apparently	32	48	0.5881
23	5	ἔσεσθαι	was	33	51	0.6401
23	5	ἢ	or	34	63	0.6194
23	5	τῷ	the	35	70	0.6171
23	5	μεγέθει	feeling	36	47	0.4974
23	5	μετριάζοντα	incident	37	73	0.5423
23	5	καταπεπλεγμένον	singled	38	81	0.5668
23	5	τῇ	of	39	72	0.4629
23	5	ποικιλίᾳ	variety	40	71	0.5639
23	5	νῦν	it	41	75	0.424
23	5	δ	As	42	76	0.5087
23	5	ἓν	one	43	83	0.6315
23	5	μέρος	section	44	84	0.6479
23	5	ἀπολαβὼν	taken	45	58	0.5638
23	5	ἐπεισοδίοις	incidents	46	92	0.5051
23	5	κέχρηται	brings	47	95	0.62
23	5	αὐτῶν	the	48	86	0.5659
23	5	πολλοῖς	many	49	88	0.6828
23	5	οἷον	as	50	97	0.5948
23	5	νεῶν	the	51	103	0.5743
23	5	καταλόγῳ	Catalogue	52	101	0.6997
23	5	καὶ	and	53	107	0.8154
23	5	ἄλλοις	other	54	108	0.8449
23	5	ἐπεισοδίοις	episodes	55	109	0.7072
23	5	διαλαμβάνει	relieve	56	111	0.7751
23	5	τὴν	his	57	115	0.776
23	5	ποίησιν	narrative	58	116	0.8025
23	6	οἱ	the	0	2	0.61
23	6	δ	As	1	0	0.4712
23	6	ἄλλοι	other	2	3	0.7108
23	6	περὶ	of	3	8	0.5516
23	6	ἕνα	one	4	9	0.6641
23	6	ποιοῦσι	they	5	6	0.6059
23	6	καὶ	or	6	11	0.5486
23	6	ἕνα	one	8	12	0.6057
23	6	χρόνον	period	9	13	0.5086
23	6	μίαν	an	11	17	0.6005
23	6	πρᾶξιν	action	12	18	0.7635
23	6	πολυμερή	multiplicity	13	24	0.4811
23	6	ποιήσας	has	18	22	0.4593
23	6	καὶ	although	19	20	0.4198
23	6	τὴν	a	20	23	0.4393
23	7	τοιγαροῦν	This	0	0	0.5829
23	7	ἐκ	of	1	6	0.5906
23	7	Ἰλιάδος	Cypria	3	8	0.6581
23	7	καὶ	and	4	9	0.7387
23	7	Ὀδυσσείας	Odyssey	5	23	0.5869
23	7	μία	one	6	28	0.4528
23	7	τραγῳδία	authors	7	5	0.4359
23	7	ποιεῖται	done	8	13	0.7113
23	7	ἑκατέρας	the	9	7	0.4834
23	7	ἢ	or	10	29	0.6032
23	7	δύο	two	11	32	0.6709
23	7	μόναι	only	12	27	0.653
23	7	ἐκ	the	13	34	0.5031
23	7	δὲ	And	14	14	0.5005
23	7	Κυπρίων	Cypria	15	35	0.6165
23	7	πολλαὶ	several	16	39	0.6063
23	7	καὶ	and	17	40	0.7252
23	7	τῆς	the	18	41	0.7121
23	7	μικρᾶς	Little	19	42	0.6516
23	7	Ἰλιάδος	Iliad	20	43	0.7367
23	7	πλέον	more	21	45	0.7194
23	7	ὀκτώ	eight	22	47	0.7654
23	7	οἷον	for	23	48	0.4653
23	7	ὅπλων	Arms	24	52	0.6458
23	7	κρίσις	Adjudgment	25	50	0.621
23	7	Φιλοκτήτης	Philoctetes	26	54	0.8339
23	7	Νεοπτόλεμος	Neoptolemus	27	56	0.8254
23	7	Εὐρύπυλος	Eurypylus	28	58	0.8064
23	7	πτωχεία	Beggar	29	62	0.6265
23	7	Λάκαιναι	Laconian	30	64	0.6199
23	7	Ἰλίου	Ilium	31	69	0.7568
23	7	πέρσις	Fall	32	67	0.5553
23	7	καὶ	and	33	70	0.7313
23	7	ἀπόπλους	Departure	34	72	0.6387
23	7	καὶ	also	35	77	0.6177
23	7	Σίνων	Sinon	36	79	0.7562
23	7	καὶ	and	37	80	0.7931
23	7	Τρῳάδες	Troy	38	84	0.7229
24	10	τὸ	The	0	0	0.684
24	10	δὲ	the	1	5	0.403
24	10	ἰαμβεῖον	iambic	2	1	0.7034
24	10	καὶ	and	3	2	0.6718
24	10	τετράμετρον	trochaic	4	3	0.6753
24	10	κινητικὰ	movement	5	11	0.7511
24	10	τὸ	the	7	12	0.7812
24	10	μὲν	one	8	13	0.7338
24	10	ὀρχηστικὸν	representing	9	14	0.5113
24	10	τὸ	the	10	20	0.7209
24	10	δὲ	other	11	21	0.5617
24	10	πρακτικόν	dance	12	25	0.6295
24	11	ἔτι	Still	0	0	0.8237
24	11	δὲ	more	1	1	0.4743
24	11	ἀτοπώτερον	unnatural	2	2	0.7877
24	11	εἰ	if	3	6	0.8386
24	11	μιγνύοι	write	4	10	0.6321
24	11	τις	one	5	7	0.6368
24	11	αὐτά	epic	6	12	0.4048
24	11	ὥσπερ	as	7	18	0.7962
24	11	Χαιρήμων	Chaeremon	8	19	0.6724
24	12	διὸ	Hence	0	0	0.7829
24	12	οὐδεὶς	no	1	4	0.8784
24	12	μακρὰν	long	2	10	0.8184
24	12	σύστασιν	story	3	11	0.5518
24	12	ἐν	in	4	12	0.6776
24	12	ἄλλῳ	any	5	13	0.5486
24	12	πεποίηκεν	written	6	8	0.6931
24	12	ἢ	but	7	14	0.5137
24	12	τῷ	heroic	8	15	0.4185
24	12	ἡρῴῳ	verse	9	16	0.5323
24	12	ὥσπερ	as	11	19	0.7319
24	12	εἴπομεν	said	12	22	0.7416
24	12	αὐτὴ	herself	13	18	0.5358
24	12	φύσις	nature	15	17	0.51
24	12	διδάσκει	teaches	16	23	0.7065
24	12	τὸ	the	17	27	0.5673
24	12	ἁρμόττον	appropriate	18	29	0.6616
24	12	αὐτῇ	such	19	31	0.5386
24	12	αἱρεῖσθαι	select	20	26	0.6395
24	13	Ὅμηρος	Homer	0	0	0.71
24	13	ἄλλα	other	2	7	0.7157
24	13	τε	as	3	2	0.4111
24	13	πολλὰ	every	4	6	0.5981
24	13	ἄξιος	admirable	5	1	0.5226
24	13	ἐπαινεῖσθαι	is	6	9	0.4021
24	13	καὶ	so	7	11	0.4749
24	13	δὴ	especially	8	10	0.5698
24	13	καὶ	this	9	13	0.5109
24	13	ὅτι	that	10	14	0.6587
24	13	μόνος	alone	11	16	0.7654
24	13	τῶν	among	12	17	0.498
24	13	ποιητῶν	poets	13	19	0.7146
24	13	οὐκ	not	14	21	0.8138
24	13	ἀγνοεῖ	unaware	15	22	0.7353
24	13	ὃ	of	16	23	0.5677
24	13	δεῖ	to	17	26	0.511
24	13	ποιεῖν	played	18	28	0.5821
24	13	αὐτόν	himself	19	32	0.5588
24	14	αὐτὸν	he	0	10	0.4995
24	14	γὰρ	very	1	4	0.5349
24	14	δεῖ	should	2	2	0.5502
24	14	τὸν	The	3	0	0.6689
24	14	ποιητὴν	poet	4	1	0.7548
24	14	ἐλάχιστα	little	5	5	0.6121
24	14	λέγειν	say	6	3	0.6734
24	14	οὐ	no	7	12	0.5899
24	14	γάρ	as	8	9	0.526
24	14	ἐστι	is	9	11	0.6193
24	14	κατὰ	when	10	14	0.5529
24	14	ταῦτα	that	11	16	0.6738
24	14	μιμητής	imitator	12	13	0.6361
24	14	οἱ	the	13	18	0.7756
24	14	μὲν	poets	14	20	0.5472
24	14	οὖν	Whereas	15	17	0.6379
24	14	ἄλλοι	other	16	19	0.7755
24	14	αὐτοὶ	person	17	26	0.4569
24	14	μὲν	but	18	29	0.4365
24	14	δι	in	19	25	0.4993
24	14	ὅλου	perpetually	20	22	0.611
24	14	ἀγωνίζονται	are	21	21	0.6945
24	14	μιμοῦνται	say	22	28	0.5724
24	14	δὲ	and	23	27	0.6442
24	14	ὀλίγα	little	24	30	0.6862
24	14	καὶ	and	25	31	0.5962
24	14	ὀλιγάκις	only	26	33	0.4625
24	14	ὁ	a	27	47	0.4674
24	14	δὲ	a	28	41	0.4106
24	14	ὀλίγα	brief	29	42	0.6548
24	14	φροιμιασάμενος	after	30	40	0.6298
24	14	εὐθὺς	forthwith	31	46	0.6503
24	14	εἰσάγει	brings	32	44	0.7262
24	14	ἄνδρα	man	33	48	0.7737
24	14	ἢ	a	34	49	0.5361
24	14	γυναῖκα	woman	35	50	0.6991
24	14	ἢ	or	36	51	0.6113
24	14	ἄλλο	other	37	53	0.6348
24	14	τι	some	38	52	0.621
24	14	ἦθος	Character—no	39	54	0.5178
24	14	καὶ	them	40	57	0.4597
24	14	οὐδέν	one	41	55	0.6078
24	14	ἀήθη	characterless	42	58	0.7681
24	14	ἀλλ	but	43	59	0.7273
24	14	ἔχοντα	with	44	61	0.7327
24	14	ἦθος	characteristics	45	63	0.6893
24	15	δεῖ	required	0	4	0.6413
24	15	μὲν	certainly	1	3	0.6102
24	15	ἐν	in	3	5	0.691
24	15	τραγῳδίαις	Tragedy	5	6	0.6959
24	15	ποιεῖν	opening	6	12	0.4561
24	15	τὸ	The	7	0	0.6387
24	15	θαυμαστόν	marvellous	8	1	0.6727
24	15	μᾶλλον	more	9	11	0.6023
24	15	δ	however	10	9	0.5617
24	15	ἐνδέχεται	affords	11	10	0.5794
24	15	ἐποποιίᾳ	Epic	14	8	0.4065
24	15	τὸ	the	15	14	0.6039
24	15	ἄλογον	improbable	16	15	0.5917
24	15	δι	in	17	23	0.4045
24	15	ὃ	it	18	24	0.4941
24	15	συμβαίνει	are	19	27	0.4854
24	15	μάλιστα	chief	20	17	0.4882
24	15	τὸ	the	21	20	0.62
24	15	θαυμαστόν	marvellous	22	21	0.6532
24	15	διὰ	because	23	22	0.5911
24	15	μὴ	not	25	28	0.7253
24	15	ὁρᾶν	visibly	26	29	0.5864
24	15	εἰς	before	27	30	0.5188
24	15	τὸν	the	28	25	0.4093
24	15	πράττοντα	one	29	31	0.5959
24	16	ἐπεὶ	scene	0	1	0.4032
24	16	τὰ	The	1	0	0.6124
24	16	περὶ	of	2	2	0.4774
24	16	τὴν	the	3	3	0.582
24	16	Ἕκτορος	Hector	4	6	0.7452
24	16	δίωξιν	pursuit	5	4	0.5618
24	16	ἐπὶ	on	6	10	0.6591
24	16	σκηνῆς	the	7	11	0.544
24	16	ὄντα	be	8	8	0.5221
24	16	γελοῖα	ridiculous	9	9	0.6857
24	16	ἂν	would	10	7	0.5379
24	16	φανείη	is	11	33	0.4156
24	16	οἱ	Greeks	12	13	0.5895
24	16	μὲν	stage—the	13	12	0.4723
24	16	ἑστῶτες	halting	14	14	0.6883
24	16	καὶ	instead	15	15	0.5632
24	16	οὐ	of	16	16	0.6098
24	16	διώκοντες	pursuing	17	17	0.6529
24	16	ὁ	the	18	31	0.5059
24	16	δὲ	and	19	19	0.5809
24	16	ἀνανεύων	shaking	20	21	0.5904
24	16	ἐν	in	21	28	0.7125
24	16	δὲ	but	22	27	0.738
24	16	τοῖς	the	23	29	0.6827
24	16	ἔπεσιν	poem	24	30	0.653
24	16	λανθάνει	overlooked	25	34	0.6892
24	17	τὸ	The	0	0	0.7731
24	17	δὲ	however	1	2	0.6807
24	17	θαυμαστὸν	marvellous	2	1	0.7525
24	17	ἡδύ	pleasure	3	7	0.5603
24	17	σημεῖον	cause	4	5	0.5638
24	17	δέ	that	5	14	0.4169
24	17	πάντες	all	6	16	0.735
24	17	γὰρ	fact	7	13	0.4484
24	17	προστιθέντες	additions	8	21	0.5423
24	17	ἀπαγγέλλουσιν	tell	9	17	0.536
24	17	ὡς	that	10	25	0.5544
24	17	χαριζόμενοι	pleasure	11	32	0.6652
24	18	δεδίδαχεν	taught	0	6	0.6954
24	18	μάλιστα	more	2	1	0.664
24	18	Ὅμηρος	Homer	3	0	0.6491
24	18	καὶ	than	4	2	0.5218
24	18	τοὺς	the	5	7	0.689
24	18	ἄλλους	rest	6	8	0.6969
24	18	ψευδῆ	right	7	18	0.5395
24	18	λέγειν	framing	8	14	0.5781
24	18	ὡς	in	9	16	0.5193
24	18	δεῖ	use	10	23	0.4815
24	18	ἔστι	lies	11	15	0.5458
24	18	δὲ	I	12	20	0.5178
24	18	τοῦτο	the	13	22	0.5375
24	18	παραλογισμός	paralogism	14	25	0.7925
24	18	οἴονται	mean	15	21	0.5522
24	18	ἄνθρωποι	men's	18	38	0.4773
24	18	ὅταν	Whenever	19	26	0.6842
24	18	τουδὶ	A	20	28	0.5786
24	18	ὄντος	is	21	29	0.6425
24	18	τοδὶ	B	22	34	0.5289
24	18	ᾖ	or	23	30	0.4775
24	18	ἢ	or	24	36	0.6098
24	18	γινομένου	happens	25	31	0.642
24	18	γίνηται	is	26	35	0.5342
24	18	εἰ	if	27	42	0.6822
24	18	τὸ	the	28	43	0.607
24	18	ὕστερον	B	29	44	0.5724
24	18	ἔστιν	is	30	45	0.6984
24	18	καὶ	also	31	48	0.5779
24	18	τὸ	the	32	46	0.6133
24	18	πρότερον	A	33	47	0.5622
24	18	εἶναι	is	34	49	0.6789
24	18	ἢ	conclusion	35	55	0.4316
24	18	γίνεσθαι	happens	36	37	0.5829
24	18	τοῦτο	that	37	51	0.7484
24	18	δέ	but	38	50	0.648
24	18	ἐστι	is	39	52	0.784
24	18	ψεῦδος	false	40	54	0.6827
24	18	διὸ	Accordingly	41	56	0.5215
24	18	δεῖ	follows	42	74	0.5252
24	18	ἂν	if	43	57	0.559
24	18	τὸ	the	44	78	0.4789
24	18	πρῶτον	consequent	45	77	0.4758
24	18	ψεῦδος	untrue	46	60	0.639
24	18	ἄλλο	else	47	65	0.5828
24	18	δὲ	but	48	61	0.6056
24	18	τούτου	its	49	76	0.5819
24	18	ὄντος	are	50	98	0.4831
24	18	ἀνάγκη	right	51	79	0.5188
24	18	εἶναι	is	52	63	0.5554
24	18	ἢ	then	53	81	0.5702
24	18	γενέσθαι	there	54	62	0.469
24	18	ᾖ	to	55	83	0.5995
24	18	προσθεῖναι	add	56	84	0.6911
24	18	διὰ	because	57	89	0.6473
24	18	γὰρ	Just	58	88	0.6426
24	18	τὸ	the	59	92	0.5949
24	18	τοῦτο	the	60	95	0.5555
24	18	εἰδέναι	know	61	91	0.7224
24	18	ἀληθὲς	truth	62	93	0.7407
24	18	ὂν	of	63	94	0.5259
24	18	παραλογίζεται	led	64	103	0.5624
24	18	ἡμῶν	our	65	100	0.6933
24	18	ἡ	the	66	110	0.5341
24	18	ψυχὴ	minds	67	102	0.5782
24	18	καὶ	of	68	112	0.5636
24	18	τὸ	the	69	113	0.6126
24	18	πρῶτον	antecedent	70	114	0.6938
24	18	ὡς	of	71	109	0.5593
24	18	ὄν	is	72	116	0.5895
24	18	παράδειγμα	instance	73	118	0.747
24	18	δὲ	an	74	117	0.5907
24	18	τούτου	Here	75	115	0.6827
24	18	τὸ	the	76	120	0.7105
24	18	ἐκ	from	77	119	0.7587
24	18	τῶν	the	78	123	0.7698
24	18	Νίπτρων	Odyssey	79	124	0.7267
24	19	προαιρεῖσθαί	preferable	0	5	0.4222
24	19	ἀδύνατα	impossibility	3	2	0.5076
24	19	εἰκότα	likely	4	1	0.4775
24	19	μᾶλλον	always	5	4	0.459
24	19	ἢ	to	6	6	0.4527
24	19	δυνατὰ	possibility	7	9	0.5158
24	19	ἀπίθανα	unconvincing	8	8	0.6622
24	1	δὲ	II	1	0	0.4293
24	1	εἴδη	species	3	10	0.4653
24	1	ταὐτὰ	same	4	9	0.5653
24	1	δεῖ	must	5	5	0.6302
24	1	ἔχειν	divide	6	6	0.4635
24	1	ἐποποιίαν	poetry	8	4	0.6443
24	1	τραγῳδίᾳ	Epic	10	3	0.4544
24	1	ἢ	as	18	11	0.423
24	1	παθητικήν	Tragedy	19	12	0.4835
24	20	τούς	The	0	0	0.6933
24	20	λόγους	story	2	1	0.7369
24	20	μὴ	never	3	3	0.7283
24	20	συνίστασθαι	made	4	5	0.6602
24	20	ἐκ	of	5	7	0.6539
24	20	μερῶν	incidents	6	9	0.6397
24	20	ἀλόγων	improbable	7	8	0.7222
24	20	μάλιστα	it	9	18	0.4598
24	20	μηδὲν	nothing	11	13	0.7205
24	20	ἔχειν	be	12	12	0.6557
24	20	ἄλογον	unavoidable	13	24	0.5875
24	20	εἰ	If	14	19	0.6964
24	20	δὲ	however	15	20	0.5136
24	20	ἔξω	outside	17	28	0.7113
24	20	τοῦ	the	18	29	0.6718
24	20	μυθεύματος	piece	19	30	0.5473
24	20	ὥσπερ	like	20	31	0.7449
24	20	Οἰδίπους	Oedipus	21	36	0.6342
24	20	τὸ	of	22	37	0.5642
24	20	μὴ	ignorance	23	34	0.5819
24	20	εἰδέναι	circumstances	24	39	0.5264
24	20	πῶς	the	25	38	0.4467
24	20	ὁ	of	26	40	0.528
24	20	Λάιος	Laius	27	41	0.6705
24	20	ἀπέθανεν	death	28	42	0.6797
24	20	μὴ	not	30	43	0.6852
24	20	ἐν	within	31	44	0.6203
24	20	τῷ	the	32	47	0.4959
24	20	δράματι	it	33	45	0.494
24	20	ὥσπερ	like	34	46	0.6945
24	20	ἐν	in	35	53	0.6339
24	20	Ἠλέκτρᾳ	Electra	36	54	0.675
24	20	οἱ	the	37	50	0.6403
24	20	τὰ	games	38	52	0.5026
24	20	Πύθια	Pythian	39	51	0.7105
24	20	ἀπαγγέλλοντες	report	40	48	0.5956
24	20	ἢ	or	41	55	0.6584
24	20	ἐν	in	42	71	0.5456
24	20	Μυσοῖς	Mysians	43	73	0.6719
24	20	ὁ	the	44	56	0.5196
24	20	ἄφωνος	without	45	64	0.5624
24	20	ἐκ	from	46	62	0.5924
24	20	Τεγέας	Tegea	47	63	0.6054
24	20	εἰς	to	48	60	0.5914
24	20	τὴν	The	49	72	0.5923
24	20	Μυσίαν	Mysia	50	61	0.6579
24	20	ἥκων	come	51	59	0.6683
24	21	ὥστε	that	0	1	0.7445
24	21	τὸ	to	1	5	0.6028
24	21	λέγειν	say	2	6	0.7784
24	21	ὅτι	that	3	7	0.6944
24	21	ἀνῄρητο	spoilt	4	13	0.6644
24	21	ἂν	would	5	10	0.689
24	21	ὁ	one's	6	8	0.4798
24	21	μῦθος	Plot	7	9	0.6115
24	21	γελοῖον	ridiculous	8	4	0.5473
24	21	ἐξ	up	9	23	0.4045
24	21	ἀρχῆς	them	10	15	0.4082
24	21	γὰρ	since	11	16	0.6919
24	21	οὐ	fundamentally	12	19	0.4956
24	21	δεῖ	wrong	13	20	0.6223
24	21	συνίστασθαι	make	14	22	0.5793
24	21	τοιούτους	such	15	24	0.6934
24	21	ἂν	might	16	40	0.5664
24	21	δὲ	however	17	34	0.538
24	21	θῇ	put	18	42	0.5876
24	21	καὶ	and	19	35	0.6218
24	21	φαίνηται	sees	20	37	0.6531
24	21	εὐλογωτέρως	absurdity	21	53	0.593
24	21	ἐνδέχεσθαι	he	22	39	0.5239
24	21	καὶ	as	23	54	0.6121
24	21	ἄτοπον	fault	24	58	0.57
24	22	καὶ	Even	1	0	0.7292
24	22	τὰ	the	2	4	0.6458
24	22	ἐν	in	3	1	0.7587
24	22	Ὀδυσσείᾳ	Odyssey	4	3	0.6956
24	22	ἄλογα	improbabilities	5	5	0.6524
24	22	περὶ	in	7	6	0.5545
24	22	τὴν	the	8	7	0.6134
24	22	ἔκθεσιν	setting-ashore	9	8	0.6027
24	22	ὡς	clearly	10	13	0.588
24	22	ἂν	would	12	11	0.6941
24	22	ἦν	be	13	12	0.7171
24	22	ἀνεκτὰ	intolerable	14	14	0.7156
24	22	γένοιτο	in	17	15	0.42
24	22	εἰ	As	18	22	0.4431
24	22	αὐτὰ	them	19	28	0.5057
24	22	φαῦλος	inferior	20	20	0.5376
24	22	ποιητὴς	poet	21	21	0.6546
24	22	ποιήσειε	is	22	24	0.4144
24	22	τοῖς	his	25	29	0.5137
24	22	ἄλλοις	other	26	30	0.7156
24	22	ἀγαθοῖς	excellences	27	31	0.5646
24	22	ὁ	the	28	25	0.6921
24	22	ποιητὴς	poet	29	26	0.7528
24	22	ἀφανίζει	conceals	30	27	0.6976
24	22	ἡδύνων	veiling	31	32	0.5941
24	22	τὸ	their	32	33	0.6759
24	22	ἄτοπον	absurdity	33	34	0.6396
24	23	τῇ	Elaborate	0	0	0.4855
24	23	δὲ	however	1	2	0.6266
24	23	λέξει	Diction	2	1	0.6654
24	23	δεῖ	required	3	4	0.7079
24	23	διαπονεῖν	is	4	3	0.5078
24	23	ἐν	in	5	6	0.5942
24	23	ἀργοῖς	where	7	8	0.4475
24	23	μέρεσιν	places	8	7	0.693
24	23	καὶ	and	9	13	0.5691
24	23	μήτε	no	10	14	0.587
24	23	ἠθικοῖς	Character	11	15	0.5655
24	23	μήτε	or	12	16	0.6114
24	23	διανοητικοῖς	Thought	13	17	0.5791
24	23	ἀποκρύπτει	obscure	14	36	0.5644
24	23	γὰρ	tends	15	34	0.4102
24	23	πάλιν	hand	16	30	0.4666
24	23	ἡ	an	17	31	0.5852
24	23	λαμπρὰ	over-ornate	19	32	0.6049
24	23	λέξις	Diction	20	33	0.6724
24	23	ἤθη	Character	23	24	0.4076
24	23	καὶ	or	24	25	0.4896
24	23	διανοίας	Thought	26	26	0.6375
24	2	καὶ	either	0	3	0.4308
24	2	τὰ	a	1	7	0.4118
24	2	μέρη	parts	2	16	0.6611
24	2	ἔξω	simple	3	4	0.4307
24	2	μελοποιίας	character	4	10	0.6834
24	2	καὶ	or	5	11	0.6044
24	2	ὄψεως	suffering	6	14	0.475
24	2	ταὐτά	Its	7	15	0.5428
24	2	καὶ	too	8	17	0.6149
24	2	περιπετειῶν	Peripeties	10	32	0.5619
24	2	δεῖ	requires	11	31	0.6857
24	2	καὶ	and	12	23	0.4981
24	2	ἀναγνωρίσεων	Discoveries	13	33	0.5235
24	2	παθημάτων	suffering	15	37	0.5639
24	2	ἔτι	as	16	29	0.4737
24	2	διανοίας	of	18	36	0.4119
24	2	καὶ	and	19	34	0.6138
24	2	λέξιν	Tragedy	21	40	0.4624
24	2	ἔχειν	be	22	26	0.4758
24	2	καλῶς	just	23	38	0.4935
24	3	οἷς	these	0	14	0.5316
24	3	ἅπασιν	All	1	13	0.5792
24	3	Ὅμηρος	Homer	2	18	0.591
24	3	κέχρηται	appear	3	16	0.5412
24	3	καὶ	Lastly	4	0	0.4493
24	3	πρῶτος	first	5	19	0.7149
24	3	καὶ	and	6	3	0.452
24	3	ἱκανῶς	way	7	12	0.4848
24	3	καὶ	and	8	20	0.62
24	3	γὰρ	elements	9	15	0.4064
24	3	τῶν	His	10	28	0.5085
24	3	ποιημάτων	poems	11	30	0.5969
24	3	ἑκάτερον	two	12	29	0.5719
24	3	συνέστηκεν	has	13	22	0.5923
24	3	ἡ	the	14	36	0.6044
24	3	Ἰλιὰς	Iliad	16	37	0.7013
24	3	ἁπλοῦν	simple	17	38	0.6591
24	3	παθητικόν	suffering	19	43	0.5111
24	3	ἡ	the	20	44	0.4878
24	3	δὲ	and	21	39	0.5652
24	3	Ὀδύσσεια	Odyssey	22	45	0.5725
24	3	πεπλεγμένον	of	23	42	0.4563
24	3	ἀναγνώρισις	story	24	41	0.576
24	3	γὰρ	throughout	25	50	0.4558
24	3	διόλου	complex	26	46	0.5031
24	3	καὶ	and	27	52	0.6301
24	3	ἠθική	character	28	56	0.6082
24	3	πρὸς	than	29	61	0.5544
24	3	δὲ	And	30	57	0.6667
24	3	τούτοις	this	31	62	0.6423
24	3	λέξει	Diction	32	65	0.6287
24	3	καὶ	and	33	66	0.7557
24	3	διανοίᾳ	Thought	34	67	0.7257
24	3	πάντα	all	35	71	0.7066
24	3	ὑπερβέβληκεν	surpass	36	70	0.7335
24	4	διαφέρει	difference	0	4	0.7082
24	4	δὲ	however	1	2	0.7917
24	4	κατά	in	2	13	0.4471
24	4	τῆς	the	4	6	0.4669
24	4	τὸ	its	6	14	0.5404
24	4	μῆκος	length	7	15	0.7361
24	4	ἐποποιία	Epic	9	7	0.4184
24	4	καὶ	and	10	16	0.7269
24	4	τὸ	its	11	19	0.6397
24	4	μέτρον	metre	12	20	0.7168
24	5	τοῦ	its	0	3	0.5291
24	5	οὖν	As	2	1	0.4883
24	5	μήκους	length	3	4	0.7227
24	5	ὅρος	limit	4	6	0.6736
24	5	ἱκανὸς	suffice	5	10	0.5142
24	5	ὁ	the	6	5	0.5662
24	5	εἰρημένος	suggested	7	8	0.745
24	5	δύνασθαι	possible	8	14	0.6163
24	5	γὰρ	be	9	13	0.4729
24	5	δεῖ	must	10	12	0.6621
24	5	συνορᾶσθαι	taken	11	25	0.6034
24	5	τὴν	the	12	16	0.5596
24	5	ἀρχὴν	beginning	13	17	0.6854
24	5	καὶ	and	14	18	0.6916
24	5	τέλος	end	16	19	0.7183
24	5	εἴη	be	17	33	0.5743
24	5	δ	view—a	18	29	0.4597
24	5	ἂν	will	19	32	0.6205
24	5	τοῦτο	which	20	31	0.516
24	5	εἰ	if	21	35	0.721
24	5	τῶν	the	22	41	0.557
24	5	μὲν	than	23	40	0.4016
24	5	ἀρχαίων	old	24	42	0.602
24	5	ἐλάττους	shorter	25	39	0.6985
24	5	αἱ	the	26	36	0.5654
24	5	συστάσεις	poem	27	37	0.4983
24	5	εἶεν	be	28	38	0.7531
24	5	πρὸς	about	29	45	0.545
24	5	δὲ	and	30	44	0.6143
24	5	τὸ	the	31	49	0.5535
24	5	πλῆθος	series	32	50	0.5953
24	5	τραγῳδιῶν	tragedies	33	52	0.7237
24	5	τῶν	of	34	51	0.4638
24	5	εἰς	for	35	54	0.6056
24	5	μίαν	one	36	55	0.6188
24	5	ἀκρόασιν	hearing	37	56	0.6444
24	5	τιθεμένων	offered	38	53	0.7098
24	5	παρήκοιεν	fulfilled	39	34	0.4937
24	6	ἔχει	has	0	8	0.7379
24	6	δὲ	For	1	0	0.6108
24	6	πρὸς	of	2	3	0.4035
24	6	τὸ	the	3	1	0.5225
24	6	ἐπεκτείνεσθαι	extension	4	2	0.615
24	6	τὸ	its	5	4	0.506
24	6	μέγεθος	length	6	5	0.7013
24	6	πολύ	large	7	16	0.6717
24	6	τι	a	8	9	0.6065
24	6	ἡ	epic	9	6	0.5339
24	6	ἐποποιία	poetry	10	7	0.7619
24	6	ἴδιον	special	11	10	0.5907
24	6	διὰ	of	12	12	0.5329
24	6	τὸ	which	13	13	0.43
24	6	ἐν	In	14	18	0.6694
24	6	μὲν	one	15	21	0.4109
24	6	τῇ	a	16	19	0.702
24	6	τραγῳδίᾳ	play	17	20	0.712
24	6	μὴ	cannot	18	22	0.6676
24	6	ἐνδέχεσθαι	represent	19	23	0.6612
24	6	ἅμα	simultaneously	20	33	0.7028
24	6	πραττόμενα	action	21	25	0.6729
24	6	πολλά	number	22	28	0.6333
24	6	μέρη	parts	23	30	0.77
24	6	μιμεῖσθαι	one	24	34	0.5663
24	6	ἀλλὰ	is	25	35	0.5114
24	6	τὸ	the	26	38	0.5745
24	6	ἐπὶ	on	27	40	0.6911
24	6	τῆς	the	28	41	0.754
24	6	σκηνῆς	stage	29	42	0.7394
24	6	καὶ	and	30	43	0.6943
24	6	τῶν	the	31	46	0.685
24	6	ὑποκριτῶν	actors	32	47	0.6649
24	6	μέρος	part	33	39	0.5845
24	6	μόνον	limited	34	36	0.4019
24	6	ἐν	in	35	49	0.7554
24	6	δὲ	Whereas	36	48	0.565
24	6	τῇ	epic	37	50	0.6108
24	6	ἐποποιίᾳ	poetry	38	51	0.7551
24	6	διὰ	to	39	60	0.4164
24	6	τὸ	the	40	52	0.4782
24	6	διήγησιν	narrative	41	53	0.562
24	6	εἶναι	it	42	56	0.4115
24	6	ἔστι	makes	43	55	0.6014
24	6	πολλὰ	number	44	63	0.5694
24	6	μέρη	incidents	45	66	0.5326
24	6	ἅμα	simultaneous	46	65	0.5472
24	6	ποιεῖν	form	47	54	0.5064
24	6	περαινόμενα	germane	48	70	0.5141
24	6	ὑφ	to	49	71	0.47
24	6	ὧν	these	50	68	0.5623
24	6	οἰκείων	subject	51	73	0.6016
24	6	ὄντων	if	52	69	0.5695
24	6	αὔξεται	increase	53	74	0.8105
24	6	ὁ	the	54	75	0.7142
24	6	τοῦ	the	55	78	0.7662
24	6	ποιήματος	poem	56	79	0.7658
24	6	ὄγκος	body	57	76	0.6712
24	7	ὥστε	then	0	1	0.6532
24	7	τοῦτ	This	1	0	0.6987
24	7	ἔχει	is	2	2	0.6391
24	7	τὸ	a	3	3	0.5193
24	7	ἀγαθὸν	gain	4	4	0.605
24	7	εἰς	to	5	5	0.4354
24	7	μεγαλοπρέπειαν	grandeur	6	12	0.5585
24	7	καὶ	also	7	14	0.4894
24	7	τὸ	to	8	9	0.5267
24	7	μεταβάλλειν	give	9	10	0.567
24	7	ἀκούοντα	interest	11	17	0.4643
24	7	καὶ	and	12	13	0.5876
24	7	ἐπεισοδιοῦν	room	13	19	0.5702
24	7	ἀνομοίοις	diverse	14	23	0.5576
24	7	ἐπεισοδίοις	episodes	15	21	0.5448
24	7	τὸ	it	16	31	0.5017
24	7	ὅμοιον	incident	18	27	0.4379
24	7	ταχὺ	soon	19	32	0.6828
24	7	πληροῦν	Uniformity	20	25	0.4897
24	7	ἐκπίπτειν	ruin	21	37	0.5689
24	7	ποιεῖ	creates	22	33	0.687
24	7	τὰς	the	23	40	0.5372
24	7	τραγῳδίας	tragedies	24	38	0.6475
24	8	μέτρον	metre	2	4	0.6191
24	8	τὸ	the	3	5	0.5895
24	8	ἡρωικὸν	heroic	4	6	0.6551
24	8	ἀπὸ	from	5	11	0.6085
24	8	τῆς	its	6	3	0.4231
24	8	πείρας	experience	7	12	0.5635
24	8	ἥρμοκεν	assigned	8	9	0.6456
24	8	ποιοῖτο	been	18	8	0.4175
24	9	τὸ	The	0	26	0.5974
24	9	γὰρ	fact	1	29	0.4862
24	9	ἡρωικὸν	heroic	2	27	0.6765
24	9	στασιμώτατον	gravest	3	32	0.6657
24	9	καὶ	and	4	33	0.7166
24	9	ὀγκωδέστατον	weightiest	5	34	0.6635
24	9	τῶν	the	6	15	0.6705
24	9	μέτρων	metres	7	17	0.6547
24	9	ἐστίν	is	8	30	0.6065
24	9	διὸ	metres—which	9	36	0.4803
24	9	γλώττας	words	11	48	0.4786
24	9	καὶ	and	12	49	0.595
24	9	μεταφορὰς	metaphors	13	50	0.591
24	9	δέχεται	makes	14	39	0.4886
24	9	μάλιστα	more	15	41	0.5097
24	9	περιττὴ	strange	16	47	0.5519
24	9	γὰρ	is	17	37	0.5278
24	9	καὶ	also	18	52	0.5538
24	9	ἡ	the	19	58	0.756
24	9	διηγηματικὴ	narrative	20	59	0.8009
24	9	μίμησις	incongruity	21	19	0.4978
24	9	τῶν	all	22	65	0.5701
24	9	ἄλλων	others	23	66	0.7748
25	10	ἔτι	too	0	3	0.6192
25	10	ποτέρων	whether	1	4	0.4445
25	10	ἐστὶ	is	2	7	0.7211
25	10	τὸ	the	3	5	0.5912
25	10	ἁμάρτημα	error	4	6	0.6079
25	10	τῶν	a	5	9	0.4974
25	10	κατὰ	with	6	16	0.5468
25	10	τὴν	the	7	17	0.6706
25	10	τέχνην	art	8	19	0.6884
25	10	ἢ	or	9	12	0.6542
25	10	κατ	only	10	13	0.4224
25	10	ἄλλο	accidentally	11	14	0.4665
25	10	συμβεβηκός	connected	12	15	0.6432
25	10	ἔλαττον	lesser	13	24	0.6626
25	10	γὰρ	since	14	20	0.5799
25	10	εἰ	to	15	30	0.4784
25	10	μὴ	not	16	29	0.7033
25	10	ᾔδει	know	17	31	0.74
25	10	ὅτι	that	18	34	0.8096
25	10	ἔλαφος	hind	19	36	0.691
25	10	θήλεια	the	20	35	0.4553
25	10	κέρατα	horns	21	39	0.6448
25	10	οὐκ	no	22	38	0.6511
25	10	ἔχει	has	23	37	0.7092
25	10	ἢ	than	24	40	0.6411
25	10	εἰ	to	25	41	0.491
25	10	ἀμιμήτως	unrecognizable	26	44	0.6069
25	10	ἔγραψεν	produce	27	42	0.5855
25	11	δὲ	II	1	0	0.436
25	11	τούτοις	fact	2	11	0.4244
25	11	ἐὰν	If	3	1	0.7157
25	11	ἐπιτιμᾶται	criticized	4	6	0.8246
25	11	ὅτι	as	5	7	0.5794
25	11	οὐκ	not	6	8	0.766
25	11	ἀληθῆ	true	7	9	0.7182
25	11	ἀλλ	to	8	10	0.4008
25	11	ἴσως	perhaps	9	15	0.4929
25	11	δεῖ	ought	10	19	0.6085
25	11	οἷον	like	11	25	0.7012
25	11	καὶ	that	12	26	0.5397
25	11	Σοφοκλῆς	Sophocles	13	28	0.7677
25	11	ἔφη	said	14	30	0.7541
25	11	αὐτὸς	he	15	32	0.5937
25	11	μὲν	that	16	31	0.4546
25	11	οἷους	as	17	35	0.5215
25	11	δεῖ	ought	18	37	0.7233
25	11	ποιεῖν	to	19	38	0.6028
25	11	Εὐριπίδην	Euripides	20	41	0.6548
25	11	δὲ	and	21	40	0.6528
25	11	οἷοι	as	22	42	0.6203
25	11	εἰσίν	were	23	44	0.6792
25	11	ταύτῃ	they	24	43	0.404
25	11	λυτέον	may	25	13	0.4813
25	12	εἰ	If	0	0	0.7012
25	12	δὲ	however	1	3	0.5553
25	12	μηδετέρως	neither	2	5	0.6328
25	12	φασίν	description	5	2	0.4615
25	12	οἷον	as	6	11	0.4217
25	12	τὰ	the	7	16	0.4099
25	12	περὶ	accordance	8	25	0.4469
25	12	θεῶν	opinion	9	27	0.415
25	13	ἴσως	instance	0	5	0.5142
25	13	γὰρ	for	1	4	0.5934
25	13	οὔτε	neither	2	13	0.6341
25	13	βέλτιον	true	3	14	0.5682
25	13	λέγειν	say	5	20	0.6808
25	13	οὔτ	nor	6	15	0.6496
25	13	ἀληθῆ	better	7	17	0.4768
25	13	ἀλλ	but	8	21	0.7131
25	13	ἔτυχεν	are	9	23	0.5213
25	13	ὥσπερ	as	10	10	0.5979
25	13	Ξενοφάνει	Xenophanes	11	11	0.715
25	13	οὖν	certainly	13	24	0.4987
25	13	φασι	they	14	22	0.5038
25	14	τὰ	statements	0	2	0.4631
25	14	οὐ	not	3	9	0.6995
25	14	βέλτιον	better	4	13	0.6932
25	14	μέν	perhaps	5	7	0.6227
25	14	ἀλλ	but	6	17	0.6627
25	14	οὕτως	so	7	22	0.5442
25	14	εἶχεν	was	8	21	0.5148
25	14	οἷον	e.g	9	26	0.7247
25	14	τὰ	the	10	27	0.694
25	14	περὶ	of	11	29	0.5391
25	14	τῶν	the	12	30	0.7447
25	14	ὅπλων	arms	13	31	0.7038
25	14	ἔγχεα	spears	14	33	0.7302
25	14	δέ	butt-end	15	36	0.5164
25	14	σφιν	their	16	32	0.5998
25	14	ὄρθ	stood	17	34	0.692
25	14	ἐπὶ	upon	18	37	0.6779
25	14	σαυρωτῆρος	ground	19	39	0.5881
25	14	οὕτω	that	20	41	0.5739
25	14	γὰρ	for	21	40	0.6336
25	14	τότ	then	22	49	0.4911
25	14	ἐνόμιζον	fixing	23	47	0.5414
25	14	ὥσπερ	as	24	50	0.6787
25	14	καὶ	still	25	53	0.6479
25	14	νῦν	is	26	52	0.525
25	14	Ἰλλυριοί	Illyrians	27	56	0.7249
25	15	περὶ	As	0	0	0.5649
25	15	δὲ	for	1	1	0.6115
25	15	τοῦ	the	2	2	0.5164
25	15	καλῶς	right	3	14	0.499
25	15	μὴ	not	5	16	0.6431
25	15	καλῶς	morally	6	13	0.5822
25	15	ἢ	whether	7	4	0.5385
25	15	εἴρηται	said	8	6	0.6311
25	15	τινι	something	9	5	0.5831
25	15	ἢ	or	10	7	0.6592
25	15	πέπρακται	done	11	8	0.6584
25	15	οὐ	not	12	24	0.767
25	15	μόνον	only	13	25	0.7487
25	15	σκεπτέον	consider	14	23	0.6995
25	15	εἰς	of	15	29	0.4684
25	15	αὐτὸ	that	16	20	0.5752
25	15	τὸ	the	17	30	0.5052
25	15	πεπραγμένον	actual	18	31	0.5428
25	15	ἢ	or	19	33	0.5968
25	15	εἰρημένον	deed	20	34	0.5623
25	15	βλέποντα	should	21	22	0.5152
25	15	εἰ	quality	22	28	0.4895
25	15	σπουδαῖον	intrinsic	23	27	0.5341
25	15	ἢ	or	24	15	0.6161
25	15	ἀλλὰ	but	26	35	0.7689
25	15	καὶ	also	27	36	0.6875
25	15	εἰς	person	28	38	0.5707
25	15	τὸν	the	29	37	0.6704
25	15	πράττοντα	who	30	39	0.628
25	15	ἢ	or	31	41	0.6861
25	15	λέγοντα	says	32	49	0.6047
25	15	πρὸς	to	33	46	0.7367
25	15	ὃν	whom	34	47	0.701
25	15	ἢ	person	35	45	0.4268
25	15	ὅτε	time	36	54	0.5973
25	15	ἢ	or	37	50	0.5786
25	15	ὅτῳ	means	38	56	0.5522
25	15	ἢ	and	39	57	0.4673
25	15	οὗ	does	40	51	0.5418
25	15	ἕνεκεν	motive	41	59	0.5555
25	15	οἷον	does	42	64	0.5139
25	15	ἢ	agent—whether	43	62	0.5906
25	15	μείζονος	greater	44	69	0.6707
25	15	ἀγαθοῦ	good	45	70	0.6955
25	15	ἵνα	to	46	66	0.6209
25	15	γένηται	attain	47	67	0.6604
25	15	ἢ	or	48	71	0.741
25	15	μείζονος	greater	49	75	0.6882
25	15	κακοῦ	evil	50	76	0.7329
25	15	ἵνα	to	51	72	0.5584
25	15	ἀπογένηται	avoid	52	73	0.6142
25	16	τὰ	the	0	8	0.4884
25	16	δὲ	Other	1	1	0.5697
25	16	πρὸς	by	2	6	0.5022
25	16	τὴν	the	3	11	0.5393
25	16	λέξιν	poet	4	12	0.567
25	16	ὁρῶντα	considering	5	7	0.63
25	16	δεῖ	must	6	4	0.7105
25	16	διαλύειν	meet	7	5	0.6021
25	16	οἷον	by	8	14	0.5429
25	16	γλώττῃ	language	9	9	0.6277
25	16	οὐρῆας	οὐρῆας	10	25	0.758
25	16	μὲν	μὲν	11	26	0.7829
25	16	πρῶτον	πρῶτον	12	27	0.8499
25	16	ἴσως	perhaps	13	33	0.6591
25	16	γὰρ	where	14	28	0.5367
25	16	οὐ	not	15	35	0.7106
25	16	τοὺς	mules	16	36	0.4649
25	16	ἡμιόνους	οὐρῆας	17	30	0.5241
25	16	λέγει	mean	18	34	0.6066
25	16	ἀλλὰ	but	19	37	0.6172
25	16	φύλακας	sentinels	21	38	0.6031
25	16	καὶ	And	22	39	0.7075
25	16	τὸν	of	23	42	0.5042
25	16	Δόλωνα	Dolon	24	43	0.6842
25	16	ὅς	ὅς	25	44	0.7805
25	16	ῥ	ῥ᾽	26	45	0.8369
25	16	ἦ	ἦ	27	46	0.7804
25	16	τοι	τοι	28	47	0.7944
25	16	εἶδος	εἶδος	29	48	0.8915
25	16	μὲν	μὲν	30	49	0.8667
25	16	ἔην	ἔην	31	50	0.8695
25	16	κακός	κακός	32	51	0.8501
25	16	οὐ	not	33	57	0.6734
25	16	τὸ	his	34	52	0.5869
25	16	σῶμα	body	35	60	0.7063
25	16	ἀσύμμετρον	deformed	36	62	0.6971
25	16	ἀλλὰ	but	37	63	0.7251
25	16	τὸ	his	38	65	0.6553
25	16	πρόσωπον	face	39	66	0.7654
25	16	αἰσχρόν	ugly	40	68	0.7293
25	16	τὸ	as	41	69	0.5394
25	16	γὰρ	perhaps	42	55	0.4511
25	16	εὐειδὲς	εὐειδής	43	70	0.7121
25	16	οἱ	the	44	72	0.6076
25	16	Κρῆτες	Cretan	45	73	0.7266
25	16	τὸ	for	46	75	0.5078
25	16	εὐπρόσωπον	handsome-faced	47	76	0.5532
25	16	καλοῦσι	mix	48	85	0.573
25	16	καὶ	So	49	77	0.4962
25	16	τὸ	too	50	78	0.5469
25	16	ζωρότερον	ζωρότερον	51	79	0.7568
25	16	δὲ	δὲ	52	80	0.7707
25	16	κέραιε	κέραιε	53	81	0.8275
25	16	οὐ	not	54	84	0.7862
25	16	τὸ	the	55	86	0.5954
25	16	ἄκρατον	stronger	56	88	0.7152
25	16	ὡς	as	57	89	0.7462
25	16	οἰνόφλυξιν	topers	58	92	0.7161
25	16	ἀλλὰ	but	59	93	0.71
25	16	τὸ	it	60	95	0.7157
25	16	θᾶττον	quicker	61	96	0.7602
25	17	τὰ	Other	0	1	0.613
25	17	δὲ	2	1	0	0.5057
25	17	κατὰ	as	2	8	0.5556
25	17	μεταφορὰν	metaphorical	3	9	0.6534
25	17	εἴρηται	explained	4	7	0.7535
25	17	οἷον	e.g	5	10	0.5057
25	17	ἄλλοι	ἄλλοι	6	12	0.8658
25	17	μέν	μέν	7	13	0.8574
25	17	ῥα	ῥα	8	14	0.8359
25	17	θεοί	θεοί	9	15	0.961
25	17	τε	τε	10	16	0.9439
25	17	καὶ	καὶ	11	17	0.9592
25	17	ἀνέρες	ἀνέρες	12	18	0.9596
25	17	εἶδον	εἶδον	13	19	0.9306
25	17	παννύχιοι	παννύχιοι	14	20	0.9368
25	17	ἅμα	time	15	31	0.7184
25	17	δέ	the	16	29	0.5924
25	17	φησιν	tells	17	26	0.6879
25	17	ἦ	ἦ	18	32	0.8125
25	17	τοι	τοι	19	33	0.8426
25	17	ὅτ	ὅτ᾽	20	34	0.8997
25	17	ἐς	ἐς	21	35	0.915
25	17	πεδίον	πεδίον	22	36	0.9199
25	17	τὸ	τὸ	23	37	0.9464
25	17	Τρωικὸν	Τρωικὸν	24	38	0.9527
25	17	ἀθρήσειεν	ἀθρήσειεν	25	39	0.9091
25	17	αὐλῶν	αὐλῶν	26	40	0.9065
25	17	συρίγγων	συρίγγων	27	41	0.8761
25	17	τε	τε	28	42	0.8749
25	17	ὁμαδόν	ὁμαδόν	29	43	0.8805
25	17	τὸ	the	30	44	0.6252
25	17	πάντες	ἅπαντες	32	46	0.7892
25	17	ἀντὶ	all	33	47	0.4619
25	17	τοῦ	word	34	45	0.4653
25	17	πολλοί	many	35	52	0.7261
25	17	κατὰ	is	36	48	0.498
25	17	μεταφορὰν	metaphorically	37	49	0.6088
25	17	εἴρηται	put	38	50	0.6939
25	17	τὸ	for	39	51	0.5762
25	17	γὰρ	since	40	53	0.6587
25	17	πᾶν	all	41	54	0.718
25	17	πολύ	many	42	59	0.6454
25	17	τι	a	43	56	0.5306
25	17	καὶ	also	44	61	0.5251
25	17	τὸ	his	45	62	0.6422
25	17	οἴη	οἴη	46	63	0.8027
25	17	δ	δ᾽	47	64	0.7311
25	17	ἄμμορος	ἄμμορος	48	65	0.807
25	17	κατὰ	standing	49	71	0.584
25	17	μεταφοράν	metaphorical	50	67	0.5446
25	17	τὸ	the	51	68	0.6872
25	17	γὰρ	known	52	70	0.5325
25	17	γνωριμώτατον	best	53	69	0.7333
25	17	μόνον	alone	54	72	0.6589
25	18	κατὰ	in	0	6	0.549
25	18	δὲ	A	1	1	0.463
25	18	προσῳδίαν	change	2	2	0.5151
25	18	ὥσπερ	as	3	3	0.6487
25	18	Ἱππίας	Hippias	4	4	0.6737
25	18	ἔλυεν	solve	5	14	0.5397
25	18	τὸ	in	8	17	0.4699
25	18	δίδομεν	δίδομεν	9	18	0.8538
25	18	δὲ	δέ	10	19	0.8369
25	18	οἱ	οἱ	11	20	0.8804
25	18	καὶ	and	12	21	0.8076
25	18	τὸ	τὸ	13	22	0.8514
25	18	μὲν	μὲν	14	23	0.83
25	18	οὐ	οὗ	15	24	0.4306
25	18	καταπύθεται	καταπύθεται	16	25	0.8528
25	18	ὄμβρῳ	ὄμβρῳ	17	26	0.9296
25	19	τὰ	Other	0	1	0.5472
25	19	δὲ	4	1	0	0.456
25	19	διαιρέσει	punctuation	2	8	0.6164
25	19	οἷον	e.g	3	9	0.5922
25	19	Ἐμπεδοκλῆς	Empedocles	4	11	0.6403
25	19	αἶψα	αἶψα	5	12	0.8995
25	19	δὲ	δὲ	6	13	0.8081
25	19	θνήτ	θνήτ᾽	7	14	0.9172
25	19	ἐφύοντο	ἐφύοντο	8	15	0.9648
25	19	τὰ	τὰ	9	16	0.9016
25	19	πρὶν	πρὶν	10	17	0.9372
25	19	μάθον	μάθον	11	18	0.955
25	19	ἀθάνατα	ἀθάνατα	12	19	0.9516
25	19	ζωρά	ζωρά	13	20	0.949
25	19	τε	τε	14	21	0.9142
25	19	πρὶν	πρὶν	15	22	0.9383
25	19	κέκρητο	κέκρητο	16	23	0.9667
25	1	Περὶ	As	0	0	0.6785
25	1	προβλημάτων	Problems	2	2	0.7647
25	1	καὶ	and	3	3	0.6809
25	1	λύσεων	Solutions	4	5	0.6464
25	1	ἐκ	on	5	16	0.4349
25	1	πόσων	number	6	10	0.5214
25	1	καὶ	and	8	11	0.5174
25	1	ποίων	their	9	4	0.5534
25	1	ἂν	may	10	7	0.4474
25	1	εἰδῶν	assumptions	11	15	0.475
25	1	ἐστιν	nature	12	12	0.4224
25	1	ὧδ	following	13	26	0.5595
25	1	θεωροῦσιν	viewing	15	21	0.5614
25	1	γένοιτ	by	16	20	0.4227
25	1	φανερόν	see	18	8	0.4515
25	20	τὰ	the	0	3	0.4419
25	20	δὲ	Or	1	1	0.5708
25	20	ἀμφιβολίᾳ	equivocal	2	7	0.577
25	20	παρώχηκεν	παρῴχηκεν	3	11	0.7697
25	20	δὲ	δὲ	4	12	0.7321
25	20	πλέω	πλέω	5	13	0.8308
25	20	νύξ	νύξ	6	14	0.857
25	20	τὸ	where	7	15	0.5107
25	20	πλείω	πλέω	9	16	0.5377
25	20	ἀμφίβολόν	equivocal	10	18	0.7097
25	20	ἐστιν	is	11	17	0.7444
25	21	δὲ	Or	1	1	0.6888
25	21	κατὰ	to	2	5	0.6175
25	21	τὸ	the	3	6	0.6003
25	21	ἔθος	custom	4	7	0.7098
25	21	τῆς	of	5	8	0.5722
25	21	λέξεως	language	6	9	0.6978
25	21	τὸν	a	7	29	0.4295
25	21	κεκραμένον	Wine-and-water	8	10	0.5901
25	21	οἶνόν	wine	9	13	0.739
25	21	φασιν	call	10	12	0.5295
25	21	εἶναι	is	11	16	0.6132
25	21	ὅθεν	that	12	21	0.5447
25	21	πεποίηται	speaks	13	23	0.6753
25	21	κνημὶς	κνημὶς	14	26	0.8776
25	21	νεοτεύκτου	νεοτεύκτου	15	27	0.941
25	21	κασσιτέροιο	κασσιτέροιο	16	28	0.8735
25	21	καὶ	and	17	42	0.5366
25	21	χαλκέας	greave	18	30	0.5276
25	21	τοὺς	A	19	34	0.4936
25	21	τὸν	of	20	31	0.4816
25	21	σίδηρον	tin	21	33	0.6302
25	21	ἐργαζομένους	worker	22	35	0.5259
25	21	ὅθεν	that	23	49	0.5076
25	21	εἴρηται	described	24	52	0.6408
25	21	ὁ	the	25	54	0.4964
25	21	Γανυμήδης	Ganymede	26	50	0.7614
25	21	Διὶ	Zeus	27	57	0.7434
25	21	οἰνοχοεύειν	wine-server	28	55	0.6841
25	21	οὐ	not	29	62	0.8422
25	21	πινόντων	drink	30	63	0.7524
25	21	οἶνον	wine	31	64	0.6829
25	21	εἴη	be	32	69	0.7066
25	21	δ	however	33	67	0.6938
25	21	ἂν	may	34	68	0.7236
25	21	τοῦτό	This	35	65	0.7725
25	21	γε	latter	36	66	0.4817
25	21	κατὰ	of	37	72	0.6377
25	21	μεταφοράν	metaphor	38	73	0.6789
25	22	δεῖ	necessary	0	12	0.7552
25	22	δὲ	But	1	0	0.7906
25	22	καὶ	also	2	2	0.7461
25	22	ὅταν	whenever	3	1	0.7975
25	22	ὄνομά	word	4	4	0.5993
25	22	τι	some	5	8	0.6982
25	22	ὑπεναντίωμά	contradiction	6	9	0.7147
25	22	τι	a	7	3	0.5705
25	22	δοκῇ	seems	8	5	0.7483
25	22	σημαίνειν	imply	9	7	0.6718
25	22	ἐπισκοπεῖν	reflect	10	14	0.6116
25	22	ποσαχῶς	how	11	15	0.4656
25	22	ἂν	may	12	19	0.5717
25	22	σημαίνοι	to	13	13	0.4855
25	22	τοῦτο	it	14	23	0.631
25	22	ἐν	in	15	24	0.5978
25	22	τῷ	the	16	25	0.5855
25	22	εἰρημένῳ	in	17	27	0.4826
25	22	οἷον	e.g	18	29	0.6502
25	22	τῷ	in	19	30	0.4197
25	22	τῇ	τῇ	20	32	0.6926
25	22	ῥ	ῥ᾽	21	33	0.7302
25	22	ἔσχετο	ἔσχετο	22	34	0.9031
25	22	χάλκεον	χάλκεον	23	35	0.9191
25	22	ἔγχος	ἔγχος	24	36	0.9201
25	22	τὸ	one	25	37	0.4991
25	22	ταύτῃ	there	26	46	0.6801
25	22	κωλυθῆναι	stopped	27	45	0.706
25	22	ποσαχῶς	was	28	44	0.4312
25	22	ἐνδέχεται	possible	29	41	0.5363
25	23	ὡδι	this	0	5	0.57
25	23	ἢ	or	1	7	0.6436
25	23	ὡδὶ	in	2	8	0.5856
25	23	ὡς	that	3	9	0.5298
25	23	μάλιστ	best	4	12	0.6126
25	23	ἄν	will	5	11	0.5567
25	23	τις	one	6	10	0.66
25	23	ὑπολάβοι	taking	7	2	0.5891
25	23	κατὰ	of	8	16	0.4024
25	23	τὴν	the	9	14	0.469
25	23	καταντικρὺ	fault	10	15	0.5127
25	24	λέγει	They	3	0	0.4629
25	24	ἀλόγως	improbable	6	4	0.6494
25	24	προυπολαμβάνουσιν	presumption	7	5	0.4551
25	24	καὶ	and	8	6	0.6652
25	24	αὐτοὶ	themselves	9	11	0.7482
25	24	καταψηφισάμενοι	decreed	10	9	0.6665
25	24	συλλογίζονται	draw	11	14	0.5688
25	24	καὶ	and	12	16	0.5445
25	24	ὡς	as	13	20	0.6451
25	24	εἰρηκότος	said	14	25	0.7156
25	24	ὅ	whatever	15	26	0.7385
25	24	τι	things	16	40	0.4796
25	24	δοκεῖ	believe	17	30	0.7161
25	24	ἐπιτιμῶσιν	statement	18	33	0.5351
25	24	ἂν	if	19	31	0.6199
25	24	ὑπεναντίον	conflicts	20	34	0.6061
25	24	τῇ	their	21	36	0.546
25	24	αὐτῶν	own	22	37	0.6769
25	24	οἰήσει	notion	23	38	0.6303
25	25	τοῦτο	This	0	0	0.7306
25	25	δὲ	is	1	1	0.5706
25	25	πέπονθε	Starting	2	10	0.5286
25	25	τὰ	silence	3	4	0.4548
25	25	περὶ	about	4	5	0.6858
25	25	Ἰκάριον	Icarius	5	6	0.7931
25	25	οἴονται	think	6	22	0.7304
25	25	γὰρ	the	7	12	0.4643
25	25	αὐτὸν	his	8	15	0.6959
25	25	Λάκωνα	Lacedaemonian	9	19	0.7435
25	25	εἶναι	having	10	16	0.7364
25	25	ἄτοπον	strange	11	24	0.6441
25	25	οὖν	it	12	23	0.4197
25	25	τὸ	to	13	28	0.4678
25	25	μὴ	not	14	27	0.8245
25	25	ἐντυχεῖν	met	15	30	0.632
25	25	τὸν	a	16	18	0.4269
25	25	Τηλέμαχον	Telemachus	17	26	0.6808
25	25	αὐτῷ	him	18	31	0.7071
25	25	εἰς	to	19	35	0.7512
25	25	Λακεδαίμονα	Lacedaemon	20	36	0.8197
25	25	ἐλθόντα	went	21	34	0.7547
25	25	τὸ	the	22	38	0.5468
25	25	ἴσως	fact	24	39	0.5587
25	25	ἔχει	been	25	42	0.6069
25	25	ὥσπερ	as	26	43	0.7264
25	25	οἱ	the	27	44	0.7927
25	25	Κεφαλλήνες	Cephallenians	28	45	0.7469
25	25	φασι	say	29	46	0.8024
25	25	παρ	of	30	53	0.4715
25	25	αὐτῶν	her	31	59	0.4868
25	25	γὰρ	Whereas	32	37	0.6085
25	25	γῆμαι	wife	33	49	0.6037
25	25	λέγουσι	that	34	47	0.6312
25	25	τὸν	the	35	48	0.6189
25	25	Ὀδυσσέα	Ulysses	36	51	0.6487
25	25	καὶ	and	37	57	0.6189
25	25	εἶναι	was	38	62	0.7253
25	25	Ἰκάδιον	Icadius	39	63	0.7568
25	25	ἀλλ	that	40	67	0.4153
25	25	οὐκ	not	41	64	0.758
25	25	Ἰκάριον	Icarius	42	65	0.8231
25	25	δι	to	43	80	0.5535
25	25	ἁμάρτημα	mistake	44	72	0.5751
25	25	δὲ	So	45	66	0.6437
25	25	τὸ	the	46	81	0.6818
25	25	πρόβλημα	Problem	47	82	0.7567
25	25	εἰκός	probably	48	70	0.6656
25	25	ἐστιν	is	49	69	0.7638
25	26	ὅλως	generally	0	1	0.6729
25	26	τὸ	the	2	7	0.485
25	26	ἀδύνατον	Impossible	3	8	0.4601
25	26	πρὸς	to	5	11	0.4368
25	26	τὴν	of	6	14	0.5461
25	26	ποίησιν	poetry	7	15	0.7439
25	26	ἢ	or	8	16	0.7638
25	26	πρὸς	to	9	17	0.6642
25	26	τὸ	the	10	18	0.6698
25	26	βέλτιον	better	11	19	0.7174
25	26	ἢ	or	12	20	0.7248
25	26	πρὸς	to	13	21	0.7005
25	26	δόξαν	opinion	15	22	0.6918
25	26	δεῖ	has	16	3	0.6048
25	26	ἀνάγειν	justify	17	5	0.5155
25	27	πρός	purposes	0	2	0.4663
25	27	γὰρ	For	2	0	0.604
25	27	τὴν	the	3	1	0.5133
25	27	ποίησιν	poetry	4	4	0.6614
25	27	αἱρετώτερον	preferable	5	9	0.6259
25	27	πιθανὸν	is	6	8	0.4556
25	27	ἀδύνατον	impossibility	7	7	0.57
25	27	ἢ	to	8	10	0.4963
25	27	ἀπίθανον	unconvincing	9	12	0.5672
25	27	δυνατόν	possibility	11	13	0.5191
25	28	τοιούτους	men	0	2	0.4317
25	28	εἶναι	be	1	7	0.5067
25	28	οἵους	such	2	3	0.5379
25	28	Ζεύξις	Zeuxis	3	5	0.7167
25	28	ἔγραφεν	depicted	4	6	0.6454
25	28	ἀλλὰ	is	5	14	0.4548
25	28	βέλτιον	better	6	15	0.73
25	28	τὸ	his	7	28	0.5699
25	28	γὰρ	as	8	21	0.5429
25	28	παράδειγμα	model	9	29	0.705
25	28	δεῖ	ought	10	24	0.7502
25	28	ὑπερέχειν	improve	11	26	0.6227
25	29	πρὸς	by	0	8	0.4428
25	29	φασιν	showing	1	9	0.4732
25	29	τἄλογα	Improbable	2	2	0.6533
25	29	τε	either	4	7	0.5134
25	29	καὶ	or	5	17	0.4632
25	29	ὅτι	that	6	20	0.5392
25	29	ποτὲ	times	7	22	0.5153
25	29	οὐκ	not	8	25	0.7694
25	29	ἄλογόν	improbable	9	26	0.7781
25	29	ἐστιν	is	10	24	0.7337
25	29	εἰκὸς	probability	11	31	0.4991
25	29	γὰρ	for	12	27	0.7341
25	29	καὶ	also	13	35	0.7864
25	29	παρὰ	against	14	36	0.6929
25	29	τὸ	things	15	33	0.4289
25	29	εἰκὸς	probability	16	37	0.7409
25	29	γίνεσθαι	happening	17	34	0.6292
25	2	ἐπεὶ	just	0	6	0.4338
25	2	ἐστι	being	2	3	0.7695
25	2	μιμητὴς	imitator	3	5	0.7104
25	2	ὁ	The	4	1	0.7448
25	2	ποιητὴς	poet	5	2	0.7859
25	2	ὡσπερανεὶ	like	6	7	0.7012
25	2	ζωγράφος	painter	7	9	0.7576
25	2	ἤ	or	8	10	0.7944
25	2	ἄλλος	other	10	11	0.7746
25	2	εἰκονοποιός	maker	11	12	0.6476
25	2	ἀνάγκη	must	12	16	0.5762
25	2	μιμεῖσθαι	represent	13	21	0.6416
25	2	τριῶν	three	14	28	0.7439
25	2	ὄντων	of	15	27	0.4601
25	2	ἀριθμὸν	aspects	17	29	0.4484
25	2	ἕν	one	18	24	0.5387
25	2	τι	other	19	26	0.4881
25	2	ἀεί	necessarily	20	17	0.5431
25	2	ἢ	either	21	30	0.7597
25	2	γὰρ	as	22	31	0.5189
25	2	οἷα	they	23	32	0.6186
25	2	ἦν	were	24	33	0.7412
25	2	ἢ	or	25	34	0.7839
25	2	ἔστιν	are	26	35	0.8354
25	2	ἢ	or	27	36	0.7289
25	2	οἵά	as	28	37	0.6222
25	2	φασιν	said	29	40	0.7723
25	2	καὶ	or	30	41	0.6576
25	2	δοκεῖ	thought	31	42	0.7858
25	2	ἢ	or	32	49	0.7631
25	2	οἷα	as	33	50	0.6323
25	2	εἶναι	be	34	54	0.8005
25	2	δεῖ	ought	35	52	0.728
25	30	τὰ	The	0	1	0.6784
25	30	δ	3	1	0	0.4143
25	30	ὑπεναντίως	contradictions	2	2	0.5576
25	30	εἰρημένα	found	3	3	0.5531
25	30	σκοπεῖν	test	5	11	0.7075
25	30	ὥσπερ	as	6	12	0.6338
25	30	οἱ	the	7	5	0.5385
25	30	ἐν	in	8	4	0.6471
25	30	τοῖς	a	9	19	0.6317
25	30	λόγοις	argument	10	21	0.6603
25	30	ἔλεγχοι	does	11	14	0.4991
25	30	εἰ	whether	12	26	0.6887
25	30	τὸ	the	13	29	0.7435
25	30	αὐτὸ	same	14	30	0.7469
25	30	καὶ	means	15	28	0.4776
25	30	πρὸς	in	16	32	0.5354
25	30	τὸ	the	17	33	0.5648
25	30	αὐτὸ	same	18	34	0.5374
25	30	καὶ	and	19	36	0.6183
25	30	ὡσαύτως	same	20	39	0.5681
25	30	ὥστε	before	21	41	0.5138
25	30	καὶ	he	22	27	0.4452
25	30	αὐτὸν	himself	23	52	0.6217
25	30	ἢ	either	24	47	0.59
25	30	πρὸς	has	25	50	0.413
25	30	ἃ	something	26	48	0.5641
25	30	αὐτὸς	he	27	49	0.6767
25	30	λέγει	said	28	51	0.7389
25	30	ἢ	or	29	53	0.7793
25	30	ὃ	what	30	54	0.7247
25	30	ἂν	a	31	55	0.4774
25	30	φρόνιμος	sense	32	59	0.7401
25	30	ὑποθῆται	assumes	33	60	0.6417
25	31	ὀρθὴ	possible	0	4	0.6107
25	31	δ	But	1	0	0.696
25	31	ἐπιτίμησις	apology	2	5	0.6243
25	31	καὶ	or	3	10	0.5293
25	31	ἀλογίᾳ	improbability	4	7	0.5135
25	31	καὶ	and	5	19	0.4374
25	31	μοχθηρίᾳ	depravity	6	11	0.6254
25	31	ὅταν	when	7	14	0.6858
25	31	μὴ	not	8	17	0.7766
25	31	ἀνάγκης	necessary	9	18	0.7567
25	31	οὔσης	are	10	16	0.6934
25	31	μηθὲν	no	11	20	0.7341
25	31	χρήσηται	made	12	23	0.7177
25	31	ἀλόγῳ	use	14	21	0.4143
25	31	ὥσπερ	like	15	26	0.6348
25	31	Εὐριπίδης	of	16	32	0.4792
25	31	τῷ	in	17	34	0.5166
25	31	Αἰγεῖ	Aegeus	18	33	0.5892
25	31	ἢ	and	19	36	0.5796
25	31	τῇ	the	20	27	0.4696
25	31	πονηρίᾳ	improbability	21	28	0.5016
25	31	ὥσπερ	baseness	22	38	0.4646
25	31	ἐν	in	23	41	0.5895
25	31	Ὀρέστῃ	Orestes	24	42	0.6662
25	31	τῇ	the	25	37	0.6218
25	31	τοῦ	of	26	39	0.5831
25	31	Μενελάου	Menelaus	27	40	0.6138
25	32	τὰ	The	0	0	0.8156
25	32	οὖν	then	2	2	0.796
25	32	ἐπιτιμήματα	objections	3	1	0.7885
25	32	ἐκ	with	4	6	0.5589
25	32	πέντε	five	5	9	0.8402
25	32	εἰδῶν	kinds	6	10	0.5839
25	32	φέρουσιν	start	7	5	0.6624
25	32	ἢ	either	8	18	0.6723
25	32	γὰρ	always	9	14	0.4556
25	32	ὡς	1	10	19	0.5273
25	32	ἀδύνατα	impossible	11	20	0.7346
25	32	ἢ	2	12	21	0.5333
25	32	ἄλογα	corrupting	14	24	0.5729
25	32	ἢ	3	15	23	0.4809
25	32	ὡς	4	16	25	0.4715
25	32	βλαβερὰ	improbable	17	22	0.6651
25	32	ἢ	or	18	27	0.7597
25	32	ὡς	against	19	29	0.612
25	32	ὑπεναντία	contradictory	20	26	0.6515
25	32	ἢ	5	21	28	0.4993
25	32	ὀρθότητα	correctness	25	31	0.6119
25	32	κατὰ	under	27	40	0.4116
25	32	τέχνην	technical	28	30	0.5242
25	32	αἱ	The	29	32	0.6395
25	32	δὲ	or	30	42	0.4376
25	32	λύσεις	answers	31	33	0.6842
25	32	ἐκ	of	32	44	0.5863
25	32	τῶν	the	33	45	0.6884
25	32	εἰρημένων	abovementioned	34	46	0.7029
25	32	ἀριθμῶν	heads	35	47	0.6196
25	32	σκεπτέαι	sought	36	39	0.7469
25	32	εἰσὶν	are	37	49	0.642
25	32	δὲ	which	38	48	0.4544
25	32	δώδεκα	twelve	39	50	0.7072
25	3	ταῦτα	this	0	2	0.8175
25	3	δ	All	1	1	0.4341
25	3	ἐξαγγέλλεται	does	2	4	0.5912
25	3	λέξει	language	3	6	0.6459
25	3	ἢ	of	4	13	0.4624
25	3	γλώτταις	words	6	15	0.6444
25	3	καὶ	and	7	16	0.6882
25	3	μεταφοραῖς	metaphors	8	17	0.7765
25	3	καὶ	as	9	18	0.5193
25	3	πολλὰ	various	10	22	0.5886
25	3	πάθη	forms	11	24	0.5724
25	3	τῆς	of	12	25	0.5107
25	3	λέξεώς	words	13	26	0.6339
25	3	ἐστι	be	14	12	0.6678
25	4	δίδομεν	conceded	0	6	0.6927
25	4	γὰρ	since	1	0	0.6008
25	4	ταῦτα	these	2	4	0.6783
25	4	τοῖς	in	3	7	0.4698
25	4	ποιηταῖς	poetry	4	8	0.5646
25	4	δὲ	too	6	15	0.4352
25	4	οὐχ	not	8	19	0.766
25	4	ἡ	the	9	20	0.631
25	4	αὐτὴ	same	10	21	0.6477
25	4	ὀρθότης	correctness	11	24	0.6985
25	4	ἐστὶν	is	12	18	0.7258
25	4	τῆς	in	13	25	0.6115
25	4	πολιτικῆς	poetry	14	26	0.6111
25	4	καὶ	as	15	27	0.6317
25	4	τῆς	in	16	28	0.5445
25	4	ποιητικῆς	politics	17	29	0.6294
25	4	οὐδὲ	or	18	30	0.6526
25	4	ἄλλης	other	19	33	0.7762
25	4	τέχνης	art	20	34	0.7272
25	5	αὐτῆς	itself	0	8	0.5821
25	5	δὲ	however	1	2	0.749
25	5	τῆς	of	2	6	0.7072
25	5	ποιητικῆς	poetry	3	7	0.8147
25	5	διττὴ	two	4	12	0.6017
25	5	ἁμαρτία	error	5	15	0.7093
25	5	ἡ	the	6	16	0.7305
25	5	μὲν	one	7	17	0.7406
25	5	καθ	directly	9	18	0.5507
25	5	ἡ	other	11	20	0.6477
25	5	δὲ	the	12	19	0.6997
25	5	κατὰ	connected	13	23	0.5257
25	5	συμβεβηκός	accidentally	14	22	0.6223
25	6	εἰ	If	0	0	0.867
25	6	μὲν	the	1	1	0.4484
25	6	προείλετο	meant	3	3	0.7912
25	6	μιμήσασθαι	describe	4	5	0.574
25	6	ἀδυναμίαν	power	5	14	0.5851
25	6	αὐτῆς	his	6	17	0.5317
25	6	ἡ	the	7	6	0.5019
25	6	ἁμαρτία	fault	8	22	0.576
25	6	εἰ	if	9	24	0.7214
25	6	δὲ	But	10	23	0.7319
25	6	τῷ	meant	11	30	0.5486
25	6	προελέσθαι	describe	12	32	0.5721
25	6	μὴ	lack	13	12	0.4533
25	6	ὀρθῶς	incorrect	14	36	0.5581
25	6	ἀλλὰ	e.g	15	38	0.4893
25	6	τὸν	the	16	41	0.6977
25	6	ἵππον	horse	17	42	0.7161
25	6	ἄμφω	both	18	46	0.6479
25	6	τὰ	right	19	47	0.4673
25	6	δεξιὰ	legs	20	48	0.6925
25	6	προβεβληκότα	thrown	21	49	0.7347
25	6	ἢ	that	22	51	0.6399
25	6	τὸ	the	23	52	0.6699
25	6	καθ	matter	24	58	0.4575
25	6	ἑκάστην	some	25	63	0.5207
25	6	τέχνην	technical	26	53	0.5085
25	6	ἁμάρτημα	error	27	54	0.6126
25	6	οἷον	say	28	60	0.6065
25	6	τὸ	of	29	59	0.541
25	6	κατ	in	30	56	0.636
25	6	ἰατρικὴν	medicine	31	61	0.7447
25	6	ἢ	or	32	62	0.8364
25	6	ἄλλην	other	33	64	0.8247
25	6	τέχνην	science	34	66	0.7938
25	6	ἢ	or	35	67	0.7501
25	6	ἀδύνατα	impossibilities	36	68	0.6515
25	6	πεποίηται	got	37	76	0.5782
25	6	ὁποῖ	that	38	83	0.6239
25	6	ἂν	may	39	73	0.6302
25	6	οὖν	case	40	84	0.5982
25	6	οὐ	not	41	86	0.7194
25	6	καθ	in	42	87	0.5854
25	6	ἑαυτήν	essentials	43	89	0.5164
25	7	ὥστε	therefore	0	1	0.6572
25	7	δεῖ	must	1	2	0.6147
25	7	τὰ	the	2	4	0.5772
25	7	ἐπιτιμήματα	criticisms	3	13	0.5883
25	7	ἐν	in	4	15	0.5716
25	7	τοῖς	the	5	12	0.5804
25	7	προβλήμασιν	Problems	6	17	0.5654
25	7	τούτων	the	8	16	0.4441
25	7	ἐπισκοποῦντα	involved	9	14	0.4122
25	7	λύειν	premisses	10	5	0.4201
25	7	τὰ	the	13	21	0.4826
25	7	πρὸς	to	14	24	0.526
25	7	αὐτὴν	itself	15	28	0.6525
25	7	τὴν	the	16	25	0.4782
25	7	τέχνην	art	17	27	0.6366
25	7	εἰ	may	18	32	0.4475
25	7	ἀδύνατα	impossibilities	19	30	0.5321
25	7	πεποίηται	there	20	31	0.4764
25	7	ἡμάρτηται	faults	21	40	0.5407
25	8	ἀλλ	But	0	0	0.7295
25	8	ὀρθῶς	justifiable	1	8	0.6858
25	8	ἔχει	are	2	7	0.6287
25	8	εἰ	if	3	9	0.7692
25	8	τυγχάνει	serve	4	11	0.6398
25	8	τοῦ	the	5	12	0.6461
25	8	τέλους	end	6	13	0.6962
25	8	τοῦ	of	7	14	0.5559
25	8	αὐτῆς	poetry	8	15	0.4512
25	8	τὸ	the	9	28	0.4393
25	8	γὰρ	itself—if	10	16	0.5123
25	8	τέλος	end	11	25	0.629
25	8	εἴρηται	they	12	6	0.4874
25	8	εἰ	to	13	17	0.4154
25	8	οὕτως	that	14	24	0.4171
25	8	ἐκπληκτικώτερον	astounding	15	37	0.6056
25	8	ἢ	of	16	30	0.4309
25	8	αὐτὸ	they	17	26	0.453
25	8	ἄλλο	another	19	2	0.4864
25	8	ποιεῖ	make	20	27	0.6638
25	8	μέρος	portion	21	32	0.7054
25	8	παράδειγμα	instance	22	44	0.5526
25	8	ἡ	The	23	38	0.659
25	8	τοῦ	of	24	40	0.6298
25	8	Ἕκτορος	Hector	25	41	0.7735
25	8	δίωξις	Pursuit	26	39	0.6499
25	9	εἰ	If	0	0	0.8639
25	9	μέντοι	however	1	1	0.8443
25	9	τὸ	the	2	2	0.7273
25	9	τέλος	end	3	4	0.8015
25	9	ἢ	as	4	8	0.6005
25	9	μᾶλλον	well	5	9	0.5767
25	9	ἢ	or	6	10	0.6959
25	9	μὴ	without	7	13	0.5178
25	9	ἧττον	better	8	11	0.6144
25	9	ἐνεδέχετο	might	9	5	0.5399
25	9	ὑπάρχειν	attained	10	12	0.4585
25	9	κατὰ	of	12	15	0.4303
25	9	τὴν	correctness	13	17	0.455
25	9	περὶ	in	14	18	0.5685
25	9	τούτων	such	15	19	0.7042
25	9	τέχνην	technical	16	16	0.4284
25	9	ἡμαρτῆσθαι	impossibility	17	22	0.5336
25	9	οὐκ	not	18	24	0.8104
25	9	ὀρθῶς	justified	19	27	0.6509
25	9	δεῖ	is	20	23	0.5962
25	9	γὰρ	since	21	28	0.6099
25	9	εἰ	if	22	33	0.731
25	9	ἐνδέχεται	can	23	35	0.7093
25	9	ὅλως	entirely	24	36	0.7114
25	9	μηδαμῇ	from	25	38	0.5168
25	9	ἡμαρτῆσθαι	error	26	39	0.6482
26	10	καὶ	even	0	0	0.7033
26	10	τῷ	the	2	1	0.6378
26	10	μέτρῳ	metre	3	3	0.6204
26	10	ἔξεστι	being	4	4	0.5386
26	10	χρῆσθαι	admissible	5	5	0.5322
26	10	καὶ	together	6	6	0.5036
26	10	ἔτι	with	7	7	0.4194
26	10	οὐ	not	8	9	0.7368
26	10	μικρὸν	inconsiderable	9	10	0.5624
26	10	μέρος	factor	10	21	0.4697
26	10	τὴν	the	11	16	0.6597
26	10	μουσικὴν	Music	12	17	0.6155
26	10	καὶ	and	13	28	0.5275
26	10	τὰς	the	14	13	0.4628
26	10	ὄψεις	shape	15	14	0.4398
26	10	αἱ	the	18	23	0.4991
26	10	ἡδοναὶ	pleasure	19	24	0.5075
26	10	συνίστανται	in	20	22	0.4208
26	10	ἐναργέστατα	real	21	20	0.4718
26	11	τὸ	its	2	2	0.496
26	11	ἐναργὲς	reality	3	3	0.572
26	11	ἔχει	is	4	6	0.5045
26	11	καὶ	as	5	11	0.4433
26	11	ἐν	in	6	8	0.6289
26	11	τῇ	the	7	9	0.6699
26	11	ἀναγνώσει	read	8	12	0.6044
26	11	καὶ	as	9	15	0.6695
26	11	ἐπὶ	in	10	16	0.6083
26	11	τῶν	the	11	17	0.6694
26	11	ἔργων	play	12	18	0.6135
26	12	ἔτι	3	0	0	0.4297
26	12	τὸ	That	1	1	0.475
26	12	ἐν	tragic	2	3	0.4519
26	12	ἐλάττονι	less	3	6	0.6963
26	12	μήκει	space	4	7	0.623
26	12	τὸ	the	5	9	0.5161
26	12	τέλος	end	6	13	0.6172
26	12	τῆς	the	7	2	0.6221
26	12	μιμήσεως	imitation	8	4	0.66
26	12	εἶναι	is	9	18	0.6158
26	12	τὸ	the	10	14	0.5993
26	12	γὰρ	more	11	19	0.4235
26	12	ἀθροώτερον	concentrated	12	16	0.6164
26	12	ἥδιον	one	13	22	0.4806
26	12	ἢ	than	14	21	0.5621
26	12	πολλῷ	large	15	25	0.6486
26	12	κεκραμένον	admixture	16	26	0.5576
26	12	τῷ	of	17	27	0.5204
26	12	χρόνῳ	time	18	28	0.6982
26	12	λέγω	dilute	19	30	0.4142
26	12	δ	it—consider	20	31	0.5688
26	12	οἷον	instance	21	37	0.5044
26	12	τὸν	the	24	32	0.6901
26	12	Οἰδίπουν	Oedipus	25	33	0.697
26	12	θείη	of	26	41	0.4128
26	12	τὸν	of	27	34	0.4646
26	12	Σοφοκλέους	Sophocles	28	35	0.6919
26	12	ἐν	into	29	44	0.5485
26	12	ἔπεσιν	expanding	30	42	0.5259
26	12	ὅσοις	number	31	46	0.5248
26	12	ἡ	the	32	50	0.654
26	12	Ἰλιάς	Iliad	33	51	0.7168
26	13	ἔτι	That	0	1	0.5219
26	13	ἧττον	less	1	4	0.6878
26	13	μία	unity	2	5	0.5746
26	13	ἡ	in	3	6	0.6571
26	13	μίμησις	imitation	4	8	0.6989
26	13	ἡ	the	5	7	0.711
26	13	τῶν	the	6	10	0.7671
26	13	ἐποποιῶν	poets	7	12	0.754
26	13	σημεῖον	result	8	31	0.536
26	13	δέ	as	9	13	0.5113
26	13	ἐκ	by	10	16	0.5955
26	13	γὰρ	fact	11	18	0.6092
26	13	ὁποιασοῦν	any	12	20	0.6167
26	13	μιμήσεως	for	13	27	0.4598
26	13	πλείους	several	14	28	0.6624
26	13	τραγῳδίαι	tragedies	15	29	0.6851
26	13	γίνονται	supplies	16	25	0.5905
26	13	ὥστε	that	17	33	0.5763
26	13	ἐὰν	if	18	34	0.7611
26	13	μὲν	really	19	39	0.5641
26	13	ἕνα	single	20	41	0.6791
26	13	μύθον	story	21	42	0.6947
26	13	ποιῶσιν	they	22	35	0.7417
26	13	ἢ	when	23	46	0.5463
26	13	βραχέως	briefly	24	47	0.7513
26	13	δεικνύμενον	told	25	48	0.6652
26	13	μείουρον	curt	26	45	0.723
26	13	φαίνεσθαι	seems	27	44	0.7254
26	13	ἢ	and	28	49	0.5678
26	13	ἀκολουθοῦντα	when	29	53	0.5485
26	13	τῷ	the	30	55	0.6082
26	13	τοῦ	an	31	71	0.4963
26	13	μέτρου	of	32	57	0.5217
26	13	μήκει	length	33	58	0.6394
26	13	ὑδαρῆ	waterish	34	52	0.6086
26	13	λέγω	I	35	73	0.5725
26	13	δὲ	In	36	63	0.5153
26	13	οἷον	mean	37	74	0.5016
26	13	ἐὰν	up	38	78	0.4966
26	13	ἐκ	of	39	79	0.6624
26	13	πλειόνων	plurality	40	81	0.6089
26	13	πράξεων	actions	41	83	0.7219
26	13	συγκειμένη	made	42	77	0.6565
26	14	ὥσπερ	as	0	4	0.7532
26	14	ἡ	the	1	5	0.7242
26	14	Ἰλιὰς	Iliad	2	6	0.6351
26	14	ἔχει	have	3	9	0.7728
26	14	πολλὰ	many	4	10	0.8039
26	14	τοιαῦτα	such	5	11	0.7895
26	14	μέρη	parts	6	12	0.838
26	14	καὶ	one	7	14	0.4132
26	14	Ὀδύσσεια	Odyssey	9	8	0.4873
26	14	καὶ	of	10	15	0.4715
26	14	καθ	in	11	17	0.676
26	14	ἑαυτὰ	itself	12	18	0.6983
26	14	ἔχει	of	13	19	0.5026
26	14	μέγεθος	magnitude	14	21	0.7673
26	14	καίτοι	yet	15	22	0.6872
26	14	ταῦτα	the	16	23	0.4883
26	14	τὰ	the	17	26	0.6031
26	14	ποιήματα	poems	18	29	0.7014
26	14	συνέστηκεν	is	19	30	0.6653
26	14	ὡς	as	20	33	0.6289
26	14	ἐνδέχεται	can	21	34	0.635
26	14	ἄριστα	perfect	22	32	0.6001
26	14	καὶ	and	23	36	0.6839
26	14	ὅτι	them	24	40	0.53
26	14	μάλιστα	nearly	25	43	0.5862
26	14	μιᾶς	possible	26	45	0.5106
26	14	πράξεως	action	27	38	0.6171
26	14	μίμησις	is	28	41	0.5384
26	15	εἰ	If	0	0	0.8438
26	15	οὖν	then	1	1	0.8158
26	15	τούτοις	these	2	6	0.7605
26	15	τε	respects	3	7	0.5446
26	15	διαφέρει	superior	4	4	0.6652
26	15	πᾶσιν	in	5	5	0.4725
26	15	καὶ	and	6	8	0.7532
26	15	ἔτι	also	7	9	0.5756
26	15	τῷ	its	8	13	0.6665
26	15	τῆς	of	9	20	0.5231
26	15	τέχνης	poetic	10	14	0.6626
26	15	ἔργῳ	effect	11	15	0.6921
26	15	δεῖ	should	12	22	0.5328
26	15	γὰρ	since	13	16	0.6111
26	15	οὐ	not	14	25	0.6739
26	15	τὴν	any	15	26	0.4642
26	15	τυχοῦσαν	every	16	28	0.4131
26	15	ἡδονὴν	pleasure	17	29	0.6004
26	15	ποιεῖν	give	18	23	0.6364
26	15	αὐτὰς	us	19	24	0.5142
26	15	ἀλλὰ	but	20	30	0.716
26	15	τὴν	the	21	31	0.5829
26	15	εἰρημένην	mentioned	22	37	0.5946
26	15	φανερὸν	clear	23	40	0.7504
26	15	ὅτι	that	24	41	0.7268
26	15	κρείττων	better	25	47	0.7311
26	15	ἂν	will	26	52	0.7381
26	15	εἴη	be	27	53	0.7545
26	15	μᾶλλον	higher	28	55	0.617
26	15	τοῦ	the	29	54	0.5674
26	15	τέλους	form	30	56	0.527
26	15	τυγχάνουσα	attaining	31	43	0.5149
26	15	τῆς	of	32	57	0.6188
26	15	ἐποποιίας	art	33	58	0.6841
26	16	περὶ	for	0	2	0.6166
26	16	μὲν	much	1	1	0.5711
26	16	οὖν	So	2	0	0.5788
26	16	τραγῳδίας	Tragedy	3	3	0.6635
26	16	καὶ	and	4	4	0.5648
26	16	ἐποποιίας	poetry—for	5	6	0.6137
26	16	καὶ	general	6	11	0.4374
26	16	αὐτῶν	these	7	7	0.5679
26	16	καὶ	and	8	12	0.6582
26	16	τῶν	the	9	15	0.4812
26	16	εἰδῶν	species	10	14	0.4954
26	16	τῶν	their	12	13	0.5349
26	16	μερῶν	parts	13	22	0.5432
26	16	πόσα	number	15	16	0.6154
26	16	καὶ	and	16	17	0.5783
26	16	τί	the	17	23	0.4412
26	16	διαφέρει	success	18	26	0.5
26	16	καὶ	of	19	19	0.4589
26	16	εὖ	of	21	25	0.4678
26	16	αἰτίαι	causes	25	24	0.5975
26	16	καὶ	and	26	36	0.4754
26	16	περὶ	of	27	33	0.4199
26	16	ἐπιτιμήσεων	critics	28	35	0.6359
26	16	καὶ	and	29	27	0.6987
26	16	λύσεων	failure	30	28	0.6437
26	16	εἰρήσθω	in	31	39	0.4135
26	16	τοσαῦτα	them	32	42	0.4029
26	1	Πότερον	whether	0	5	0.4444
26	1	δὲ	The	1	0	0.4064
26	1	βελτίων	higher	2	13	0.549
26	1	ἡ	the	3	6	0.5711
26	1	ἐποποιικὴ	epic	4	7	0.6281
26	1	μίμησις	imitation	5	16	0.5322
26	1	ἢ	or	6	8	0.6739
26	1	ἡ	the	7	9	0.7298
26	1	τραγική	tragic	8	10	0.7023
26	1	διαπορήσειεν	raised	9	4	0.6219
26	1	ἄν	may	10	2	0.633
26	2	εἰ	if	0	5	0.8048
26	2	ἡ	the	2	6	0.6492
26	2	ἧττον	less	3	7	0.6038
26	2	φορτικὴ	vulgar	4	8	0.6411
26	2	βελτίων	higher	5	11	0.5879
26	2	τοιαύτη	the	6	10	0.4605
26	2	δ	and	7	12	0.5994
26	2	ἡ	that	8	18	0.5406
26	2	πρὸς	addresses	9	20	0.4031
26	2	βελτίους	better	10	22	0.6197
26	2	θεατάς	public	11	23	0.5268
26	2	ἐστιν	is	12	16	0.7213
26	2	ἀεί	always	13	17	0.7746
26	2	λίαν	very	14	34	0.4783
26	2	δῆλον	argued	15	3	0.5758
26	2	ὅτι	that	16	4	0.5866
26	2	ἡ	one	17	30	0.4648
26	2	πρὸς	and	18	28	0.4818
26	2	ἅπαντα	every	19	29	0.5791
26	2	μιμουμένη	addressing	20	26	0.5108
26	2	φορτική	vulgar	21	35	0.5737
26	3	ὡς	that	0	4	0.5461
26	3	γὰρ	for	1	25	0.4482
26	3	οὐκ	cannot	2	7	0.6611
26	3	αἰσθανομένων	see	3	8	0.6173
26	3	ἂν	unless	4	11	0.6137
26	3	μὴ	they	5	12	0.4835
26	3	αὐτὸς	themselves	6	15	0.6402
26	3	προσθῇ	add	7	13	0.684
26	3	πολλὴν	perpetual	8	19	0.5423
26	3	κίνησιν	movements	9	20	0.638
26	3	κινοῦνται	the	10	18	0.4879
26	3	οἷον	instance	11	26	0.6834
26	3	οἱ	the	12	22	0.4496
26	3	φαῦλοι	performers—bad	13	23	0.4764
26	3	αὐληταὶ	flute-players	14	24	0.6829
26	3	κυλιόμενοι	rolling	15	27	0.6528
26	3	ἂν	if	16	29	0.6063
26	3	δίσκον	conductor	17	39	0.6189
26	3	δέῃ	is	18	31	0.528
26	3	μιμεῖσθαι	represented	19	34	0.5875
26	3	καὶ	and	20	35	0.7192
26	3	ἕλκοντες	pulling	21	36	0.5679
26	3	τὸν	the	22	38	0.5323
26	3	κορυφαῖον	quoit-throwing	23	30	0.4505
26	3	ἂν	if	24	40	0.5827
26	3	Σκύλλαν	Scylla	25	41	0.7462
26	3	αὐλῶσιν	piece	26	47	0.4869
26	4	ἡ	an	0	6	0.5115
26	4	μὲν	fact	1	13	0.4013
26	4	οὖν	then	2	1	0.7395
26	4	τραγῳδία	Tragedy	3	0	0.6749
26	4	τοιαύτη	order—to	4	10	0.5253
26	4	ἐστίν	be	5	5	0.7253
26	4	ὡς	just	6	14	0.5601
26	4	καὶ	what	7	15	0.4164
26	4	οἱ	the	8	16	0.7235
26	4	πρότερον	later	9	17	0.7426
26	4	τοὺς	actors	10	18	0.5176
26	4	ὑστέρους	predecessors	11	25	0.6245
26	4	αὐτῶν	their	12	24	0.6544
26	4	ᾤοντο	were	13	19	0.5628
26	4	ὑποκριτάς	of	14	23	0.5811
26	4	ὡς	to	15	29	0.4071
26	4	λίαν	so	16	38	0.5867
26	4	γὰρ	because	17	34	0.5306
26	4	ὑπερβάλλοντα	overacted	18	39	0.6671
26	4	πίθηκον	used	19	28	0.5861
26	4	ὁ	for	20	26	0.4772
26	4	Μυννίσκος	Mynniscus	21	27	0.6569
26	4	τὸν	the	22	32	0.4764
26	4	Καλλιππίδην	Callippides	23	31	0.6708
26	4	ἐκάλει	thought	24	36	0.5689
26	4	τοιαύτη	similar	25	44	0.6845
26	4	δὲ	and	26	42	0.6657
26	4	δόξα	view	27	45	0.7067
26	4	καὶ	also	28	50	0.6814
26	4	περὶ	of	29	48	0.651
26	4	Πινδάρου	Pindarus	30	49	0.8251
26	4	ἦν	was	31	46	0.6285
26	4	ὡς	however	32	53	0.5479
26	4	οὗτοι	Tragedy	34	52	0.4473
26	4	ἔχουσι	to	35	56	0.5106
26	4	πρὸς	to	36	58	0.616
26	4	αὐτούς	Epic	37	60	0.5457
26	4	ἡ	the	38	62	0.5781
26	4	ὅλη	All	39	51	0.5581
26	4	τέχνη	school	40	67	0.5117
26	4	πρὸς	to	41	64	0.5699
26	4	τὴν	the	42	65	0.6387
26	4	ἐποποιίαν	actors	43	69	0.6079
26	4	ἔχει	stand	44	57	0.5603
26	5	τὴν	The	0	0	0.6707
26	5	μὲν	one	1	1	0.5807
26	5	οὖν	accordingly	2	2	0.6828
26	5	πρὸς	to	3	5	0.4054
26	5	θεατὰς	audience	4	9	0.4749
26	5	ἐπιεικεῖς	cultivated	5	8	0.6449
26	5	φασιν	said	6	4	0.7484
26	5	εἶναι	address	7	6	0.405
26	5	οἳ	which	8	10	0.6289
26	5	οὐδὲν	not	9	12	0.6481
26	5	δέονται	need	10	13	0.7348
26	5	τῶν	the	11	14	0.5986
26	5	σχημάτων	gesture	12	17	0.6793
26	5	τὴν	other	13	19	0.4534
26	5	δὲ	the	14	18	0.5488
26	5	τραγικὴν	Tragedy	15	25	0.4629
26	5	πρὸς	an	16	20	0.4888
26	5	φαύλους	uncultivated	17	21	0.5035
26	5	εἰ	If	18	23	0.6752
26	5	οὖν	therefore	19	24	0.711
26	5	φορτική	vulgar	20	28	0.6277
26	5	χείρων	art	21	29	0.4734
26	5	δῆλον	clearly	22	32	0.5772
26	5	ὅτι	it	23	30	0.456
26	5	ἂν	must	24	31	0.6367
26	5	εἴη	be	25	33	0.6826
26	6	πρῶτον	first	0	8	0.6687
26	6	μὲν	place	1	9	0.4634
26	6	οὐ	not	2	18	0.7315
26	6	τῆς	the	3	23	0.6484
26	6	ποιητικῆς	dramatic	4	24	0.6773
26	6	ἡ	the	5	15	0.5924
26	6	κατηγορία	censure	6	16	0.5946
26	6	ἀλλὰ	but	7	26	0.7192
26	6	τῆς	of	8	29	0.6172
26	6	ὑποκριτικῆς	interpreter	9	31	0.7214
26	6	ἐπεὶ	for	10	32	0.5699
26	6	ἔστι	is	11	34	0.5843
26	6	περιεργάζεσθαι	gesturing	12	40	0.5958
26	6	τοῖς	the	13	20	0.4578
26	6	σημείοις	art	14	21	0.4711
26	6	καὶ	even	15	41	0.4891
26	6	ῥαψῳδοῦντα	contest	16	53	0.5788
26	6	ὅπερ	as	17	46	0.7544
26	6	Σωσίστρατος	Sosistratus	18	48	0.824
26	6	καὶ	and	19	49	0.7597
26	6	διάδοντα	singing	20	52	0.6069
26	6	ὅπερ	as	21	54	0.7079
26	6	ἐποίει	did	22	55	0.7054
26	6	Μνασίθεος	Mnasitheus	23	56	0.7837
26	6	ὁ	of	24	57	0.5364
26	6	Ὀπούντιος	Opus	25	58	0.6595
26	7	εἶτα	That	0	1	0.4952
26	7	οὐδὲ	not	1	4	0.746
26	7	κίνησις	movement	2	7	0.7294
26	7	ἅπασα	all	3	6	0.7303
26	7	ἀποδοκιμαστέα	condemn	4	5	0.6838
26	7	εἴπερ	unless	5	8	0.6611
26	7	μηδ	one	6	9	0.4942
26	7	ὄρχησις	dance	7	15	0.5579
26	7	ἀλλ	but	8	16	0.7027
26	7	ἡ	that	9	18	0.5283
26	7	φαύλων	ignoble	10	20	0.6553
26	7	ὅπερ	people—which	11	21	0.6303
26	7	καὶ	on	12	29	0.4598
26	7	Καλλιππίδῃ	Callippides	13	30	0.778
26	7	ἐπετιμᾶτο	passed	14	28	0.5589
26	7	καὶ	and	15	31	0.7717
26	7	νῦν	present	16	34	0.7185
26	7	ἄλλοις	others	17	37	0.8538
26	7	ὡς	that	18	38	0.6193
26	7	οὐκ	not	19	42	0.8129
26	7	ἐλευθέρας	gentlewomen	20	44	0.6483
26	7	γυναῖκας	women	21	40	0.6595
26	7	μιμουμένων	criticism	22	27	0.4435
26	8	ἔτι	That	0	1	0.4573
26	8	ἡ	its	1	5	0.4376
26	8	τραγῳδία	Tragedy	2	2	0.7288
26	8	καὶ	even	3	7	0.6602
26	8	ἄνευ	without	4	8	0.6492
26	8	κινήσεως	action	5	11	0.7379
26	8	ποιεῖ	produce	6	4	0.7627
26	8	τὸ	the	7	14	0.5306
26	8	αὐτῆς	same	8	15	0.5302
26	8	ὥσπερ	as	9	17	0.7143
26	8	ἡ	Epic	10	18	0.5621
26	8	ἐποποιία	poetry	11	19	0.7032
26	8	διὰ	from	12	21	0.5961
26	8	γὰρ	for	13	20	0.6028
26	8	τοῦ	the	14	22	0.6982
26	8	ἀναγινώσκειν	reading	15	24	0.6458
26	8	φανερὰ	seen	16	32	0.6195
26	8	ὁποία	quality	17	29	0.443
26	8	τίς	its	18	28	0.4286
26	8	ἐστιν	it	19	36	0.4324
26	8	εἰ	if	20	35	0.6777
26	8	οὖν	So	21	33	0.5127
26	8	ἐστι	be	22	37	0.6527
26	8	τὰ	all	23	40	0.4936
26	8	γ	respects	24	42	0.466
26	8	ἄλλα	other	25	41	0.6905
26	8	κρείττων	superior	26	38	0.747
26	8	τοῦτό	this	27	43	0.6263
26	8	γε	element	28	44	0.4304
26	8	οὐκ	no	29	48	0.7715
26	8	ἀναγκαῖον	necessary	30	49	0.8053
26	8	αὐτῇ	it	31	52	0.6962
26	8	ὑπάρχειν	is	32	47	0.6806
26	9	ἔπειτα	In	0	0	0.5039
26	9	διότι	that	1	8	0.45
26	9	πάντ	everything	2	11	0.5823
26	9	ἔχει	has	3	10	0.6231
26	9	ὅσαπερ	that	4	12	0.5707
26	9	ἡ	the	5	13	0.504
26	9	ἐποποιία	Epic	6	14	0.4558
3	1	δὲ	A	1	0	0.418
3	1	τούτων	these	2	4	0.7435
3	1	τρίτη	third	3	1	0.7953
3	1	διαφορὰ	difference	4	2	0.7249
3	1	τὸ	the	5	8	0.5264
3	1	ὡς	kind	6	13	0.4971
3	1	ἕκαστα	each	7	12	0.6607
3	1	τούτων	object	8	15	0.443
3	1	μιμήσαιτο	represented	9	17	0.6443
3	1	ἄν	is	10	16	0.4316
3	2	καὶ	both	0	1	0.6011
3	2	γὰρ	Given	1	0	0.4375
3	2	τοῖς	the	3	2	0.5015
3	2	αὐτοῖς	same	4	3	0.6157
3	2	καὶ	and	5	5	0.6303
3	2	τὰ	the	6	6	0.5654
3	2	αὐτὰ	same	7	7	0.6153
3	2	μιμεῖσθαι	imitation	8	12	0.599
3	2	ἔστιν	may	9	14	0.5114
3	2	ὁτὲ	one	10	19	0.599
3	2	μὲν	either	11	15	0.6595
3	2	ἀπαγγέλλοντα	narrative	12	22	0.5803
3	2	ἢ	and	13	23	0.5673
3	2	ἕτερόν	another	14	25	0.5525
3	2	τι	an	15	27	0.5071
3	2	γιγνόμενον	assumed	16	28	0.4692
3	2	ὥσπερ	as	17	30	0.6944
3	2	Ὅμηρος	Homer	18	31	0.681
3	2	ποιεῖ	does	19	32	0.6724
3	2	ἢ	or	20	33	0.6219
3	2	ὡς	may	21	36	0.4217
3	2	τὸν	the	22	38	0.6004
3	2	αὐτὸν	same	23	39	0.6172
3	2	καὶ	any	24	42	0.4702
3	2	μὴ	without	25	41	0.6864
3	2	μεταβάλλοντα	change	26	44	0.6858
3	2	ἢ	or	27	45	0.6687
3	2	πάντα	whole	28	52	0.5955
3	2	ὡς	as	29	55	0.5162
3	2	πράττοντας	they	30	57	0.463
3	2	καὶ	actually	31	59	0.4522
3	2	ἐνεργοῦντας	doing	32	60	0.6777
3	2	τοὺς	the	33	47	0.536
3	2	μιμουμένους	described	34	63	0.5934
3	3	ἐν	under	0	16	0.4736
3	3	τρισὶ	three	1	17	0.7151
3	3	δὴ	therefore	2	6	0.6164
3	3	ταύταις	these	3	13	0.6641
3	3	διαφοραῖς	differences	4	8	0.6123
3	3	ἡ	the	5	7	0.5382
3	3	μίμησίς	imitation	6	11	0.5815
3	3	ἐστιν	come	7	15	0.5254
3	3	ὡς	As	8	0	0.6743
3	3	εἴπομεν	said	9	2	0.7255
3	3	κατ	at	10	3	0.5769
3	3	ἀρχάς	beginning	11	5	0.6647
3	3	οἷς	their	13	21	0.4731
3	3	ἃ	objects	16	22	0.5819
3	3	καὶ	and	17	23	0.6931
3	3	ὥς	manner	18	25	0.6704
3	4	ὥστε	So	0	0	0.7964
3	4	τῇ	one	1	9	0.5972
3	4	μὲν	on	2	8	0.5227
3	4	ὁ	an	3	3	0.5091
3	4	αὐτὸς	as	4	2	0.4179
3	4	ἂν	will	5	6	0.7047
3	4	εἴη	be	6	7	0.715
3	4	μιμητὴς	akin	7	11	0.709
3	4	Ὁμήρῳ	Homer	8	13	0.633
3	4	Σοφοκλῆς	Sophocles	9	5	0.6818
3	4	μιμοῦνται	portraying	10	15	0.5981
3	4	γὰρ	both	11	14	0.5306
3	4	ἄμφω	both	12	24	0.5088
3	4	σπουδαίους	men	13	17	0.6622
3	4	τῇ	another	14	20	0.5372
3	4	δὲ	and	15	18	0.6649
3	4	Ἀριστοφάνει	Aristophanes	16	22	0.7339
3	4	πράττοντας	acting	17	29	0.5753
3	4	γὰρ	since	18	23	0.5335
3	4	μιμοῦνται	personages	19	27	0.4923
3	4	καὶ	and	20	30	0.657
3	4	δρῶντας	doing	21	31	0.6738
3	4	ὅθεν	fact	23	34	0.5484
3	4	καὶ	in	24	33	0.5908
3	4	δράματα	dramas	25	45	0.6714
3	4	καλεῖσθαί	termed	26	44	0.7256
3	4	τινες	some	27	37	0.7046
3	4	αὐτά	This	28	32	0.5485
3	4	φασιν	is	29	38	0.4997
3	4	ὅτι	because	30	46	0.5942
3	4	μιμοῦνται	story	31	54	0.5224
3	4	δρῶντας	play	32	49	0.5679
3	5	διὸ	Hence	0	0	0.8069
3	5	καὶ	too	1	1	0.703
3	5	ἀντιποιοῦνται	claimed	2	7	0.7047
3	5	τε	both	4	2	0.6442
3	5	τραγῳδίας	Tragedy	5	3	0.6874
3	5	καὶ	and	6	4	0.6681
3	5	κωμῳδίας	Comedy	8	5	0.6769
3	5	οἱ	the	9	9	0.6339
3	5	Δωριεῖς	Dorians	10	10	0.6494
3	5	τῆς	their	11	12	0.4482
3	5	γὰρ	as	13	11	0.4492
3	5	κωμῳδίας	Comedy	14	14	0.5788
3	5	οἱ	the	15	16	0.7046
3	5	Μεγαρεῖς	Megarians-by	16	17	0.7075
3	5	οἵ	those	17	18	0.6573
3	5	ἐνταῦθα	arisen	19	23	0.4118
3	5	ὡς	as	20	21	0.6277
3	5	ἐπὶ	of	21	42	0.527
3	5	τῆς	a	22	27	0.5361
3	5	παρ	country	23	44	0.5165
3	5	αὐτοῖς	their	24	43	0.5695
3	5	δημοκρατίας	democracy	25	28	0.7655
3	5	γενομένης	became	26	26	0.6525
3	5	καὶ	and	27	29	0.7726
3	5	οἱ	the	28	31	0.5577
3	5	ἐκ	in	29	19	0.5339
3	5	Σικελίας	Sicilian	30	32	0.6344
3	5	ἐκεῖθεν	on	31	34	0.453
3	5	γὰρ	the	32	35	0.5527
3	5	ἦν	was	33	41	0.6443
3	5	Ἐπίχαρμος	Epicharmus	34	40	0.7366
3	5	ὁ	the	35	38	0.6691
3	5	ποιητὴς	poet	36	39	0.7207
3	5	πολλῷ	deal	37	48	0.6142
3	5	πρότερος	earlier	38	49	0.6428
3	5	ὢν	than	39	50	0.47
3	5	Χιωνίδου	Chionides	40	51	0.7577
3	5	καὶ	and	41	52	0.7431
3	5	Μάγνητος	Magnes	42	53	0.7256
3	5	καὶ	also	43	56	0.5786
3	5	τραγῳδίας	Tragedy	45	55	0.5641
3	5	ἔνιοι	certain	46	60	0.6777
3	5	τῶν	the	47	62	0.6158
3	5	ἐν	of	48	61	0.4844
3	5	Πελοποννήσῳ	Peloponnesian	49	63	0.8017
3	5	ποιούμενοι	claimed	50	58	0.5523
3	6	αὐτοὶ	they	0	5	0.6495
3	6	γὰρ	In	2	0	0.4526
3	6	κώμας	comedy	3	10	0.5727
3	6	τὰς	the	4	8	0.5228
3	6	περιοικίδας	outlying	5	17	0.6399
3	6	καλεῖν	call	6	25	0.5782
3	6	φασιν	say	7	20	0.7022
3	6	Ἀθηναίους	Athenians	8	24	0.5567
3	6	δήμους	δήμοι—thus	10	27	0.5507
3	6	ὡς	whereas	11	23	0.5565
3	6	κωμῳδοὺς	κῶμαι	12	22	0.7138
3	6	οὐκ	not	13	34	0.8006
3	6	ἀπὸ	from	14	35	0.7125
3	6	τοῦ	their	15	36	0.6298
3	6	κωμάζειν	κωμάζειν	16	37	0.77
3	6	λεχθέντας	got	17	31	0.5473
3	6	ἀλλὰ	but	18	40	0.8321
3	6	τῇ	from	19	41	0.6602
3	6	κατὰ	from	20	44	0.5883
3	6	κώμας	hamlet	21	45	0.6514
3	6	πλάνῃ	strolling	22	43	0.7127
3	6	ἀτιμαζομένους	appreciation	23	50	0.5918
3	6	ἐκ	of	24	54	0.5767
3	6	τοῦ	the	25	55	0.6966
3	6	ἄστεως	city	26	56	0.6299
3	6	καὶ	word	27	58	0.4746
3	6	τὸ	Their	28	57	0.5612
3	6	ποιεῖν	act	29	62	0.697
3	6	αὐτοὶ	they	30	63	0.5964
3	6	μὲν	also	31	59	0.5337
3	6	δρᾶν	δρᾶν	32	66	0.7715
3	6	Ἀθηναίους	Athenians	33	68	0.726
3	6	δὲ	whereas	34	67	0.5615
3	6	πράττειν	πράττειν	35	70	0.796
3	6	προσαγορεύειν	say	36	64	0.6628
3	7	περὶ	to	0	4	0.5149
3	7	μὲν	much	1	1	0.5016
3	7	οὖν	then	2	2	0.7114
3	7	τῶν	the	3	10	0.5821
3	7	διαφορῶν	difference	4	13	0.5246
3	7	πόσαι	number	6	6	0.5276
3	7	καὶ	and	7	7	0.4925
3	7	τίνες	nature	8	8	0.466
3	7	τῆς	the	9	15	0.545
3	7	μιμήσεως	imitation	10	16	0.5545
3	7	ταῦτα	these	12	18	0.5438
4	10	ἀπὸ	from	0	5	0.725
4	10	δὲ	however	1	1	0.6611
4	10	Ὁμήρου	Homer	2	6	0.6636
4	10	ἀρξαμένοις	downwards	3	7	0.5918
4	10	ἔστιν	may	4	2	0.5354
4	10	οἷον	e.g	5	8	0.6582
4	10	ἐκείνου	his	6	9	0.5829
4	10	Μαργίτης	Margites	8	10	0.5897
4	10	καὶ	and	9	11	0.6945
4	10	τὰ	the	10	12	0.5851
4	10	τοιαῦτα	similar	11	13	0.6442
4	10	ἐν	In	12	17	0.4868
4	10	κατὰ	of	14	20	0.4357
4	10	τὸ	its	15	22	0.4104
4	10	ἁρμόττον	invective	16	21	0.5637
4	10	τὸ	an	18	26	0.5691
4	10	ἰαμβεῖον	iambic	19	27	0.6366
4	10	ἦλθε	brought	20	25	0.6832
4	10	μέτρον—διὸ	hence	21	31	0.5622
4	10	καὶ	term	22	34	0.4073
4	10	ἰαμβεῖον	iambic	23	35	0.685
4	10	καιλεῖται	use	24	30	0.5207
4	10	νῦν	present	25	33	0.6405
4	10	ὅτι	because	26	36	0.5841
4	10	τῷ	the	28	39	0.5003
4	10	μέτρῳ	metre	29	40	0.5457
4	10	τούτῳ	another	30	48	0.4479
4	10	ἰάμβιζον	iambs	31	43	0.56
4	10	ἀλλήλους	one	32	47	0.7033
4	11	καὶ	The	0	0	0.4673
4	11	ἐγένοντο	became	1	7	0.6851
4	11	τῶν	the	2	4	0.4852
4	11	παλαιῶν	old	3	5	0.7366
4	11	οἱ	some	4	8	0.6969
4	11	ἡρωικῶν	heroic	6	13	0.767
4	11	οἱ	others	7	15	0.7413
4	11	δὲ	and	8	14	0.769
4	11	ἰάμβων	iambic	9	17	0.7299
4	11	ποιηταί	poets	10	6	0.6518
4	12	ὥσπερ	as	0	6	0.6184
4	12	δὲ	however	1	2	0.6569
4	12	τὰ	the	3	10	0.5541
4	12	σπουδαῖα	peculiar	4	4	0.5241
4	12	μάλιστα	style	5	12	0.4794
4	12	ποιητὴς	poet	6	14	0.709
4	12	Ὅμηρος	Homer's	7	0	0.605
4	12	ἦν	was	8	8	0.6493
4	12	μόνος	alone	9	18	0.7307
4	12	γὰρ	just	10	5	0.5194
4	12	οὐχ	not	11	19	0.7316
4	12	ὅτι	only	12	20	0.5942
4	12	εὖ	serious	13	11	0.6068
4	12	ἀλλὰ	but	14	25	0.6815
4	12	καὶ	also	15	26	0.6271
4	12	μιμήσεις	imitations	16	33	0.6174
4	12	δραματικὰς	dramatic	17	29	0.6513
4	12	ἐποίησεν	he	18	36	0.511
4	12	οὕτως	so	19	34	0.7535
4	12	καὶ	too	20	35	0.65
4	12	τὸ	the	21	44	0.7166
4	12	τῆς	of	22	47	0.6031
4	12	κωμῳδίας	Comedy	23	48	0.657
4	12	σχῆμα	forms	24	46	0.7158
4	12	πρῶτος	first	25	39	0.773
4	12	ὑπέδειξεν	outline	26	41	0.6519
4	12	οὐ	not	27	51	0.7391
4	12	ψόγον	dramatic	28	53	0.6842
4	12	ἀλλὰ	but	29	55	0.7654
4	12	τὸ	a	30	56	0.5596
4	12	γελοῖον	Ridiculous	31	61	0.6212
4	12	δραματοποιήσας	producing	32	50	0.6717
4	12	ὁ	the	33	60	0.6219
4	12	γὰρ	fact	34	65	0.6737
4	12	Μαργίτης	Margites	35	63	0.7291
4	12	ἀνάλογον	relation	36	70	0.5627
4	12	ἔχει	stands	37	66	0.6699
4	12	ὥσπερ	as	38	74	0.7258
4	12	Ἰλιὰς	Iliad	39	76	0.6841
4	12	καὶ	and	40	77	0.7411
4	12	ἡ	the	41	75	0.538
4	12	Ὀδύσσεια	Odyssey	42	78	0.7539
4	12	πρὸς	to	43	71	0.6291
4	12	τὰς	our	44	72	0.6112
4	12	τραγῳδίας	comedies	45	73	0.7008
4	12	οὕτω	the	46	68	0.5267
4	12	καὶ	in	47	67	0.4172
4	12	οὗτος	same	48	69	0.4601
4	12	πρὸς	to	49	79	0.683
4	12	τὰς	our	50	80	0.6787
4	12	κωμῳδίας	tragedies	51	81	0.7652
4	13	παραφανείσης	appeared	0	7	0.6229
4	13	δὲ	however	1	2	0.7546
4	13	τῆς	the	2	9	0.4341
4	13	τραγῳδίας	Tragedy	3	4	0.7279
4	13	καὶ	and	4	5	0.7201
4	13	κωμῳδίας	Comedy	5	6	0.7093
4	13	οἱ	those	6	11	0.785
4	13	ἐφ	to	7	14	0.6795
4	13	ἑκατέραν	one	8	16	0.7516
4	13	τὴν	of	9	18	0.6391
4	13	ποίησιν	poetry	10	19	0.7208
4	13	ὁρμῶντες	drawn	11	13	0.753
4	13	τὴν	the	13	15	0.504
4	13	οἰκείαν	naturally	14	12	0.5406
4	13	φύσιν	line	15	17	0.5192
4	13	οἱ	other	16	33	0.431
4	13	ἀντὶ	instead	18	24	0.6146
4	13	τῶν	tragedies	19	36	0.5216
4	13	ἰάμβων	iambs	20	26	0.6219
4	13	κωμῳδοποιοὶ	writers	21	21	0.6909
4	13	ἐγένοντο	became	22	20	0.7831
4	13	οἱ	those	23	28	0.5735
4	13	δὲ	and	24	27	0.5627
4	13	ἀντὶ	instead	25	37	0.6262
4	13	τῶν	the	26	32	0.5669
4	13	ἐπῶν	epics	27	39	0.6287
4	13	τραγῳδοδιδάσκαλοι	writers	28	34	0.5758
4	13	διὰ	because	29	40	0.6807
4	13	μείζονα	grander	31	47	0.7305
4	13	καὶ	and	32	48	0.7915
4	13	ἐντιμότερα	more	33	50	0.691
4	13	τὰ	the	34	53	0.5008
4	13	σχήματα	modes	35	43	0.5916
4	13	εἶναι	were	36	46	0.6857
4	13	ταῦτα	these	37	41	0.5953
4	13	ἐκείνων	old	38	54	0.4346
4	13	τὸ	If	39	55	0.5927
4	13	μὲν	it	40	56	0.4358
4	13	οὖν	be	41	57	0.4931
4	13	ἐπισκοπεῖν	asked	42	58	0.6534
4	13	εἰ	whether	43	59	0.6752
4	13	ἄρα	that	44	64	0.4551
4	13	ἔχει	is	45	61	0.6433
4	13	ἤδη	now	46	62	0.6452
4	13	ἡ	to	47	72	0.4227
4	13	τραγῳδία	Tragedy	48	60	0.6455
4	13	τοῖς	its	49	69	0.5802
4	13	εἴδεσιν	that	50	74	0.5727
4	13	ἱκανῶς	theoretically	51	78	0.5838
4	13	ἢ	and	52	75	0.5075
4	13	οὔ	is	53	85	0.4416
4	13	αὐτό	it	54	77	0.6123
4	13	καθ	in	56	80	0.4794
4	13	αὑτὸ	to	57	82	0.4498
4	13	κρῖναι	decide	58	76	0.5169
4	13	καὶ	and	59	79	0.7636
4	13	πρὸς	relation	60	81	0.7388
4	13	τὰ	the	61	83	0.821
4	13	θέατρα	theatres	62	84	0.8164
4	13	ἄλλος	another	63	89	0.7629
4	13	λόγος	inquiry	64	90	0.7356
4	14	γενομένη	began	0	2	0.6698
4	14	δ	It	1	0	0.4797
4	14	οὖν	certainly	2	1	0.6172
4	14	ἀπ	in	3	3	0.5089
4	14	ἀρχῆς	authors	4	13	0.4097
4	14	αὐτοσχεδιαστικῆς—καὶ	improvisations—as	5	4	0.7796
4	14	καὶ	also	7	6	0.5395
4	14	κωμῳδία	Comedy	9	7	0.5258
4	14	ἡ	the	11	8	0.7314
4	14	μὲν	one	12	9	0.6412
4	14	ἀπὸ	with	13	11	0.6065
4	14	τῶν	the	14	12	0.7178
4	14	ἐξαρχόντων	originating	15	10	0.7183
4	14	τὸν	the	16	15	0.5512
4	14	διθύραμβον	Dithyramb	17	16	0.6151
4	14	ἡ	the	18	17	0.7589
4	14	δὲ	other	19	18	0.7104
4	14	ἀπὸ	with	20	19	0.6765
4	14	τῶν	the	21	22	0.6768
4	14	τὰ	of	22	21	0.5437
4	14	φαλλικά	phallic	23	23	0.758
4	14	ἃ	which	24	25	0.7038
4	14	ἔτι	still	25	26	0.6931
4	14	ἐν	in	28	30	0.691
4	14	πολλαῖς	many	29	31	0.7708
4	14	τῶν	our	30	33	0.6432
4	14	πόλεων	cities	31	34	0.7953
4	14	διαμένει	survive	32	27	0.7301
4	14	νομιζόμενα—κατὰ	And	33	35	0.6141
4	14	μικρὸν	little	34	41	0.6993
4	14	ηὐξήθη	was	35	40	0.6085
4	14	προαγόντων	improving	36	46	0.6123
4	14	ὅσον	whatever	37	48	0.5333
4	14	ἐγίγνετο	had	38	50	0.5425
4	14	φανερὸν	stage	39	55	0.4043
4	14	αὐτῆς	them	40	52	0.5563
4	15	καὶ	And	0	0	0.8438
4	15	πολλὰς	many	1	1	0.8136
4	15	μεταβολὰς	changes	2	2	0.7806
4	15	μεταβαλοῦσα	made	3	5	0.5818
4	15	τραγῳδία	Tragedy	5	6	0.5571
4	15	ἐπαύσατο	stopped	6	7	0.7613
4	15	ἐπεὶ	when	7	8	0.7308
4	15	ἔσχε	found	8	11	0.6491
4	15	τὴν	its	9	12	0.4992
4	15	αὑτῆς	own	10	13	0.6899
4	15	φύσιν	nature	11	14	0.7457
4	16	τό	The	1	0	0.7103
4	16	τῶν	of	3	2	0.5914
4	16	ὑποκριτῶν	actors	4	3	0.7188
4	16	πλῆθος	number	5	1	0.7348
4	16	ἐξ	by	6	9	0.4123
4	16	εἰς	to	8	7	0.6733
4	16	δύο	two	9	8	0.7418
4	16	πρῶτος	first	10	5	0.6651
4	16	Αἰσχύλος	Aeschylus	11	10	0.6992
4	16	ἤγαγε	was	12	4	0.4973
4	16	καὶ	who	13	11	0.4914
4	16	τὰ	the	14	13	0.6505
4	16	τοῦ	the	15	16	0.6942
4	16	χοροῦ	Chorus	16	17	0.6508
4	16	ἠλάττωσε	curtailed	17	12	0.6123
4	16	καὶ	and	18	18	0.6177
4	16	τὸν	the	19	20	0.6645
4	16	λόγον	dialogue	20	21	0.6421
4	16	πρωταγωνιστεῖν	leading	21	27	0.5365
4	16	παρεσκεύασεν	made	22	19	0.582
4	16	τρεῖς	third	23	33	0.5727
4	16	καὶ	and	25	35	0.5887
4	16	σκηνογραφίαν	scenery	26	36	0.638
4	16	Σοφοκλῆς	Sophocles	27	40	0.7235
4	17	ἔτι	Further	0	0	0.7236
4	17	δὲ	there	1	1	0.4155
4	17	τὸ	the	2	3	0.6095
4	17	μέγεθος	magnitude	3	6	0.6962
4	17	ἐκ	From	4	7	0.7886
4	17	μικρῶν	small	5	8	0.8541
4	17	μύθων	plots	6	9	0.7822
4	17	καὶ	and	7	10	0.789
4	17	λέξεως	diction	8	12	0.7009
4	17	γελοίας	ridiculous	9	11	0.6694
4	17	διὰ	because	10	13	0.776
4	17	τὸ	its	11	15	0.6601
4	17	ἐκ	from	12	17	0.7102
4	17	σατυρικοῦ	satyr-drama	13	18	0.749
4	17	μεταβαλεῖν	origin	14	16	0.5401
4	17	ὀψὲ	late	15	22	0.5064
4	17	ἀπεσεμνύνθη	was	16	20	0.5538
4	17	τό	Its	17	30	0.5287
4	17	τε	also	18	32	0.5702
4	17	μέτρον	metre	19	31	0.7407
4	17	ἐκ	from	20	34	0.6503
4	17	τετραμέτρου	tetrameter	21	36	0.5884
4	17	ἰαμβεῖον	iambic	22	38	0.5735
4	17	ἐγένετο	changed	23	33	0.5153
4	18	τὸ	The	0	0	0.4872
4	18	πρῶτον	original	3	4	0.6064
4	18	τετραμέτρῳ	tetrameter	4	9	0.6486
4	18	ἐχρῶντο	use	5	5	0.5628
4	18	διὰ	for	6	2	0.4375
4	18	τὸ	the	7	7	0.4837
4	18	σατυρικὴν	satyric	8	15	0.6741
4	18	καὶ	and	9	16	0.6113
4	18	ὀρχηστικωτέραν	connected	10	18	0.5619
4	18	εἶναι	was	11	14	0.6383
4	18	τὴν	their	12	12	0.5774
4	18	ποίησιν	poetry	13	13	0.6854
4	18	λέξεως	spoken	14	30	0.589
4	18	δὲ	however	15	27	0.619
4	18	γενομένης	came	16	32	0.6226
4	18	αὐτὴ	herself	17	35	0.6861
4	18	ἡ	part	18	31	0.428
4	18	φύσις	nature	19	34	0.5821
4	18	τὸ	the	20	37	0.6808
4	18	οἰκεῖον	appropriate	21	38	0.5886
4	18	μέτρον	metre	22	39	0.7152
4	18	εὗρε	found	23	36	0.6849
4	18	μάλιστα	most	24	46	0.6738
4	18	γὰρ	know	25	43	0.4051
4	18	λεκτικὸν	speakable	26	47	0.6229
4	18	τῶν	of	27	48	0.5244
4	18	μέτρων	metres	28	49	0.7056
4	18	τὸ	The	29	40	0.5778
4	18	ἰαμβεῖόν	iambic	30	41	0.5738
4	18	ἐστιν	is	31	44	0.703
4	19	σημεῖον	shown	0	2	0.4749
4	19	δὲ	as	1	0	0.4573
4	19	τούτου	it	2	12	0.5153
4	19	πλεῖστα	very	3	8	0.6412
4	19	γὰρ	whereas	4	15	0.4247
4	19	ἰαμβεῖα	hexameters	5	19	0.6007
4	19	λέγομεν	talk	6	18	0.5498
4	19	ἐν	in	7	13	0.5215
4	19	διαλέκτῳ	conversation	9	14	0.5591
4	19	ἑξάμετρα	we	13	23	0.4203
4	19	ὀλιγάκις	rarely	15	17	0.5187
4	19	καὶ	and	16	20	0.6017
4	19	ἐκβαίνοντες	depart	17	24	0.6515
4	19	τῆς	the	18	26	0.6909
4	19	λεκτικῆς	speaking	19	27	0.6239
4	19	ἁρμονίας	tone	20	28	0.6008
4	1	Ἐοίκασι	clear	0	2	0.4843
4	1	γεννῆσαι	origin	2	6	0.4814
4	1	ὅλως	general	4	5	0.5521
4	1	τὴν	of	5	7	0.5698
4	1	ποιητικὴν	poetry	6	8	0.7349
4	1	αἰτίαι	causes	7	13	0.609
4	1	δύο	two	8	12	0.7608
4	1	τινὲς	each	9	14	0.4741
4	1	καὶ	of	10	15	0.4392
4	1	αὗται	them	11	16	0.5398
4	1	φυσικαί	human	12	19	0.6539
4	20	δὲ	Another	1	0	0.5094
4	20	ἐπεισοδίων	episodes	2	6	0.6763
4	20	πλήθη	plurality	3	4	0.6012
4	20	καὶ	and	4	17	0.4216
4	20	τὰ	the	5	11	0.4566
4	20	ἄλλ	remaining	6	12	0.4849
4	20	ὡς	As	7	9	0.5141
4	20	κοσμηθῆναι	taken	9	26	0.4632
4	20	λέγεται	account	10	19	0.4074
4	20	ἔστω	must	11	24	0.6372
4	20	ἡμῖν	be	12	25	0.4709
4	20	εἰρημένα	said	13	28	0.714
4	21	πολὺ	long	0	5	0.6649
4	21	ἂν	would	2	1	0.7743
4	21	ἴσως	probably	3	2	0.6792
4	21	ἔργον	work	4	8	0.7187
4	21	εἴη	be	5	3	0.7351
4	21	διεξιέναι	go	6	10	0.7009
4	21	καθ	through	7	11	0.4059
4	21	ἕκαστον	details	8	13	0.4444
4	2	μιμεῖσθαι	Imitation	3	0	0.6735
4	2	σύμφυτον	natural	4	2	0.6634
4	2	τοῖς	to	5	3	0.5671
4	2	ἀνθρώποις	man	6	4	0.6814
4	2	ἐκ	from	7	5	0.6814
4	2	παίδων	childhood	8	6	0.7126
4	2	ἐστὶ	is	9	1	0.5571
4	2	τούτῳ	this	11	16	0.5328
4	2	διαφέρουσι	over	12	11	0.4576
4	2	τῶν	the	13	12	0.6241
4	2	ἄλλων	lower	14	13	0.5458
4	2	ζῴων	animals	15	14	0.575
4	2	ὅτι	that	16	17	0.6239
4	2	μιμητικώτατόν	most	17	21	0.6282
4	2	ἐστι	is	18	19	0.7383
4	2	καὶ	and	19	27	0.6765
4	2	ποιεῖται	learns	22	28	0.5279
4	2	διὰ	by	23	31	0.635
4	2	μιμήσεως	imitation	24	32	0.6468
4	2	τὰς	at	25	29	0.4728
4	2	πρώτας	first	26	30	0.6043
4	2	καὶ	And	27	33	0.6765
4	2	τὸ	to	28	40	0.5639
4	2	χαίρειν	delight	29	41	0.6878
4	2	τοῖς	in	30	42	0.5538
4	2	μιμήμασι	imitation	31	45	0.6879
4	2	πάντας	all	32	39	0.7231
4	3	σημεῖον	shown	0	7	0.5155
4	3	τούτου	this	2	3	0.7523
4	3	τὸ	The	3	0	0.4052
4	3	ἐπὶ	in	5	29	0.4664
4	3	ἔργων	point	7	5	0.4707
4	3	ἃ	though	8	10	0.4982
4	3	αὐτὰ	themselves	10	13	0.7297
4	3	λυπηρῶς	painful	11	16	0.6908
4	3	ὁρῶμεν	see	12	18	0.5594
4	3	τούτων	them	13	28	0.5489
4	3	τὰς	the	14	11	0.5534
4	3	εἰκόνας	representations	15	26	0.6128
4	3	τὰς	the	16	23	0.6075
4	3	μάλιστα	most	17	24	0.676
4	3	ἠκριβωμένας	realistic	18	25	0.7187
4	3	χαίρομεν	delight	19	20	0.6872
4	3	θεωροῦντες	view	20	22	0.6299
4	3	οἷον	example	21	34	0.7023
4	3	θηρίων	animals	22	38	0.6399
4	3	τε	for	23	33	0.4228
4	3	μορφὰς	forms	24	32	0.6293
4	3	τῶν	the	25	36	0.5718
4	3	ἀτιμοτάτων	lowest	26	37	0.6868
4	3	καὶ	and	27	39	0.6901
4	3	νεκρῶν	dead	28	41	0.74
4	4	αἴτιον	explanation	0	1	0.6643
4	4	δὲ	The	1	0	0.5133
4	4	καὶ	in	2	6	0.5175
4	4	τοῦτο	fact	3	9	0.4597
4	4	ὅτι	to	4	10	0.6241
4	4	μανθάνειν	learning	5	12	0.7164
4	4	οὐ	not	6	19	0.7465
4	4	μόνον	only	7	20	0.8326
4	4	τοῖς	the	8	22	0.7409
4	4	φιλοσόφοις	philosopher	9	23	0.7515
4	4	ἥδιστον	greatest	10	16	0.5761
4	4	ἀλλὰ	but	11	24	0.8322
4	4	καὶ	also	12	25	0.7832
4	4	τοῖς	the	13	27	0.5893
4	4	ἄλλοις	rest	14	28	0.7254
4	4	ὁμοίως	however	15	31	0.5226
4	4	ἀλλ	their	16	33	0.4245
4	4	ἐπὶ	to	17	26	0.4088
4	4	βραχὺ	small	18	32	0.6333
4	4	κοινωνοῦσιν	capacity	19	34	0.4976
4	4	αὐτοῦ	it	20	36	0.6744
4	5	διὰ	reason	0	1	0.5374
4	5	γὰρ	the	1	0	0.4636
4	5	τοῦτο	the	2	3	0.4676
4	5	χαίρουσι	delight	3	4	0.5978
4	5	τὰς	the	4	7	0.6131
4	5	εἰκόνας	picture	5	8	0.5718
4	5	ὁρῶντες	seeing	6	6	0.5894
4	5	ὅτι	that	7	10	0.6312
4	5	συμβαίνει	is	8	12	0.4492
4	5	μανθάνειν	one	10	11	0.4771
4	5	συλλογίζεσθαι	learning—gathering	12	17	0.6752
4	5	τί	things	13	21	0.5176
4	5	ἕκαστον	man	14	25	0.5917
4	5	οἷον	e.g	15	22	0.6771
4	5	ὅτι	that	16	23	0.6431
4	5	οὗτος	is	17	27	0.6337
4	5	ἐκεῖνος	there	18	26	0.6092
4	6	ἐπεὶ	for	0	0	0.6912
4	6	ἐὰν	if	1	1	0.7873
4	6	μὴ	not	2	4	0.8108
4	6	τύχῃ	has	3	3	0.5391
4	6	προεωρακώς	seen	4	5	0.6227
4	6	οὐχ	not	5	12	0.799
4	6	ᾗ	as	6	17	0.5883
4	6	μίμημα	picture	7	16	0.6148
4	6	ποιήσει	be	8	13	0.6481
4	6	τὴν	the	9	15	0.4542
4	6	ἡδονὴν	pleasure	10	10	0.5614
4	6	ἀλλὰ	but	11	22	0.7499
4	6	διὰ	to	12	26	0.6984
4	6	τὴν	the	13	27	0.7569
4	6	ἀπεργασίαν	execution	14	28	0.7471
4	6	ἢ	or	15	29	0.8021
4	6	χροιὰν	colouring	17	30	0.7499
4	6	ἢ	or	18	31	0.8327
4	6	διὰ	due	19	25	0.5007
4	6	τοιαύτην	similar	20	33	0.6872
4	6	τινὰ	some	21	32	0.843
4	6	αἰτίαν	cause	23	34	0.8305
4	7	φύσιν	natural	1	3	0.5969
4	7	δὲ	then	2	1	0.5876
4	7	ὄντος	being	3	2	0.6739
4	7	ἡμῖν	to	4	4	0.6414
4	7	τοῦ	us—as	5	5	0.496
4	7	μιμεῖσθαι	sense	6	8	0.538
4	7	καὶ	also	7	6	0.5605
4	7	τῆς	of	8	9	0.5145
4	7	ἁρμονίας	harmony	9	10	0.6549
4	7	καὶ	and	10	11	0.6966
4	7	ῥυθμοῦ	rhythm	12	12	0.693
4	7	τὰ	the	13	13	0.5502
4	7	γὰρ	obviously	14	16	0.471
4	7	μέτρα	metres	15	14	0.6625
4	7	ὅτι	being	16	15	0.5003
4	7	μόρια	species	17	17	0.6336
4	7	τῶν	of	18	18	0.568
4	7	ῥυθμῶν	rhythms	19	19	0.6701
4	7	ἐστι	was	20	21	0.6741
4	7	ἐξ	on	22	37	0.5597
4	7	ἀρχῆς	original	23	24	0.6417
4	7	πεφυκότες	aptitude	25	25	0.5096
4	7	πρὸς	for	26	32	0.4588
4	7	αὐτὰ	their	27	23	0.4571
4	7	μάλιστα	most	28	34	0.5535
4	7	κατὰ	by	29	27	0.4611
4	7	μικρὸν	gradual	30	36	0.5633
4	7	προάγοντες	improvements	31	31	0.5515
4	7	ἐγέννησαν	created	32	43	0.6759
4	7	τὴν	that	33	41	0.4545
4	7	ποίησιν	poetry	34	44	0.6988
4	7	ἐκ	out	35	45	0.7137
4	7	τῶν	their	36	47	0.7185
4	7	αὐτοσχεδιασμάτων	improvisations	37	48	0.7334
4	8	διεσπάσθη	broke	0	3	0.7358
4	8	δὲ	however	1	1	0.697
4	8	κατὰ	according	2	8	0.6345
4	8	τὰ	the	3	10	0.5857
4	8	οἰκεῖα	individual	4	16	0.6505
4	8	ἤθη	character	5	13	0.6616
4	8	ἡ	the	6	15	0.4929
4	8	ποίησις	Poetry	7	0	0.6725
4	8	οἱ	the	8	19	0.5707
4	8	μὲν	among	9	21	0.4598
4	8	γὰρ	for	10	18	0.5621
4	8	σεμνότεροι	graver	11	20	0.4913
4	8	καλὰς	noble	13	25	0.6787
4	8	ἐμιμοῦντο	represent	14	24	0.6878
4	8	πράξεις	actions	15	26	0.7939
4	8	καὶ	and	16	27	0.6751
4	8	τὰς	those	17	28	0.6436
4	8	τῶν	of	18	29	0.4755
4	8	τοιούτων	noble	19	30	0.5294
4	8	οἱ	the	20	33	0.6549
4	8	δὲ	and	21	32	0.5592
4	8	εὐτελέστεροι	meaner	22	34	0.6073
4	8	τὰς	the	23	36	0.5517
4	8	τῶν	the	24	39	0.6155
4	8	φαύλων	ignoble	25	40	0.6658
4	8	πρῶτον	first	26	47	0.7586
4	8	ψόγους	invectives	27	45	0.6051
4	8	ποιοῦντες	produced	28	44	0.6795
4	8	ὥσπερ	as	29	49	0.7875
4	8	ἕτεροι	others	30	50	0.7662
4	8	ὕμνους	hymns	31	52	0.8462
4	8	καὶ	and	32	53	0.8386
4	8	ἐγκώμια	panegyrics	33	54	0.7126
4	9	τῶν	the	0	9	0.5912
4	9	πρὸ	of	3	8	0.4111
4	9	Ὁμήρου	pre-Homeric	4	10	0.5383
4	9	οὐδενὸς	no	5	3	0.6901
4	9	ἔχομεν	know	6	1	0.5631
4	9	εἰπεῖν	poem	7	5	0.483
4	9	τοιοῦτον	such	8	4	0.6227
4	9	ποίημα	writers	9	18	0.5613
4	9	εἰκὸς	probably	10	15	0.5136
4	9	δὲ	though	11	12	0.5302
4	9	εἶναι	were	12	14	0.6918
4	9	πολλούς	many	13	16	0.7585
5	10	μέρη	differ	0	1	0.5321
5	10	δ	They	1	0	0.4344
5	10	ἐστὶ	being	2	8	0.565
5	10	τὰ	some	3	7	0.7122
5	10	ταὐτά	common	5	9	0.5075
5	10	τὰ	others	6	13	0.611
5	10	δὲ	and	7	12	0.6366
5	10	ἴδια	peculiar	8	14	0.6659
5	10	τῆς	to	9	15	0.4926
5	10	τραγῳδίας	Tragedy	10	16	0.615
5	11	διόπερ	hence	0	0	0.7484
5	11	ὅστις	a	1	1	0.6018
5	11	περὶ	in	2	14	0.5331
5	11	τραγῳδίας	poetry	3	16	0.6165
5	11	οἶδε	judge	4	2	0.5129
5	11	σπουδαίας	good	5	4	0.5574
5	11	καὶ	and	6	5	0.7023
5	11	φαύλης	bad	7	6	0.638
5	11	οἶδε	is	8	9	0.5203
5	11	καὶ	also	9	17	0.4708
5	11	περὶ	of	10	12	0.4053
5	11	ἐπῶν	epic	11	15	0.4366
5	11	ἃ	the	12	19	0.5137
5	11	μὲν	All	13	18	0.4115
5	11	γὰρ	parts	14	20	0.4658
5	11	ἐποποιία	epic	15	23	0.6384
5	11	ἔχει	included	16	25	0.5489
5	11	ὑπάρχει	are	17	24	0.5845
5	11	τῇ	in	18	26	0.5419
5	11	τραγῳδίᾳ	Tragedy	19	27	0.5722
5	11	ἃ	those	20	29	0.6312
5	11	δὲ	but	21	28	0.6891
5	11	αὐτῇ	them	22	36	0.6122
5	11	οὐ	not	23	33	0.794
5	11	πάντα	all	24	34	0.7668
5	11	ἐν	in	25	40	0.6818
5	11	τῇ	the	26	41	0.6502
5	11	ἐποποιίᾳ	Epic	27	42	0.5879
5	1	Ἡ	an	0	9	0.4441
5	1	δὲ	As	1	0	0.5236
5	1	κωμῳδία	Comedy	2	2	0.6362
5	1	ἐστὶν	is	3	4	0.6592
5	1	ὥσπερ	as	4	5	0.6241
5	1	εἴπομεν	observed	5	8	0.5151
5	1	μίμησις	imitation	6	10	0.7525
5	1	φαυλοτέρων	worse	7	17	0.5785
5	1	μέν	than	8	14	0.4736
5	1	οὐ	not	9	19	0.8109
5	1	μέντοι	however	10	18	0.7247
5	1	κατὰ	regards	11	21	0.6218
5	1	πᾶσαν	every	12	24	0.7554
5	1	κακίαν	fault	13	27	0.7857
5	1	ἀλλὰ	but	14	28	0.7728
5	1	τοῦ	the	15	42	0.5212
5	1	αἰσχροῦ	Ugly	16	43	0.5661
5	1	ἐστι	is	17	38	0.6304
5	1	τὸ	a	18	39	0.4689
5	1	γελοῖον	Ridiculous	19	36	0.4523
5	1	μόριον	species	20	40	0.5531
5	2	τὸ	The	0	0	0.7737
5	2	γελοῖόν	Ridiculous	2	1	0.7563
5	2	ἐστιν	be	3	3	0.5577
5	2	ἁμάρτημά	mistake	4	7	0.6285
5	2	τι	a	5	6	0.465
5	2	καὶ	or	6	8	0.5973
5	2	αἶσχος	deformity	7	9	0.6837
5	2	ἀνώδυνον	productive	8	11	0.5517
5	2	καὶ	or	9	14	0.611
5	2	οὐ	not	10	10	0.593
5	2	φθαρτικόν	harm	11	15	0.5958
5	2	οἷον	for	12	20	0.6719
5	2	εὐθὺς	instance	13	21	0.4506
5	2	τὸ	excites	14	23	0.4748
5	2	γελοῖον	laughter	15	24	0.5921
5	2	πρόσωπον	is	16	25	0.4104
5	2	αἰσχρόν	ugly	17	27	0.6973
5	2	τι	something	18	26	0.5907
5	2	καὶ	and	19	28	0.7471
5	2	διεστραμμένον	distorted	20	29	0.7083
5	2	ἄνευ	without	21	30	0.743
5	2	ὀδύνης	pain	22	32	0.7728
5	3	αἱ	the	0	1	0.73
5	3	οὖν	Though	2	0	0.5672
5	3	τῆς	in	3	4	0.5245
5	3	τραγῳδίας	Tragedy	4	5	0.6654
5	3	μεταβάσεις	changes	5	3	0.7693
5	3	καὶ	and	6	6	0.5515
5	3	δι	authors	7	8	0.4386
5	3	ὧν	their	8	7	0.51
5	3	ἐγένοντο	are	9	9	0.5327
5	3	οὐ	not	10	10	0.7606
5	3	λελήθασιν	unknown	11	11	0.6741
5	3	ἡ	the	12	15	0.4649
5	3	δὲ	we	13	12	0.4187
5	3	κωμῳδία	Comedy	14	18	0.525
5	3	μὴ	not	17	27	0.6301
5	3	σπουδάζεσθαι	unnoticed	18	23	0.574
5	3	ἐξ	in	19	32	0.4061
5	3	ἀρχῆς	early	20	20	0.5512
5	3	ἔλαθεν	passed	21	22	0.5644
5	3	γὰρ	because	23	24	0.5889
5	3	χορὸν	stages	24	21	0.5244
5	3	ὀψέ	serious	26	34	0.472
5	3	ποτε	yet	27	29	0.4796
5	3	ὁ	its	28	19	0.4024
5	3	ἔδωκεν	taken	30	30	0.4366
5	3	ἦσαν	was	33	26	0.5586
5	4	ἤδη	only	0	2	0.5264
5	4	σχήματά	point	2	6	0.5044
5	4	τινα	certain	3	31	0.5329
5	4	αὐτῆς	its	4	8	0.4234
5	4	ἐχούσης	had	5	28	0.4871
5	4	οἱ	the	6	19	0.4941
5	4	λεγόμενοι	termed	7	42	0.5677
5	4	αὐτῆς	of	8	13	0.4222
5	4	ποιηταὶ	comedians	9	14	0.5765
5	4	μνημονεύονται	granted	10	17	0.544
5	4	τίς	Who	11	46	0.6152
5	4	δὲ	also	12	29	0.4662
5	4	πρόσωπα	masks	13	53	0.5417
5	4	ἀπέδωκεν	supplied	14	50	0.5806
5	4	ἢ	or	15	54	0.6992
5	4	προλόγους	prologues	16	55	0.6949
5	4	ἢ	or	17	56	0.7706
5	4	πλήθη	plurality	18	58	0.7876
5	4	ὑποκριτῶν	actors	19	60	0.746
5	4	καὶ	and	20	61	0.7698
5	4	ὅσα	the	21	62	0.6182
5	4	τοιαῦτα	like	22	63	0.6466
5	4	ἠγνόηται	unknown	23	66	0.6421
5	5	τὸ	The	0	0	0.6107
5	5	μύθους	Fable	2	2	0.4392
5	5	ποιεῖν	invented	3	1	0.6096
5	5	Ἐπίχαρμος	Epicharmus	4	10	0.7055
5	5	καὶ	and	5	11	0.6928
5	5	Φόρμις	Phormis	6	12	0.7352
5	5	μὲν	however	8	5	0.4939
5	5	ἐκ	in	11	7	0.6003
5	5	Σικελίας	Sicily	12	8	0.7401
5	5	ἦλθε	originated	13	6	0.6448
5	6	τῶν	of	0	0	0.501
5	6	Ἀθήνησιν	Athenian	2	1	0.7135
5	6	Κράτης	Crates	3	3	0.7363
5	6	πρῶτος	first	4	6	0.8105
5	6	ἦρξεν	was	5	4	0.5988
5	6	ἀφέμενος	drop	6	8	0.6035
5	6	τῆς	the	7	9	0.4994
5	6	ἰαμβικῆς	of	8	11	0.4834
5	6	ἰδέας	stories	9	15	0.5172
5	6	καθόλου	non-personal	10	20	0.4714
5	6	ποιεῖν	frame	11	14	0.4438
5	6	λόγους	Fables	12	25	0.4699
5	6	καὶ	or	13	26	0.5846
5	6	μύθους	Plots	14	27	0.5856
5	7	ἡ	Epic	0	0	0.5859
5	7	οὖν	then	2	2	0.716
5	7	ἐποποιία	poetry	3	1	0.7333
5	7	τραγῳδίᾳ	Tragedy	5	9	0.5349
5	7	μέχρι	to	6	10	0.6136
5	7	μὲν	extent	7	12	0.5012
5	7	τοῦ	a	8	22	0.5712
5	7	μετὰ	in	9	21	0.4749
5	7	μέτρου	grand	10	23	0.5078
5	7	λόγῳ	verse	11	26	0.5353
5	7	μίμησις	imitation	12	17	0.7278
5	7	εἶναι	being	13	15	0.7269
5	7	σπουδαίων	subjects	14	20	0.5888
5	7	ἠκολούθησεν	been	15	4	0.5342
5	7	τῷ	in	16	33	0.4156
5	7	δὲ	however	17	31	0.5323
5	7	τὸ	of	18	40	0.4001
5	7	μέτρον	verse	19	41	0.504
5	7	ἁπλοῦν	one	20	38	0.4243
5	7	ἔχειν	is	21	36	0.561
5	7	καὶ	and	22	42	0.6395
5	7	ἀπαγγελίαν	narrative	23	44	0.6219
5	7	εἶναι	it	24	35	0.4534
5	7	ταύτῃ	it	25	30	0.5452
5	7	διαφέρουσιν	differs	26	28	0.6747
5	8	ἔτι	length—which	0	4	0.4461
5	8	δὲ	and	1	0	0.7316
5	8	τῷ	its	2	3	0.6711
5	8	μήκει	in	3	2	0.6224
5	8	ὅτι	to	6	7	0.5197
5	8	μάλιστα	possible	7	24	0.4302
5	8	πειρᾶται	endeavours	8	18	0.6266
5	8	ὑπὸ	within	9	25	0.5729
5	8	μίαν	a	10	26	0.592
5	8	περίοδον	circuit	11	28	0.619
5	8	ἡλίου	sun	12	31	0.5791
5	8	εἶναι	having	13	10	0.4861
5	8	ἢ	or	14	32	0.5545
5	8	μικρὸν	fixed	15	12	0.4769
5	8	ἐξαλλάττειν	to	16	19	0.4259
5	8	δὲ	whereas	18	16	0.4437
5	8	ἐποποιία	Tragedy	19	17	0.4819
5	8	ἀόριστος	single	20	27	0.4947
5	8	τῷ	the	21	30	0.4652
5	8	χρόνῳ	time	22	15	0.5021
5	8	τούῳ	that	24	35	0.6989
5	8	διαφέρει	near	25	34	0.4405
5	9	καίτοι	This	0	0	0.4593
5	9	τὸ	at	1	11	0.5043
5	9	πρῶτον	first	2	12	0.6007
5	9	ὁμοίως	same	3	21	0.5558
5	9	ἐν	in	4	22	0.6385
5	9	ταῖς	the	5	13	0.4189
5	9	τραγῳδίαις	tragedies	6	23	0.731
5	9	τοῦτο	the	7	20	0.5335
5	9	ἐποίουν	was	8	18	0.5518
5	9	καὶ	as	9	24	0.5781
5	9	ἐν	in	10	25	0.6893
5	9	τοῖς	epic	11	26	0.4601
5	9	ἔπεσιν	poems	12	27	0.5918
6	10	οἷς	them	0	2	0.5164
6	10	γὰρ	of	2	1	0.4102
6	10	μιμοῦνται	arising	3	3	0.5471
6	10	δύο	two	4	0	0.6885
6	10	μέρη	means	5	6	0.5529
6	10	ὡς	one	7	7	0.474
6	10	δὲ	from	8	8	0.4361
6	10	μιμοῦνται	manner	9	10	0.4536
6	10	δὲ	and	12	11	0.5324
6	10	μιμοῦνται	imitation	13	19	0.5156
6	10	τρία	three	14	12	0.5932
6	10	καὶ	and	15	20	0.6303
6	10	παρὰ	besides	16	25	0.6031
6	10	ταῦτα	these	17	26	0.7567
6	10	οὐδέν	nothing	18	23	0.7208
6	11	τούτοις	these	0	1	0.7133
6	11	οὖν	then	2	5	0.6256
6	11	οὐκ	not	3	6	0.7572
6	11	ὀλίγοι	few	4	8	0.7295
6	11	αὐτῶν	of	5	9	0.5244
6	11	ὡς	as	6	16	0.5125
6	11	εἰπεῖν	say	7	21	0.5042
6	11	κέχρηνται	made	8	13	0.5947
6	11	τοῖς	the	9	10	0.5297
6	11	εἴδεσιν	elements	10	4	0.5509
6	11	ὄψεις	admits	13	22	0.402
6	11	πᾶν	every	15	17	0.5131
6	11	ἦθος	Character	17	25	0.4888
6	11	μῦθον	Fable	19	26	0.4885
6	11	λέξιν	Diction	21	27	0.6484
6	11	μέλος	Melody	23	28	0.5938
6	11	καὶ	and	24	29	0.7943
6	11	διάνοιαν	Thought	25	30	0.7303
6	12	μέγιστον	most	0	2	0.7521
6	12	δὲ	The	1	1	0.586
6	12	τούτων	the	2	5	0.6932
6	12	ἐστὶν	is	3	7	0.7269
6	12	ἡ	the	4	8	0.7033
6	12	τῶν	the	5	14	0.6764
6	12	πραγμάτων	incidents	6	12	0.6681
6	12	σύστασις	combination	7	9	0.5768
6	12	ἡ	the	8	11	0.4612
6	12	γὰρ	essentially	9	18	0.4925
6	12	τραγῳδία	Tragedy	10	16	0.6974
6	12	μίμησίς	imitation	11	20	0.7907
6	12	ἐστιν	is	12	17	0.7885
6	12	οὐκ	not	13	21	0.8055
6	12	ἀνθρώπων	persons	14	23	0.7907
6	12	ἀλλὰ	but	15	24	0.8487
6	12	πράξεως	action	16	26	0.6803
6	12	καὶ	and	17	27	0.7018
6	12	βίου	life	18	28	0.7155
6	12	καὶ	and	19	31	0.6584
6	12	εὐδαιμονίας	misery	20	32	0.6563
6	12	ἡ	happiness	22	35	0.4007
6	12	κακοδαιμονία	misery	23	37	0.6222
6	12	ἐν	of	24	29	0.4345
6	12	πράξει	of	25	41	0.4712
6	12	ἐστίν	takes	26	38	0.5429
6	12	τὸ	the	28	43	0.6633
6	12	τέλος	end	29	44	0.7139
6	12	πρᾶξίς	action	30	42	0.6589
6	12	τις	kind	31	52	0.5391
6	12	ἐστίν	is	32	49	0.6729
6	12	οὐ	not	33	55	0.6774
6	12	ποιότης	quality	34	57	0.6423
6	12	δὲ	All	36	33	0.4201
6	12	μὲν	a	38	50	0.4258
6	12	τὰ	the	39	39	0.5195
6	12	ἤθη	form	40	40	0.4177
6	12	ποιοί	of	41	53	0.5119
6	12	τινες	certain	42	51	0.6682
6	12	κατὰ	for	43	45	0.5532
6	12	τὰς	which	45	46	0.4609
6	12	πράξεις	activity	46	54	0.639
6	12	ἢ	or	48	36	0.411
6	12	τοὐναντίον	a	49	56	0.4628
6	13	οὔκουν	not	0	25	0.5201
6	13	ὅπως	order	1	28	0.4926
6	13	τὰ	our	2	8	0.4294
6	13	ἤθη	qualities	3	3	0.5256
6	13	μιμήσωνται	gives	4	1	0.4751
6	13	πράττουσιν	do	5	11	0.5679
6	13	ἀλλὰ	but	6	4	0.5235
6	13	τὰ	the	7	35	0.4245
6	13	ἤθη	play	8	21	0.4039
6	13	συμπεριλαμβάνουσιν	include	9	34	0.5657
6	13	διὰ	for	10	37	0.5241
6	13	τὰς	the	11	41	0.6025
6	13	πράξεις	action	12	42	0.6404
6	13	ὥστε	So	13	43	0.5867
6	13	τὰ	the	14	47	0.5316
6	13	πράγματα	of	15	40	0.4961
6	13	καὶ	e	16	52	0.4639
6	13	ὁ	its	17	53	0.4758
6	13	μῦθος	Fable	18	54	0.5213
6	13	τέλος	end	19	60	0.637
6	13	τῆς	the	20	64	0.7323
6	13	τραγῳδίας	tragedy	21	65	0.7188
6	13	τὸ	the	22	67	0.6921
6	13	δὲ	and	23	66	0.6979
6	13	τέλος	end	24	68	0.768
6	13	μέγιστον	chief	25	72	0.6691
6	13	ἁπάντων	everywhere	26	70	0.6675
6	14	ἔτι	Besides	0	0	0.499
6	14	ἄνευ	without	1	6	0.5927
6	14	πράξεως	action	3	7	0.7212
6	14	οὐκ	impossible	4	5	0.5619
6	14	γένοιτο	is	6	4	0.549
6	14	τραγῳδία	tragedy	7	3	0.5516
6	14	ἄνευ	without	8	13	0.5944
6	14	δὲ	but	9	8	0.5937
6	14	ἠθῶν	Character	10	14	0.5459
6	14	γένοιτ	be	11	11	0.6498
6	14	ἄν	may	12	10	0.6078
6	15	αἱ	The	0	0	0.8032
6	15	γὰρ	of	1	2	0.4984
6	15	τῶν	the	2	5	0.7165
6	15	νέων	moderns	3	6	0.7204
6	15	τῶν	of	4	4	0.5706
6	15	πλείστων	most	5	3	0.6786
6	15	ἀήθεις	characterless-a	6	8	0.6616
6	15	τραγῳδίαι	tragedies	7	1	0.6595
6	15	εἰσίν	are	8	7	0.7487
6	15	καὶ	and	9	16	0.612
6	15	ὅλως	all	10	14	0.5172
6	15	ποιηταὶ	poets	11	12	0.6557
6	15	τοιοῦτοι	kinds	13	15	0.4283
6	15	οἷον	as	14	24	0.5118
6	15	καὶ	in	15	20	0.4188
6	15	τῶν	its	16	18	0.4548
6	15	γραφέων	counterpart	17	19	0.5053
6	15	Ζεῦξις	Zeuxis	18	23	0.5575
6	15	πρὸς	with	19	26	0.5091
6	15	Πολύγνωτον	Polygnotus	20	27	0.6608
6	15	πέπονθεν	painting	21	21	0.5291
6	15	ὁ	the	22	30	0.5058
6	15	γὰρ	whereas	24	29	0.6126
6	15	Πολύγνωτος	latter	25	31	0.4653
6	15	ἀγαθὸς	strong	26	33	0.5547
6	15	ἠθογράφος	character	27	35	0.5343
6	15	ἡ	the	28	36	0.6951
6	15	Ζεύξιδος	Zeuxis	30	39	0.714
6	15	γραφὴ	work	31	37	0.7065
6	15	οὐδὲν	devoid	32	41	0.4912
6	15	ἔχει	is	33	40	0.5895
6	15	ἦθος	in	34	34	0.4567
6	16	ἔτι	again	0	1	0.7746
6	16	ἐὰν	may	1	3	0.5494
6	16	τις	one	2	2	0.6327
6	16	ἐφεξῆς	together	3	5	0.4227
6	16	θῇ	string	4	4	0.5699
6	16	ῥήσεις	speeches	5	10	0.6796
6	16	ἠθικὰς	characteristic	6	9	0.51
6	16	καὶ	as	7	15	0.4989
6	16	λέξει	Diction	8	17	0.5892
6	16	καὶ	and	9	18	0.5646
6	16	διανοίᾳ	Thought	10	19	0.6131
6	16	εὖ	true	11	26	0.577
6	16	πεποιημένας	finish	12	14	0.4797
6	16	οὔπω	fail	13	22	0.583
6	16	ποιήσει	produce	14	24	0.6588
6	16	ὃ	the	15	25	0.403
6	16	τραγῳδίας	tragic	18	27	0.54
6	16	ἔργον	effect	19	28	0.49
6	16	ἀλλὰ	but	20	29	0.702
6	16	πολὺ	much	21	33	0.7162
6	16	μᾶλλον	better	22	34	0.6247
6	16	ἡ	a	23	37	0.5641
6	16	καταδεεστέροις	inferior	24	41	0.6279
6	16	τούτοις	these	25	43	0.693
6	16	κεχρημένη	in	26	52	0.4733
6	16	τραγῳδία	tragedy	27	38	0.5941
6	16	ἔχουσα	has	28	45	0.6825
6	16	δὲ	however	29	40	0.455
6	16	μῦθον	a	30	46	0.4916
6	16	καὶ	a	31	48	0.5595
6	16	σύστασιν	combination	32	49	0.6199
6	16	πραγμάτων	incidents	33	51	0.6825
6	17	δὲ	And	1	0	0.7516
6	17	τὰ	the	3	2	0.6785
6	17	μέγιστα	most	4	3	0.6518
6	17	οἷς	of	5	6	0.441
6	17	ψυχαγωγεῖ	attraction	6	7	0.5003
6	17	τραγῳδία	Tragedy	8	9	0.4381
6	17	τοῦ	the	9	17	0.5825
6	17	μύθου	Plot	10	18	0.5387
6	17	μέρη	parts	11	15	0.7524
6	17	ἐστίν	are	12	14	0.6828
6	17	αἵ	the	13	10	0.5823
6	17	περιπέτειαι	Peripeties	15	11	0.6505
6	17	καὶ	and	16	12	0.6919
6	17	ἀναγνωρίσεις	Discoveries	17	13	0.5414
6	18	ἔτι	further	0	1	0.706
6	18	σημεῖον	proof	1	2	0.7772
6	18	ὅτι	that	2	7	0.8141
6	18	οἱ	beginners	4	8	0.5694
6	18	πρότερον	earlier	7	10	0.6916
6	18	δύνανται	succeed	8	9	0.571
6	18	τῇ	the	9	12	0.651
6	18	λέξει	Diction	10	13	0.6197
6	18	καὶ	and	11	14	0.5597
6	18	τοῖς	a	12	21	0.4408
6	18	ἤθεσιν	story	13	22	0.5043
6	18	ἀκριβοῦν	Characters	14	15	0.4048
6	18	ἢ	than	15	16	0.555
6	18	τὰ	the	16	18	0.5224
6	18	πράγματα	of	17	20	0.4603
6	18	συνίστασθαι	construction	18	19	0.5973
6	18	οἷον	same	19	25	0.5539
6	18	καὶ	and	20	23	0.5102
6	18	οἱ	the	21	32	0.6924
6	18	πρῶτοι	early	22	33	0.7116
6	18	ποιηταὶ	dramatists	23	34	0.7242
6	18	σχεδὸν	nearly	24	30	0.5645
6	18	ἅπαντες	all	25	31	0.7229
6	19	ἀρχὴ	first	0	5	0.649
6	19	οὖν	therefore	2	2	0.7557
6	19	καὶ	and	3	9	0.4285
6	19	οἷον	so	4	11	0.5849
6	19	ψυχὴ	soul	5	10	0.5949
6	19	ὁ	the	6	17	0.5882
6	19	μῦθος	Plot	7	18	0.5496
6	19	τραγῳδίας	Tragedy	9	15	0.4962
6	19	δεύτερον	second	10	24	0.7234
6	19	δὲ	and	11	19	0.5522
6	19	τὰ	the	12	21	0.472
6	1	Περὶ	to	0	12	0.4374
6	1	οὖν	now	2	11	0.4008
6	1	τῆς	the	3	13	0.4795
6	1	ἐν	Reserving	4	0	0.421
6	1	ἑξαμέτροις	hexameter	5	1	0.6928
6	1	μιμητικῆς	poetry	6	2	0.6184
6	1	καὶ	and	7	3	0.7115
6	1	περὶ	for	8	5	0.4742
6	1	κωμῳδίας	Comedy	9	4	0.5596
6	1	ὕστερον	hereafter	10	7	0.7284
6	1	ἐροῦμεν	us	11	9	0.6655
6	1	περὶ	of	12	15	0.4589
6	1	τραγῳδίας	Tragedy	14	16	0.6076
6	1	λέγωμεν	proceed	15	10	0.5556
6	1	ἀναλαβόντες	gather	16	23	0.646
6	1	ἐκ	from	18	28	0.6738
6	1	τῶν	what	19	29	0.576
6	1	εἰρημένων	said	20	32	0.683
6	1	τὸν	the	21	25	0.6789
6	1	γινόμενον	resulting	22	27	0.5498
6	1	ὅρον	definition	23	26	0.6738
6	20	παραπλήσιον	parallel	0	2	0.5364
6	20	ἐστιν	compare	2	0	0.4917
6	20	ἐπὶ	in	4	3	0.5474
6	20	τῆς	the	5	1	0.4723
6	20	γραφικῆς	painting	6	4	0.6956
6	20	εἰ	where	7	5	0.5221
6	20	τις	one	9	17	0.4613
6	20	ἐναλείψειε	laid	10	10	0.5743
6	20	τοῖς	the	11	6	0.5723
6	20	καλλίστοις	beautiful	12	8	0.6441
6	20	φαρμάκοις	colours	13	9	0.5355
6	20	χύδην	pleasure	14	20	0.5612
6	20	οὐκ	not	15	15	0.7468
6	20	ἂν	will	16	14	0.7029
6	20	ὁμοίως	same	17	19	0.5962
6	20	εὐφράνειεν	give	18	16	0.6544
6	20	καὶ	as	19	21	0.43
6	20	λευκογραφήσας	black-and-white	20	24	0.5424
6	20	εἰκόνα	sketch	21	25	0.4488
6	21	ἔστιν	is	0	4	0.6318
6	21	μίμησις	imitation	2	7	0.6971
6	21	πράξεως	action	3	9	0.7873
6	21	καὶ	and	4	10	0.6781
6	21	διὰ	for	5	15	0.6112
6	21	ταύτην	the	6	19	0.5447
6	21	μάλιστα	mainly	7	14	0.6722
6	21	τῶν	the	8	24	0.5892
6	21	πραττόντων	action	9	20	0.5389
6	22	τρίτον	Third	0	0	0.8713
6	22	δὲ	comes	1	1	0.415
6	22	ἡ	the	2	2	0.6485
6	22	διάνοια	Thought	3	5	0.6744
6	22	τοῦτο	This	4	23	0.505
6	22	δέ	e	5	7	0.4609
6	22	ἐστιν	is	6	24	0.5756
6	22	τὸ	of	7	10	0.619
6	22	λέγειν	saying	8	11	0.7938
6	22	δύνασθαι	power	9	9	0.588
6	22	τὰ	whatever	10	12	0.5744
6	22	ἐνόντα	said	11	15	0.5309
6	22	καὶ	or	12	16	0.6373
6	22	τὰ	what	13	17	0.5517
6	22	ἁρμόττοντα	appropriate	14	19	0.6192
6	22	ὅπερ	what	15	25	0.6759
6	22	ἐπὶ	in	16	26	0.6575
6	22	τῶν	the	17	27	0.6985
6	22	λόγων	speeches	18	28	0.697
6	22	τῆς	of	19	35	0.5651
6	22	πολιτικῆς	Politics	20	36	0.7401
6	22	καὶ	and	21	37	0.8002
6	22	ῥητορικῆς	Rhetoric	22	38	0.7716
6	22	ἔργον	arts	23	34	0.4877
6	22	ἐστίν	is	24	18	0.5482
6	23	οἱ	the	0	1	0.7182
6	23	μὲν	poets	1	3	0.413
6	23	γὰρ	for	2	0	0.7151
6	23	ἀρχαῖοι	older	3	2	0.5918
6	23	πολιτικῶς	statesmen	4	9	0.4921
6	23	ἐποίουν	make	5	4	0.7086
6	23	λέγοντας	discourse	6	7	0.574
6	23	οἱ	the	7	11	0.6244
6	23	δὲ	and	8	10	0.7247
6	23	νῦν	moderns	9	12	0.5617
6	23	ῥητορικῶς	rhetoricians	10	14	0.7425
6	24	ἔστιν	is	0	11	0.4785
6	24	δὲ	not	1	2	0.4581
6	24	ἦθος	confuse	2	3	0.4076
6	24	ὃ	which	6	13	0.5898
6	24	δηλοῖ	reveals	7	14	0.6946
6	24	τὴν	the	8	15	0.528
6	24	προαίρεσιν	agents	9	20	0.479
6	24	ὁποῖά	sort	10	24	0.5387
6	24	τις	One	11	0	0.4453
6	24	ἐν	i	12	21	0.4377
6	24	ἔστι	is	15	33	0.6218
6	24	δῆλον	obvioushence	16	35	0.509
6	24	προαιρεῖται	seek	18	28	0.6226
6	24	ἢ	or	19	29	0.7441
6	24	φεύγει	avoid	20	30	0.7206
6	24	οὐκ	not	22	34	0.6503
6	24	ἔχουσιν	there	23	36	0.4911
6	24	ἦθος	moral	24	16	0.4288
6	24	τῶν	the	25	19	0.4296
6	24	λόγων	in	26	42	0.509
6	24	ἐν	where	27	31	0.5778
6	24	οἷς	that	28	32	0.4223
6	24	μηδ	no	29	38	0.6687
6	24	ὅλως	purely	30	47	0.5408
6	24	ἔστιν	is	31	37	0.6972
6	24	ὅ	room	32	39	0.4794
6	24	τι	thing	33	26	0.4985
6	24	προαιρεῖται	they	34	27	0.4799
6	24	φεύγει	indifferent	36	48	0.5351
6	24	ὁ	a	37	43	0.5375
6	24	λέγων	speech	38	44	0.5797
6	25	διάνοια	Thought	0	0	0.6919
6	25	δὲ	the	1	2	0.5449
6	25	ἐν	in	2	7	0.4679
6	25	οἷς	all	3	8	0.4589
6	25	ἀποδεικνύουσί	shown	4	6	0.543
6	25	τι	some	5	15	0.6112
6	25	ὡς	when	6	11	0.4082
6	25	ἢ	or	8	13	0.6055
6	25	οὐκ	disproving	10	14	0.4588
6	25	ἢ	or	12	18	0.5654
6	25	καθόλου	universal	13	21	0.6099
6	25	τι	some	14	20	0.6287
6	25	ἀποφαίνονται	enunciating	15	19	0.6222
6	26	τέταρτον	Fourth	0	0	0.8338
6	26	τῶν	the	2	2	0.7385
6	26	ἐν	among	3	1	0.5073
6	26	λόγῳ	literary	4	3	0.6546
6	26	ἡ	the	5	6	0.6438
6	26	λέξις	Diction	6	7	0.6464
6	26	λέγω	i	7	11	0.4587
6	26	δέ	e	8	12	0.5361
6	26	ὥσπερ	as	9	13	0.7091
6	26	πρότερον	before	10	14	0.7267
6	26	εἴρηται	explained	11	15	0.7034
6	26	λέξιν	words	12	22	0.4504
6	26	εἶναι	is	13	5	0.5622
6	26	τὴν	the	14	16	0.5995
6	26	διὰ	in	15	21	0.4083
6	26	τῆς	the	16	9	0.4623
6	26	ὀνομασίας	thoughts	17	20	0.4171
6	26	ἑρμηνείαν	expression	18	17	0.594
6	26	ὃ	which	19	23	0.6486
6	26	ἐπὶ	with	21	29	0.4943
6	26	ἐμμέτρων	verse	23	30	0.5789
6	26	καὶ	as	24	31	0.6049
6	26	ἐπὶ	with	25	32	0.5421
6	26	λόγων	prose	27	33	0.5723
6	26	ἔχει	is	28	24	0.613
6	26	τὴν	the	29	26	0.4709
6	26	αὐτὴν	same	30	27	0.651
6	27	τῶν	the	0	2	0.7254
6	27	δὲ	As	1	0	0.461
6	27	λοιπῶν	remaining	2	4	0.811
6	27	πέντε	two	3	3	0.6731
6	27	ἡ	the	4	6	0.592
6	27	μελοποιία	Melody	5	7	0.5641
6	27	μέγιστον	greatest	6	10	0.7344
6	27	τῶν	the	7	12	0.6195
6	27	ἡδυσμάτων	Tragedy	8	16	0.5478
6	28	ἡ	The	0	0	0.6642
6	28	δὲ	though	1	2	0.4829
6	28	ὄψις	attraction	2	4	0.5938
6	28	ψυχαγωγικὸν	artistic	3	8	0.7035
6	28	μέν	least	4	7	0.545
6	28	ἀτεχνότατον	the	5	6	0.6543
6	28	δὲ	and	6	13	0.6428
6	28	ἥκιστα	least	8	15	0.6453
6	28	οἰκεῖον	has	9	14	0.5582
6	28	τῆς	of	10	21	0.6635
6	28	ποιητικῆς	poetry	11	22	0.7485
6	28	ἡ	The	12	23	0.6242
6	28	τῆς	the	14	19	0.5068
6	28	τραγῳδίας	tragic	15	24	0.5115
6	28	δύναμις	possible	16	28	0.552
6	28	ἄνευ	without	18	29	0.6142
6	28	ἀγῶνος	performance	19	32	0.5935
6	28	καὶ	and	20	33	0.732
6	28	ὑποκριτῶν	actors	21	34	0.7095
6	28	ἔστιν	is	22	26	0.6572
6	28	ἔτι	quite	23	27	0.4775
6	28	δὲ	and	24	35	0.6239
6	28	κυριωτέρα	more	25	43	0.5995
6	28	περὶ	besides	26	36	0.5676
6	28	τὴν	the	27	37	0.6643
6	28	ἀπεργασίαν	getting-up	28	38	0.6749
6	28	τῶν	the	29	40	0.4408
6	28	τοῦ	the	32	47	0.6187
6	28	σκευοποιοῦ	costumier	33	48	0.6236
6	28	τέχνη	matter	34	45	0.5432
6	28	τῆς	for	35	46	0.4775
6	28	τῶν	the	36	50	0.6794
6	28	ποιητῶν	poet	37	51	0.6893
6	28	ἐστιν	is	38	42	0.6458
6	2	ἔστιν	is	0	3	0.7765
6	2	οὖν	then	1	2	0.7668
6	2	τραγῳδία	tragedy	2	1	0.8085
6	2	μίμησις	imitation	3	5	0.8062
6	2	πράξεως	action	4	8	0.8
6	2	σπουδαίας	serious	5	11	0.699
6	2	καὶ	and	6	12	0.6988
6	2	τελείας	complete	7	17	0.5937
6	2	μέγεθος	magnitude	8	16	0.6732
6	2	ἐχούσης	having	9	15	0.7006
6	2	ἡδυσμένῳ	dramatic	10	22	0.5907
6	2	λόγῳ	form	11	27	0.5399
6	2	ἑκάστῳ	itself	13	19	0.4438
6	2	ἐν	in	16	24	0.4486
6	2	δρώντων	narrative	19	26	0.4494
6	2	οὐ	not	21	23	0.6609
6	2	δι	with	22	28	0.4982
6	2	ἀπαγγελίας	incidents	23	29	0.5498
6	2	ἐλέου	pity	25	31	0.6768
6	2	καὶ	and	26	32	0.7439
6	2	φόβου	fear	27	33	0.7707
6	2	περαίνουσα	arousing	28	30	0.5733
6	2	τὴν	its	29	37	0.6226
6	2	τῶν	of	30	39	0.6226
6	2	τοιούτων	such	31	40	0.8
6	2	παθημάτων	emotions	32	41	0.7801
6	2	κάθαρσιν	catharsis	33	38	0.7132
6	3	λέγω	by	0	1	0.5475
6	3	δὲ	Here	1	0	0.4819
6	3	ἡδυσμένον	pleasurable	2	4	0.5548
6	3	λόγον	language	4	2	0.6285
6	3	τὸν	that	5	8	0.4423
6	3	ἔχοντα	with	6	9	0.4688
6	3	ῥυθμὸν	rhythm	7	10	0.6168
6	3	καὶ	and	8	11	0.7402
6	3	ἁρμονίαν	harmony	9	12	0.7186
6	3	καὶ	or	10	13	0.6609
6	3	μέλος	song	11	14	0.6728
6	4	δὲ	and	1	0	0.6595
6	4	χωρὶς	separately	2	4	0.6117
6	4	τοῖς	the	3	2	0.4753
6	4	εἴδεσι	kinds	4	3	0.4515
6	4	τὸ	that	5	7	0.401
6	4	διὰ	with	6	13	0.5349
6	4	μέτρων	verse	7	14	0.623
6	4	ἔνια	portions	8	9	0.469
6	4	μόνον	only	9	15	0.781
6	4	περαίνεσθαι	out	10	12	0.62
6	4	καὶ	and	11	16	0.8113
6	4	πάλιν	turn	12	19	0.5043
6	4	ἕτερα	others	13	17	0.663
6	4	διὰ	with	14	20	0.6738
6	4	μέλους	song	15	21	0.6947
6	5	ἐπεὶ	As	0	1	0.6111
6	5	πράττοντες	they	2	2	0.6201
6	5	ποιοῦνται	act	3	3	0.684
6	5	τὴν	the	4	4	0.5971
6	5	μίμησιν	stories	5	5	0.5917
6	5	πρῶτον	first	6	11	0.768
6	5	μὲν	place	7	12	0.493
6	5	ἂν	must	10	20	0.6879
6	5	εἴη	be	11	21	0.7704
6	5	τι	some	12	22	0.7066
6	5	μόριον	part	13	23	0.5715
6	5	τραγῳδίας	actors	14	19	0.5075
6	5	ὁ	the	15	13	0.5731
6	5	τῆς	the	16	18	0.492
6	5	ὄψεως	whole	17	26	0.4073
6	5	κόσμος	Spectacle	18	14	0.4691
6	5	εἶτα	second	19	30	0.5078
6	5	μελοποιία	Melody	20	31	0.6271
6	5	καὶ	and	21	32	0.7147
6	5	λέξις	Diction	22	33	0.7284
6	5	ἐν	in	23	28	0.4102
6	5	τούτοις	these	24	34	0.6816
6	5	γὰρ	two	25	35	0.4993
6	5	ποιοῦνται	means	26	38	0.5698
6	5	τὴν	their	27	40	0.6599
6	5	μίμησιν	imitation	28	41	0.7384
6	6	λέγω	mean	0	4	0.5718
6	6	δὲ	Here	1	0	0.4807
6	6	λέξιν	Diction	2	2	0.5146
6	6	μὲν	merely	3	5	0.5267
6	6	ταύτην	this	4	6	0.6843
6	6	τὴν	the	5	7	0.7075
6	6	τῶν	the	6	10	0.7276
6	6	μέτρων	of	7	9	0.6383
6	6	σύνθεσιν	composition	8	8	0.7049
6	6	μελοποιίαν	Melody	9	14	0.4994
6	6	δὲ	and	10	12	0.5931
6	6	ἣ	what	11	15	0.633
6	6	φανερὰν	understood	14	19	0.5732
6	6	ἔχει	is	15	16	0.5849
6	6	πᾶσαν	completely	16	18	0.5543
6	7	ἐπεὶ	further	0	1	0.5036
6	7	δὲ	But	1	0	0.7897
6	7	πράξεώς	action	2	8	0.6839
6	7	ἐστι	is	3	6	0.7692
6	7	μίμησις	represented	4	4	0.5111
6	7	πράττεται	action	5	11	0.6061
6	7	δὲ	and	6	9	0.6509
6	7	ὑπὸ	involves	7	12	0.4191
6	7	πραττόντων	agents	9	13	0.5549
6	7	οὓς	who	10	14	0.6855
6	7	ἀνάγκη	must	11	15	0.6209
6	7	ποιούς	their	12	18	0.4559
6	7	τινας	distinctive	13	19	0.491
6	7	εἶναι	have	14	17	0.5653
6	7	κατά	of	15	22	0.6065
6	7	τε	both	16	21	0.7418
6	7	ἦθος	character	18	23	0.7557
6	7	καὶ	and	19	24	0.7936
6	7	τὴν	the	20	10	0.4208
6	7	διάνοιαν	thought	21	25	0.7706
6	7	διὰ	from	22	29	0.6841
6	7	γὰρ	since	23	26	0.7013
6	7	τούτων	these	24	30	0.8453
6	7	καὶ	that	25	31	0.5123
6	7	τὰς	to	26	36	0.5301
6	7	πράξεις	actions	27	38	0.7547
6	7	εἶναί	are	28	40	0.6231
6	7	φαμεν	ascribe	29	33	0.5964
6	7	ποιάς	therefore	30	47	0.4656
6	7	τινας	certain	31	34	0.6508
6	7	πέφυκεν	in	32	41	0.5355
6	7	αἴτια	causes	33	49	0.6098
6	7	δύο	two	34	48	0.7402
6	7	τῶν	their	35	37	0.7138
6	7	πράξεων	actions	36	55	0.6836
6	7	εἶναι	is	37	28	0.4844
6	7	διάνοιαν	Character	38	50	0.6256
6	7	καὶ	and	39	51	0.7235
6	7	ἦθος	Thought	40	52	0.6546
6	7	καὶ	of	41	53	0.4167
6	7	κατὰ	consequently	42	57	0.4622
6	7	ταύτας	their	43	54	0.557
6	7	καὶ	and	44	56	0.6486
6	7	τυγχάνουσι	success	45	60	0.6416
6	7	καὶ	or	46	61	0.6361
6	7	ἀποτυγχάνουσι	failure	47	62	0.6138
6	7	πάντες	their	48	64	0.5453
6	8	ἔστιν	is	0	26	0.5326
6	8	δὲ	Now	1	0	0.6639
6	8	τῆς	the	2	1	0.5593
6	8	πράξεως	done	4	6	0.6415
6	8	ὁ	the	5	10	0.4615
6	8	μῦθος	play	6	11	0.4936
6	8	ἡ	The	7	17	0.4534
6	8	μίμησις	represented	8	8	0.4408
6	8	λέγω	term	9	25	0.4935
6	8	γὰρ	simply	10	27	0.4267
6	8	μύθον	sense	11	22	0.4762
6	8	τοῦτον	this	12	28	0.644
6	8	τὴν	the	13	29	0.6876
6	8	σύνθεσιν	combination	14	30	0.6818
6	8	τῶν	the	15	32	0.6557
6	8	πραγμάτων	incidents	16	33	0.5914
6	8	τὰ	the	17	24	0.4284
6	8	δὲ	or	18	34	0.4527
6	8	ἤθη	story	19	39	0.4313
6	8	καθ	whereas	20	40	0.4537
6	8	ὃ	what	21	43	0.5468
6	8	ποιούς	done	22	36	0.4802
6	8	τινας	certain	23	47	0.5485
6	8	εἶναί	is	24	42	0.5936
6	8	φαμεν	ascribe	25	46	0.5874
6	8	τοὺς	the	26	51	0.654
6	8	πράττοντας	agents	27	52	0.6125
6	8	διάνοιαν	Thought	28	54	0.7065
6	8	δέ	and	29	53	0.6359
6	8	ἐν	in	30	57	0.6205
6	8	ὅσοις	all	31	58	0.6283
6	8	λέγοντες	say	32	60	0.6439
6	8	ἀποδεικνύασίν	shown	33	56	0.7151
6	8	τι	a	34	63	0.6049
6	8	ἢ	or	35	66	0.7811
6	8	καὶ	may	36	68	0.5233
6	8	ἀποφαίνονται	enunciating	37	70	0.7624
6	8	γνώμην	truth	38	73	0.618
6	9	οὖν	consequently	1	4	0.6514
6	9	πάσης	every	2	6	0.7438
6	9	τραγῳδίας	tragedy	3	7	0.7943
6	9	μέρη	parts	4	3	0.72
6	9	εἶναι	are	5	1	0.5934
6	9	ἕξ	of	6	13	0.4383
6	9	καθ	viz	7	18	0.5039
6	9	ὃ	such	8	14	0.5053
6	9	ποιά	quality	9	17	0.4513
6	9	ἐστὶν	is	11	12	0.6308
6	9	ἡ	a	12	19	0.4082
6	9	τραγῳδία	Characters	13	23	0.4247
6	9	ἐστὶ	that	16	11	0.4342
6	9	μῦθος	Fable	17	20	0.4909
6	9	ἤθη	Plot	19	22	0.4296
6	9	καὶ	or	20	21	0.4944
6	9	λέξις	Diction	21	24	0.565
6	9	διάνοια	Thought	23	25	0.6396
6	9	ὄψις	Spectacle	25	26	0.5563
6	9	καὶ	and	26	27	0.7396
6	9	μελοποιία	Melody	27	28	0.6123
7	10	ὥστε	Just	0	0	0.5
7	10	δεῖ	must	1	19	0.5504
7	10	καθάπερ	as	2	6	0.6154
7	10	ἐπὶ	of	3	12	0.4245
7	10	τῶν	a	4	7	0.4367
7	10	συστημάτων	parts	5	13	0.6008
7	10	καὶ	or	6	14	0.5285
7	10	τῶν	a	8	15	0.5639
7	10	ζῴων	creature	9	18	0.5833
7	10	ἔχειν	made	10	10	0.4924
7	10	μὲν	some	11	22	0.4199
7	10	μέγεθος	size	12	25	0.6895
7	10	εὐσύνοπτον	beautiful	15	16	0.4055
7	10	εἶναι	be	16	20	0.6514
7	10	οὕτω	so	17	33	0.6821
7	10	καὶ	or	18	36	0.4557
7	10	ἐπὶ	by	19	51	0.4952
7	10	τῶν	the	20	52	0.5387
7	10	μύθων	eye	21	32	0.4851
7	10	ἔχειν	must	22	38	0.5116
7	10	μὲν	some	23	41	0.5005
7	10	μῆκος	length	24	42	0.7546
7	10	τοῦτο	a	25	45	0.4978
7	10	δὲ	but	26	43	0.5999
7	10	εὐμνημόνευτον	memory	27	53	0.5768
7	10	εἶναι	be	28	39	0.5912
7	11	τοῦ	its	0	5	0.6836
7	11	μήκους	length	1	6	0.7126
7	11	ὅρος	limit	2	3	0.5922
7	11	ὁ	that	3	10	0.4819
7	11	μὲν	so	4	7	0.4639
7	11	πρὸς	to	5	13	0.6192
7	11	τοὺς	public	6	14	0.4493
7	11	ἀγῶνας	performances	7	15	0.637
7	11	καὶ	and	8	16	0.6505
7	11	αἴσθησιν	spectators	10	17	0.5191
7	11	οὐ	not	11	20	0.7637
7	11	τῆς	the	12	23	0.5135
7	11	τέχνης	theory	13	24	0.5715
7	11	ἐστίν	does	14	19	0.6593
7	11	εἰ	If	15	27	0.7385
7	11	ἔδει	had	17	29	0.6419
7	11	ἑκατὸν	hundred	18	33	0.5356
7	11	τραγῳδίας	tragedies	19	34	0.677
7	11	ἀγωνίζεσθαι	perform	20	31	0.5836
7	11	πρὸς	by	21	39	0.6572
7	11	κλεψύδρας	water-clocks	22	40	0.714
7	11	ἂν	would	23	36	0.7354
7	11	ἠγωνίζοντο	timed	24	38	0.6868
7	11	ὥσπερ	as	25	41	0.6475
7	11	ποτὲ	one	26	49	0.5291
7	11	καὶ	been	27	47	0.4257
7	11	ἄλλοτέ	period	28	50	0.4413
7	12	ὁ	The	0	0	0.7363
7	12	δὲ	however	1	2	0.6867
7	12	κατ	by	2	4	0.6091
7	12	αὐτὴν	actual	3	6	0.67
7	12	τὴν	the	4	5	0.7189
7	12	φύσιν	nature	5	7	0.794
7	12	τοῦ	the	6	9	0.8313
7	12	πράγματος	thing	7	10	0.8159
7	12	ὅρος	limit	8	1	0.6694
7	12	μὲν	this	10	12	0.4161
7	12	ὁ	the	11	13	0.6589
7	12	μείζων	longer	12	14	0.6425
7	12	μέχρι	with	13	18	0.483
7	12	τοῦ	its	14	19	0.5656
7	12	σύνδηλος	comprehensible	15	21	0.5769
7	12	εἶναι	being	16	20	0.6561
7	12	καλλίων	finer	17	26	0.6801
7	12	ἐστὶ	is	18	28	0.6922
7	12	κατὰ	by	19	29	0.6232
7	12	τὸ	its	20	32	0.5628
7	12	μέγεθος	magnitude	21	33	0.6878
7	12	ὡς	As	22	34	0.5898
7	12	ἁπλῶς	general	24	37	0.5964
7	12	διορίσαντας	formula	25	38	0.5285
7	12	εἰπεῖν	story	26	16	0.4438
7	12	ἐν	by	27	47	0.5636
7	12	ὅσῳ	series	28	49	0.4748
7	12	μεγέθει	length	29	40	0.6955
7	12	κατὰ	of	30	50	0.4508
7	12	τὸ	the	31	44	0.4197
7	12	εἰκὸς	probable	32	51	0.5467
7	12	ἢ	or	33	52	0.6574
7	12	τὸ	which	34	41	0.4425
7	12	ἀναγκαῖον	necessary	35	53	0.6782
7	12	ἐφεξῆς	a	36	48	0.5236
7	12	γιγνομένων	stages	37	54	0.475
7	12	συμβαίνει	allows	38	42	0.631
7	12	εἰς	to	39	57	0.5446
7	12	εὐτυχίαν	happiness	40	58	0.5916
7	12	ἐκ	from	41	55	0.6442
7	12	δυστυχίας	misfortune	42	56	0.7152
7	12	ἢ	or	43	59	0.7908
7	12	ἐξ	from	44	60	0.7642
7	12	εὐτυχίας	happiness	45	61	0.7264
7	12	εἰς	to	46	62	0.8114
7	12	δυστυχίαν	misfortune	47	63	0.8197
7	12	μεταβάλλειν	passing	48	46	0.5882
7	12	ἱκανὸς	suffice	49	65	0.5358
7	12	ὅρος	limit	50	68	0.6571
7	12	ἐστὶν	may	51	64	0.6744
7	12	τοῦ	the	52	73	0.6552
7	12	μεγέθους	magnitude	53	71	0.669
7	1	Διωρισμένων	distinguished	0	2	0.8089
7	1	δὲ	thus	1	1	0.4588
7	1	τούτων	the	2	3	0.6023
7	1	λέγωμεν	let	3	5	0.6643
7	1	δεῖ	proper	8	10	0.4749
7	1	τὴν	the	9	9	0.6052
7	1	σύστασιν	construction	10	11	0.5964
7	1	τῶν	the	12	13	0.5316
7	1	πραγμάτων	of	13	12	0.4674
7	1	ἐπειδὴ	as	14	17	0.5599
7	1	τοῦτο	that	15	18	0.6166
7	1	καὶ	once	16	21	0.5197
7	1	πρῶτον	first	17	23	0.7881
7	1	καὶ	and	18	24	0.8373
7	1	μέγιστον	most	19	26	0.7292
7	1	τῆς	in	20	29	0.6361
7	1	τραγῳδίας	Tragedy	21	30	0.6813
7	1	ἐστίν	is	22	19	0.6576
7	2	κεῖται	laid	0	2	0.5557
7	2	δὴ	have	1	1	0.425
7	2	ἡμῖν	We	2	0	0.5763
7	2	τὴν	a	3	6	0.5839
7	2	τραγῳδίαν	tragedy	4	7	0.6568
7	2	τελείας	complete	5	16	0.4742
7	2	καὶ	as	6	19	0.4075
7	2	ὅλης	whole	7	21	0.4934
7	2	πράξεως	action	8	13	0.6611
7	2	εἶναι	is	9	8	0.6789
7	2	μίμησιν	imitation	10	10	0.5956
7	2	ἐχούσης	is	11	15	0.513
7	2	τι	some	12	23	0.6183
7	2	μέγεθος	magnitude	13	24	0.5969
7	2	ἔστιν	be	14	29	0.6508
7	2	γὰρ	for	15	25	0.4791
7	2	ὅλον	whole	16	27	0.5913
7	2	μηδὲν	no	18	31	0.7108
7	2	ἔχον	of	19	30	0.515
7	2	μέγεθος	magnitude	20	32	0.6584
7	3	ὅλον	whole	0	2	0.7355
7	3	δὲ	Now	1	0	0.4856
7	3	ἐστὶν	is	2	3	0.7089
7	3	τὸ	that	3	4	0.6055
7	3	ἔχον	has	4	6	0.6896
7	3	ἀρχὴν	beginning	5	7	0.7662
7	3	μέσον	middle	7	8	0.7344
7	3	καὶ	and	8	9	0.7526
7	3	τελευτήν	end	9	10	0.7681
7	5	τελευτὴ	end	0	1	0.787
7	5	δὲ	an	1	0	0.5567
7	5	τοὐναντίον	naturally	2	6	0.5062
7	5	ὃ	which	3	4	0.6325
7	5	αὐτὸ	itself	4	9	0.6518
7	5	μετ	after	5	7	0.4793
7	5	ἄλλο	something	6	8	0.4333
7	5	εἶναι	is	8	5	0.5598
7	5	ἢ	or	9	14	0.6031
7	5	ἐξ	usual	10	15	0.4938
7	5	ἀνάγκης	necessary	11	13	0.6495
7	5	ὡς	consequent	13	16	0.4091
7	5	μετὰ	after	17	21	0.7001
7	5	δὲ	and	18	17	0.5686
7	5	τοῦτο	it	19	22	0.6469
7	5	ἄλλο	else	20	20	0.7242
7	5	οὐδέν	nothing	21	19	0.757
7	6	μέσον	middle	0	2	0.7275
7	6	δὲ	and	1	0	0.7105
7	6	ὃ	that	2	3	0.7307
7	6	καὶ	also	3	13	0.4449
7	6	αὐτὸ	which	4	4	0.4908
7	6	μετ	after	5	8	0.6649
7	6	ἄλλο	thing	6	10	0.654
7	6	καὶ	and	7	11	0.7085
7	6	μετ	after	8	15	0.7098
7	6	ἐκεῖνο	it	9	16	0.7075
7	6	ἕτερον	another	10	14	0.6592
7	7	δεῖ	cannot	0	4	0.5446
7	7	ἄρα	therefore	1	3	0.6475
7	7	τοὺς	A	2	0	0.5211
7	7	εὖ	well-constructed	4	1	0.5057
7	7	μύθους	Plot	5	2	0.5105
7	7	μήθ	either	6	5	0.463
7	7	ὁπόθεν	point	7	11	0.4679
7	7	ἄρχεσθαι	begin	9	6	0.6193
7	7	μήθ	or	10	7	0.4549
7	7	ὅπου	at	11	9	0.4812
7	7	τελευτᾶν	end	13	16	0.4961
7	7	ἀλλὰ	and	14	15	0.4725
7	7	κεχρῆσθαι	be	15	20	0.5522
7	7	ταῖς	the	16	22	0.6193
7	7	εἰρημέναις	described	17	25	0.6416
7	7	ἰδέαις	forms	18	23	0.6931
7	8	ἔτι	Again	0	0	0.743
7	8	ἐπεὶ	to	2	1	0.5035
7	8	τὸ	a	3	4	0.5699
7	8	καλὸν	beautiful	4	3	0.696
7	8	καὶ	living	5	5	0.5216
7	8	ζῷον	creature	6	6	0.6461
7	8	καὶ	and	7	7	0.5993
7	8	ἅπαν	every	8	8	0.6693
7	8	συνέστηκεν	made	11	10	0.5099
7	8	ἐκ	of	12	12	0.4499
7	8	τινῶν	parts	13	13	0.4778
7	8	οὐ	not	14	15	0.7565
7	8	μόνον	only	15	16	0.7442
7	8	ταῦτα	certain	16	19	0.5088
7	8	τεταγμένα	order	17	20	0.5407
7	8	δεῖ	must	18	14	0.7121
7	8	ἔχειν	present	19	17	0.6402
7	8	ἀλλὰ	but	20	26	0.74
7	8	καὶ	also	21	27	0.623
7	8	μέγεθος	magnitude	22	33	0.5948
7	8	ὑπάρχειν	be	23	28	0.6441
7	8	τὸ	certain	25	31	0.4159
7	8	τυχόν	definite	26	32	0.4941
7	8	ἐν	in	30	21	0.4204
7	8	μεγέθει	arrangement	31	23	0.4057
7	9	διὸ	therefore	0	9	0.5842
7	9	οὔτε	either	1	11	0.5282
7	9	πάμμικρον	very	2	15	0.4927
7	9	τι	a	4	2	0.4863
7	9	καλὸν	Beauty	6	0	0.492
7	9	ζῷον	creature	7	17	0.5617
7	9	συγχεῖται	is	8	1	0.4678
7	9	γὰρ	since	9	18	0.5916
7	9	ἡ	our	10	19	0.4985
7	9	θεωρία	perception	11	20	0.6433
7	9	ἐγγὺς	as	12	23	0.457
7	9	τοῦ	a	13	14	0.5953
7	9	ἀναισθήτου	indistinct	14	22	0.6254
7	9	χρόνου	minute	15	16	0.5568
7	9	γινομένη	becomes	16	21	0.626
7	9	οὔτε	or	17	27	0.5509
7	9	παμμέγεθες	vast	18	33	0.5842
7	9	οὐ	say	19	35	0.4136
7	9	γὰρ	in	20	39	0.4333
7	9	ἅμα	once	21	50	0.4954
7	9	γίνεται	being	24	46	0.4957
7	9	ἀλλ	of	25	43	0.4804
7	9	οἴχεται	instead	26	42	0.5759
7	9	τοῖς	the	27	44	0.6161
7	9	θεωροῦσι	object	28	45	0.6185
7	9	τὸ	the	29	51	0.7069
7	9	ἓν	unity	30	52	0.6994
7	9	καὶ	and	31	53	0.706
7	9	τὸ	all	32	48	0.5759
7	9	ὅλον	wholeness	33	54	0.7063
7	9	ἐκ	to	34	59	0.4396
7	9	τῆς	the	35	60	0.4835
7	9	θεωρίας	beholder	36	61	0.5082
7	9	οἷον	case	37	41	0.4145
7	9	μυρίων	1000	39	36	0.4722
7	9	εἴη	is	41	57	0.5201
7	9	ζῷον	of	42	55	0.4663
8	1	Μῦθος	Unity	0	1	0.6375
8	1	δ	The	1	0	0.4707
8	1	ἐστὶν	does	2	5	0.5634
8	1	εἷς	consist	3	7	0.4524
8	1	οὐχ	not	4	6	0.7296
8	1	ὥσπερ	as	5	8	0.7645
8	1	τινὲς	some	6	9	0.7113
8	1	οἴονται	suppose	7	10	0.6698
8	1	ἐὰν	in	8	11	0.5102
8	1	περὶ	man	9	15	0.4756
8	1	ἕνα	one	10	14	0.6671
8	1	πολλὰ	infinity	12	20	0.568
8	1	γὰρ	things	13	22	0.4431
8	1	καὶ	An	14	19	0.4089
8	1	ἄπειρα	reduce	15	34	0.4614
8	1	τῷ	man	16	26	0.539
8	1	ἑνὶ	one	17	25	0.6347
8	1	συμβαίνει	befall	18	23	0.6389
8	1	ἐξ	of	19	28	0.5859
8	1	ὧν	which	20	29	0.6113
8	1	ἐνίων	some	21	27	0.4364
8	1	οὐδέν	impossible	22	32	0.6219
8	1	ἐστιν	is	23	31	0.6632
8	1	ἕν	unity	24	36	0.565
8	1	οὕτως	manner	25	40	0.6989
8	1	δὲ	and	26	37	0.6505
8	1	καὶ	like	27	39	0.4182
8	1	πράξεις	actions	28	44	0.7917
8	1	ἑνὸς	one	29	46	0.644
8	1	πολλαί	many	30	43	0.7883
8	1	εἰσιν	are	31	42	0.7288
8	1	ἐξ	man	32	47	0.4863
8	1	ὧν	which	33	48	0.6054
8	1	μία	one	34	54	0.6172
8	1	οὐδεμία	cannot	35	49	0.5902
8	1	γίνεται	made	36	51	0.7184
8	1	πρᾶξις	action	37	55	0.8149
8	2	διὸ	therefore	0	2	0.709
8	2	πάντες	all	1	6	0.6705
8	2	ἐοίκασιν	sees	2	1	0.5678
8	2	ἁμαρτάνειν	mistake	3	4	0.6132
8	2	ὅσοι	who	4	9	0.5116
8	2	τῶν	the	5	7	0.7281
8	2	ποιητῶν	poets	6	8	0.7471
8	2	Ἡρακληίδα	Heracleid	7	13	0.7477
8	2	Θησηίδα	Theseid	8	15	0.64
8	2	καὶ	or	9	16	0.6917
8	2	τοιαῦτα	similar	11	17	0.6061
8	2	ποιήματα	poems	12	18	0.716
8	2	πεποιήκασιν	written	13	11	0.6868
8	2	οἴονται	suppose	14	20	0.7635
8	2	γάρ	that	15	21	0.4751
8	2	ἐπεὶ	because	16	22	0.75
8	2	εἷς	one	17	25	0.7858
8	2	ἦν	was	18	24	0.803
8	2	ὁ	Heracles	19	31	0.411
8	2	Ἡρακλῆς	Heracles	20	23	0.7059
8	2	ἕνα	one	21	34	0.5689
8	2	καὶ	also	22	29	0.6119
8	2	τὸν	the	23	27	0.6261
8	2	μῦθον	story	24	28	0.5769
8	2	εἶναι	be	25	33	0.7153
8	2	προσήκειν	must	26	32	0.6714
8	3	δ	however	1	1	0.6462
8	3	Ὅμηρος	Homer	2	0	0.7496
8	3	ὥσπερ	as	3	18	0.4052
8	3	τὰ	the	5	21	0.5041
8	3	ἄλλα	other	6	25	0.6178
8	3	διαφέρει	excels	7	20	0.5
8	3	καὶ	quite	8	6	0.4788
8	3	τοῦτ	this	9	4	0.6349
8	3	ἔοικεν	evidently	10	2	0.5312
8	3	καλῶς	well	11	7	0.6149
8	3	ἰδεῖν	understood	12	3	0.576
8	3	ἤτοι	whether	13	8	0.7587
8	3	διὰ	by	14	9	0.7982
8	3	τέχνην	art	15	10	0.7649
8	3	ἢ	or	16	11	0.6245
8	3	διὰ	in	17	14	0.4672
8	3	φύσιν	instinct	18	12	0.496
8	3	Ὀδύσσειαν	Odyssey	19	30	0.6736
8	3	γὰρ	for	20	46	0.5066
8	3	ποιῶν	writing	21	28	0.6345
8	3	οὐκ	not	22	33	0.7772
8	3	ἐποίησεν	did	23	32	0.7302
8	3	ἅπαντα	all	24	38	0.7713
8	3	ὅσα	that	25	39	0.6797
8	3	αὐτῷ	him	26	45	0.7138
8	3	συνέβη	befell	27	44	0.6845
8	3	οἷον	instance	28	47	0.7997
8	3	πληγῆναι	wounded	29	50	0.8202
8	3	μὲν	get	30	49	0.6637
8	3	ἐν	on	31	51	0.7728
8	3	τῷ	to	32	48	0.4646
8	3	Παρνασσῷ	Parnassus	33	52	0.8107
8	3	μανῆναι	madness	34	57	0.6604
8	3	δὲ	and	35	53	0.7304
8	3	προσποιήσασθαι	feign	36	56	0.7059
8	3	ἐν	at	37	58	0.6846
8	3	τῷ	the	38	62	0.6552
8	3	ἀγερμῷ	arms	39	65	0.6367
8	3	ὧν	but	40	66	0.6478
8	3	οὐδὲ	no	41	71	0.7342
8	3	θατέρου	another-instead	42	78	0.6309
8	3	γενομένου	had	43	70	0.5706
8	3	ἀναγκαῖον	probable	44	72	0.6499
8	3	ἢ	or	45	73	0.5955
8	3	εἰκὸς	necessary	46	74	0.4448
8	3	θάτερον	with	47	76	0.488
8	3	γενέσθαι	connexion	48	75	0.4942
8	3	ἀλλὰ	of	49	79	0.4662
8	3	περὶ	with	50	86	0.5379
8	3	μίαν	Unity	51	88	0.5202
8	3	πρᾶξιν	action	52	85	0.5672
8	3	οἵαν	kind	53	91	0.516
8	3	λέγομεν	describing	54	94	0.6643
8	3	τὴν	the	55	99	0.6545
8	3	Ὀδύσσειαν	Odyssey	56	100	0.7282
8	3	συνέστησεν	subject	57	97	0.5519
8	3	ὁμοίως	as	58	101	0.6538
8	3	δὲ	as	59	95	0.4416
8	3	καὶ	also	60	102	0.7634
8	3	τὴν	the	61	104	0.7712
8	3	Ἰλιάδα	Iliad	62	105	0.7617
8	4	χρὴ	must	0	28	0.6155
8	4	οὖν	that	1	3	0.4369
8	4	καθάπερ	as	2	5	0.8026
8	4	καὶ	just	3	4	0.654
8	4	ἐν	in	4	6	0.8517
8	4	ταῖς	the	5	7	0.8088
8	4	ἄλλαις	other	6	8	0.8357
8	4	μιμητικαῖς	imitative	7	9	0.7455
8	4	ἡ	an	8	24	0.4459
8	4	μία	one	9	11	0.748
8	4	μίμησις	imitation	10	12	0.7634
8	4	ἑνός	one	11	16	0.7158
8	4	ἐστιν	is	12	13	0.7525
8	4	οὕτω	so	13	18	0.6411
8	4	καὶ	poetry	14	20	0.4721
8	4	τὸν	the	15	21	0.6916
8	4	μῦθον	story	16	22	0.6519
8	4	ἐπεὶ	as	17	23	0.5448
8	4	πράξεως	action	18	27	0.7238
8	4	μίμησίς	imitation	19	25	0.7057
8	4	ἐστι	represent	20	29	0.5259
8	4	μιᾶς	a	21	32	0.5178
8	4	εἶναι	whole	23	34	0.4728
8	4	ταύτης	its	24	36	0.5223
8	4	καὶ	with	25	35	0.5044
8	4	ὅλης	complete	26	33	0.6722
8	4	τὰ	the	28	43	0.4282
8	4	μέρη	several	29	37	0.5137
8	4	συνεστάναι	connected	30	41	0.6126
8	4	τῶν	them	31	51	0.5002
8	4	πραγμάτων	incidents	32	38	0.593
8	4	οὕτως	so	33	39	0.6421
8	4	ὥστε	that	34	42	0.7243
8	4	μετατιθεμένου	transposal	35	44	0.6601
8	4	τινὸς	any	36	48	0.654
8	4	μέρους	one	37	49	0.4713
8	4	ἢ	or	38	45	0.7305
8	4	ἀφαιρουμένου	withdrawal	39	46	0.6648
8	4	διαφέρεσθαι	disjoin	40	53	0.7108
8	4	καὶ	and	41	54	0.7771
8	4	κινεῖσθαι	dislocate	42	55	0.7145
8	4	τὸ	the	43	56	0.8296
8	4	ὅλον	whole	44	57	0.8277
8	4	ὃ	that	45	59	0.6851
8	4	γὰρ	For	46	58	0.7143
8	4	προσὸν	presence	47	67	0.614
8	4	ἢ	or	48	68	0.7536
8	4	μὴ	absence	49	69	0.6753
8	4	προσὸν	difference	50	64	0.4871
8	4	μηδὲν	no	51	62	0.7093
8	4	ποιεῖ	makes	52	61	0.7461
8	4	ἐπίδηλον	perceptible	53	63	0.638
8	4	οὐδὲν	no	54	71	0.7557
8	4	μόριον	part	55	73	0.6808
8	4	τοῦ	the	56	75	0.8061
8	4	ὅλου	whole	57	76	0.8028
8	4	ἐστίν	is	58	70	0.8136
9	10	κἂν	if	0	1	0.794
9	10	ἄρα	And	1	0	0.6098
9	10	συμβῇ	come	2	4	0.7185
9	10	γενόμενα	actual	3	10	0.5814
9	10	ποιεῖν	he	4	2	0.5429
9	10	οὐθὲν	none	5	14	0.7933
9	10	ἧττον	less	6	16	0.7776
9	10	ποιητής	poet	7	18	0.8514
9	10	ἐστι	is	8	13	0.6758
9	10	γὰρ	for	10	19	0.6121
9	10	γενομένων	occurrences	11	24	0.4698
9	10	ἔνια	historic	12	23	0.5399
9	10	κωλύει	the	14	15	0.4488
9	10	τοιαῦτα	things	15	36	0.412
9	10	εἶναι	be	16	28	0.5421
9	10	οἷα	of	17	35	0.4209
9	10	ἂν	may	18	25	0.559
9	10	εἰκὸς	probable	19	31	0.4385
9	10	γενέσθαι	in	20	29	0.4193
9	10	καὶ	and	21	32	0.6672
9	10	δυνατὰ	possible	22	33	0.615
9	10	γενέσθαι	is	23	39	0.4931
9	10	καθ	in	24	40	0.5671
9	10	ὃ	that	25	45	0.5943
9	10	ἐκεῖνος	he	26	46	0.6294
9	10	αὐτῶν	them	27	44	0.5849
9	10	ποιητής	poet	28	49	0.7761
9	10	ἐστιν	is	29	47	0.7132
9	11b	τοιαῦται	this	0	2	0.6833
9	11b	δὲ	Actions	1	0	0.4664
9	11b	ποιοῦνται	construct	2	6	0.7034
9	11b	τῶν	their	5	8	0.4148
9	11b	φαύλων	bad	6	4	0.6278
9	11b	ποιητῶν	poets	7	5	0.7072
9	11b	δι	through	8	7	0.619
9	11b	αὑτούς	own	9	9	0.7415
9	11b	ὑπὸ	on	10	14	0.4806
9	11b	δὲ	and	11	11	0.586
9	11b	τῶν	good	12	26	0.441
9	11b	ἀγαθῶν	good	13	12	0.595
9	11b	διὰ	account	14	15	0.5713
9	11b	τοὺς	the	15	17	0.6897
9	11b	ὑποκριτάς	players	16	18	0.6415
9	11b	ἀγωνίσματα	work	17	20	0.5208
9	11b	γὰρ	often	18	28	0.4417
9	11b	ποιοῦντες	being	19	21	0.4636
9	11b	καὶ	and	20	36	0.5324
9	11b	παρὰ	beyond	21	33	0.6044
9	11b	τὴν	its	22	34	0.5648
9	11b	δύναμιν	capabilities	23	35	0.6271
9	11b	παρατείνοντες	to	24	40	0.4911
9	11b	μῦθον	sequence	25	43	0.5146
9	11b	πολλάκις	thus	26	38	0.5768
9	11b	διαστρέφειν	twist	27	41	0.7312
9	11b	ἀναγκάζονται	obliged	28	39	0.7946
9	11b	τὸ	the	29	42	0.6485
9	11b	ἐφεξῆς	incident	30	45	0.621
9	11c	δὲ	however	1	1	0.7146
9	11c	οὐ	not	2	5	0.7493
9	11c	μόνον	only	3	6	0.7795
9	11c	τελείας	complete	4	9	0.7069
9	11c	ἐστὶ	is	5	2	0.6568
9	11c	πράξεως	action	6	10	0.7594
9	11c	ἡ	an	7	3	0.5533
9	11c	μίμησις	imitation	8	4	0.6232
9	11c	ἀλλὰ	but	9	11	0.7344
9	11c	καὶ	also	10	12	0.5526
9	11c	φοβερῶν	pity	11	16	0.6195
9	11c	καὶ	and	12	17	0.634
9	11c	ἐλεεινῶν	fear	13	18	0.6698
9	11c	ὅταν	of	21	13	0.4014
9	11c	γένηται	incidents	22	14	0.4203
9	11c	παρὰ	arousing	23	15	0.4223
9	11	τῶν	Of	0	0	0.4513
9	11	ἁπλῶν	simple	2	1	0.7314
9	11	μύθων	Plots	3	2	0.6995
9	11	καὶ	and	4	3	0.7588
9	11	πράξεων	actions	5	4	0.833
9	11	αἱ	the	6	5	0.6694
9	11	ἐπεισοδιώδεις	episodic	7	6	0.6384
9	11	εἰσὶν	are	8	7	0.6907
9	11	χείρισται	worst	9	9	0.5385
9	11	λέγω	I	10	10	0.6368
9	11	δ	call	11	11	0.4643
9	11	ἐπεισοδιώδη	episodic	12	14	0.5783
9	11	μῦθον	a	13	12	0.4681
9	11	ἐν	when	14	15	0.5177
9	11	τὰ	the	16	23	0.4309
9	11	ἐπεισόδια	episodes	17	27	0.4514
9	11	οὔτ	neither	20	18	0.6917
9	11	εἰκὸς	probability	21	19	0.5644
9	11	οὔτ	nor	22	20	0.7143
9	11	ἀνάγκη	necessity	23	21	0.7463
9	11	εἶναι	is	24	17	0.5561
9	12	τὸ	the	0	3	0.5447
9	12	γὰρ	Such	1	0	0.5386
9	12	θαυμαστὸν	marvellous	2	29	0.6044
9	12	οὕτως	very	3	4	0.5795
9	12	ἕξει	have	4	2	0.731
9	12	μᾶλλον	greatest	5	5	0.631
9	12	εἰ	when	7	10	0.6604
9	12	ἀπὸ	in	8	19	0.5258
9	12	τοῦ	one	9	22	0.5427
9	12	αὐτομάτου	unexpectedly	10	13	0.5708
9	12	καὶ	and	11	14	0.583
9	12	τῆς	the	12	28	0.4275
9	12	τύχης	happened	13	36	0.4782
9	12	ἐπεὶ	then	14	32	0.5296
9	12	καὶ	Even	15	43	0.5294
9	12	τῶν	mere	16	41	0.4974
9	12	ἀπὸ	by	17	40	0.6347
9	12	τύχης	chance	18	42	0.7056
9	12	ταῦτα	matters	19	44	0.5436
9	12	θαυμασιώτατα	marvellous	20	49	0.743
9	12	δοκεῖ	is	21	25	0.5246
9	12	ὅσα	than	22	33	0.5273
9	12	ὥσπερ	or	23	39	0.4787
9	12	ἐπίτηδες	chance	24	46	0.5814
9	12	φαίνεται	seem	25	47	0.7891
9	12	γεγονέναι	were	26	59	0.5996
9	12	οἷον	as	27	62	0.7644
9	12	ὡς	for	28	63	0.7338
9	12	ὁ	the	29	65	0.712
9	12	ἀνδριὰς	statue	30	66	0.5872
9	12	ὁ	the	31	72	0.599
9	12	τοῦ	of	32	67	0.7169
9	12	Μίτυος	Mitys	33	68	0.7941
9	12	ἐν	at	34	69	0.7755
9	12	Ἄργει	Argos	35	70	0.8397
9	12	ἀπέκτεινεν	killed	36	71	0.7155
9	12	τὸν	an	37	53	0.4736
9	12	αἴτιον	author	38	73	0.5338
9	12	τοῦ	a	39	86	0.4608
9	12	θανάτου	death	40	76	0.708
9	12	τῷ	of	41	74	0.4688
9	12	Μίτυι	Mitys	42	75	0.6485
9	12	θεωροῦντι	looker-on	43	84	0.6374
9	12	ἐμπεσών	falling	44	78	0.6693
9	12	ἔοικε	think	45	94	0.7082
9	12	γὰρ	like	46	91	0.506
9	12	τὰ	incidents	47	90	0.5551
9	12	τοιαῦτα	to	48	95	0.5326
9	12	οὐκ	not	49	97	0.7843
9	12	εἰκῇ	meaning	50	100	0.606
9	12	γίνεσθαι	be	51	96	0.6933
9	13	ὥστε	therefore	0	2	0.4928
9	13	τοιούτους	this	3	4	0.5685
9	13	εἶναι	is	4	6	0.5208
9	13	καλλίους	finer	5	8	0.6219
9	13	μύθους	Plot	6	1	0.4599
9	1	Φανερὸν	seen	0	8	0.4939
9	1	ἐκ	From	2	0	0.6527
9	1	τῶν	what	3	1	0.6072
9	1	εἰρημένων	said	4	4	0.6702
9	1	ὅτι	that	6	9	0.6026
9	1	οὐ	not	7	16	0.7319
9	1	τὸ	the	8	17	0.6562
9	1	τὰ	that	9	19	0.6286
9	1	γενόμενα	happened	10	21	0.7398
9	1	λέγειν	describe	11	15	0.699
9	1	τοῦτο	thing	12	18	0.5474
9	1	ποιητοῦ	poet's	13	11	0.6468
9	1	ἔργον	function	14	12	0.6902
9	1	ἐστίν	is	15	13	0.6841
9	1	ἀλλ	but	16	22	0.6794
9	1	οἷα	of	17	25	0.6009
9	1	ἂν	might	18	28	0.7371
9	1	γένοιτο	happen	19	29	0.7273
9	1	καὶ	e	20	31	0.5566
9	1	τὰ	what	21	32	0.5326
9	1	δυνατὰ	possible	22	34	0.6418
9	1	κατὰ	as	23	35	0.5111
9	1	εἰκὸς	probable	25	37	0.5016
9	1	ἢ	or	26	38	0.7115
9	1	ἀναγκαῖον	necessary	28	39	0.7436
9	2	ὁ	The	0	0	0.6043
9	2	ἱστορικὸς	historian	2	3	0.6968
9	2	καὶ	and	3	4	0.537
9	2	ὁ	the	4	14	0.4034
9	2	ποιητὴς	poet	5	5	0.6773
9	2	οὐ	not	6	7	0.7674
9	2	τῷ	the	7	9	0.5183
9	2	ἢ	between	8	2	0.5024
9	2	ἔμμετρα	one	9	10	0.5188
9	2	λέγειν	writing	10	11	0.641
9	2	ἢ	and	11	13	0.5818
9	2	ἄμετρα	other	12	15	0.5031
9	2	διαφέρουσιν	distinction	13	1	0.5487
9	2	εἴη	is	14	6	0.5708
9	2	γὰρ	verse-you	15	16	0.407
9	2	ἂν	might	16	17	0.7037
9	2	τὰ	the	17	19	0.746
9	2	Ἡροδότου	Herodotus	18	22	0.7878
9	2	εἰς	into	19	23	0.7069
9	2	μέτρα	verse	20	24	0.6649
9	2	τεθῆναι	put	21	18	0.6808
9	2	καὶ	and	22	25	0.6508
9	2	ἧττον	really	24	36	0.4718
9	2	ἂν	would	25	27	0.629
9	2	εἴη	be	26	29	0.6105
9	2	ἱστορία	history	27	33	0.6114
9	2	τις	species	28	31	0.4718
9	2	μετὰ	that	29	45	0.4463
9	2	μέτρου	has	30	46	0.4481
9	2	ἀλλὰ	it	34	34	0.468
9	2	τούτῳ	this	35	38	0.5961
9	2	διαφέρει	consists	36	35	0.6503
9	2	τῷ	that	37	39	0.5996
9	2	τὸν	the	38	40	0.7967
9	2	μὲν	one	39	41	0.6663
9	2	τὰ	the	40	43	0.6617
9	2	γενόμενα	been	41	47	0.7236
9	2	λέγειν	describes	42	42	0.6869
9	2	τὸν	the	43	49	0.7522
9	2	δὲ	and	44	48	0.6431
9	2	οἷα	kind	45	52	0.6881
9	2	ἂν	might	46	56	0.8163
9	2	γένοιτο	be	47	57	0.8097
9	3	διὸ	Hence	0	0	0.7923
9	3	φιλοσοφώτερον	more	2	4	0.6403
9	3	καὶ	and	3	6	0.7506
9	3	σπουδαιότερον	graver	4	8	0.6432
9	3	ποίησις	history	5	11	0.4517
9	3	ἱστορίας	poetry	6	1	0.6639
9	3	ἐστίν	is	7	2	0.7621
9	3	ἡ	its	8	13	0.5551
9	3	γὰρ	since	10	12	0.6428
9	3	ποίησις	statements	11	14	0.5853
9	3	μᾶλλον	rather	12	19	0.6323
9	3	τὰ	of	13	20	0.5917
9	3	καθόλου	universals	14	21	0.6375
9	3	ἡ	those	15	23	0.6095
9	3	δ	whereas	16	22	0.5528
9	3	ἱστορία	history	17	25	0.623
9	3	τὰ	singulars	18	27	0.5952
9	3	καθ	of	19	24	0.4632
9	3	λέγει	are	21	26	0.5608
9	4	ἔστιν	By	0	0	0.4347
9	4	καθόλου	universal	2	2	0.6305
9	4	μέν	one	3	6	0.4302
9	4	τῷ	to	4	8	0.4926
9	4	ποίῳ	as	5	7	0.5846
9	4	τὰ	what	6	9	0.5558
9	4	ποῖα	such	7	10	0.5522
9	4	ἄττα	or	8	11	0.478
9	4	συμβαίνει	will	9	17	0.5273
9	4	λέγειν	say	10	21	0.6831
9	4	ἢ	or	11	22	0.6758
9	4	πράττειν	do-which	12	23	0.6099
9	4	εἰκὸς	necessarily	15	20	0.5413
9	4	ἢ	or	16	19	0.5166
9	4	τὸ	the	17	25	0.5957
9	4	ἀναγκαῖον	aim	18	26	0.5905
9	4	οὗ	though	19	29	0.426
9	4	στοχάζεται	affixes	20	31	0.6392
9	4	ἡ	of	21	27	0.486
9	4	ποίησις	poetry	22	28	0.6533
9	4	ὀνόματα	names	23	33	0.6965
9	4	ἐπιτιθεμένη	it	24	30	0.5298
9	4	τὸ	one	25	41	0.561
9	4	δὲ	the	26	35	0.4243
9	4	καθ	to	27	51	0.4709
9	4	ἕκαστον	him	28	52	0.5031
9	4	τί	what	29	44	0.6228
9	4	Ἀλκιβιάδης	Alcibiades	30	46	0.801
9	4	ἔπραξεν	did	31	47	0.7426
9	4	ἢ	or	32	48	0.6422
9	4	τί	had	33	49	0.4063
9	4	ἔπαθεν	done	34	50	0.6965
9	5	ἐπὶ	In	0	0	0.6777
9	5	οὖν	this	2	7	0.4121
9	5	κωμῳδίας	Comedy	4	1	0.6848
9	5	ἤδη	already	5	16	0.563
9	5	τοῦτο	this	6	2	0.7148
9	5	δῆλον	clear	7	5	0.7702
9	5	γέγονεν	has	8	3	0.6878
9	5	συστήσαντες	they	9	23	0.5451
9	5	γὰρ	when	10	12	0.475
9	5	τὸν	their	11	13	0.4956
9	5	μῦθον	plot	12	14	0.5455
9	5	διὰ	of	13	19	0.5269
9	5	τῶν	the	14	33	0.474
9	5	εἰκότων	probable	15	20	0.4997
9	5	οὕτω	purpose	16	34	0.426
9	5	τὰ	any	17	35	0.6241
9	5	τυχόντα	proper	18	29	0.6323
9	5	ὀνόματα	names	19	36	0.7196
9	5	ὑποτιθέασιν	give	20	24	0.6397
9	5	καὶ	of	21	43	0.5485
9	5	οὐχ	instead	22	42	0.5432
9	5	ὥσπερ	like	23	45	0.7272
9	5	οἱ	the	24	46	0.7009
9	5	ἰαμβοποιοὶ	iambic	25	48	0.6754
9	5	περὶ	about	26	50	0.6802
9	5	τὸν	persons	27	52	0.5058
9	5	καθ	them	28	41	0.5199
9	5	ἕκαστον	particular	29	51	0.6277
9	5	ποιοῦσιν	writing	30	44	0.5883
9	6	ἐπὶ	In	0	0	0.7085
9	6	δὲ	however	1	2	0.6378
9	6	τραγῳδίας	Tragedy	3	1	0.6802
9	6	τῶν	the	4	7	0.6766
9	6	γενομένων	historic	5	8	0.4993
9	6	ὀνομάτων	names	6	9	0.7387
9	6	ἀντέχονται	adhere	7	5	0.7367
9	6	αἴτιον	reason	8	13	0.6039
9	6	δ	and	9	10	0.5686
9	6	ὅτι	for	10	11	0.4604
9	6	πιθανόν	convinces	11	15	0.5234
9	6	ἐστι	is	12	16	0.6939
9	6	τὸ	the	13	17	0.658
9	6	δυνατόν	possible	14	18	0.7543
9	6	τὰ	that	15	31	0.5582
9	6	οὖν	whereas	17	20	0.5435
9	6	μὴ	not	18	34	0.7156
9	6	γενόμενα	happened	19	35	0.6594
9	6	οὔπω	yet	20	24	0.6182
9	6	πιστεύομεν	we	21	21	0.5544
9	6	εἶναι	is	22	40	0.5642
9	6	δυνατά	possible	23	42	0.6232
9	6	τὰ	that	24	36	0.5588
9	6	δὲ	which	25	37	0.4401
9	6	γενόμενα	happened	26	39	0.5821
9	6	φανερὸν	manifestly	27	41	0.5546
9	6	ὅτι	as	28	26	0.5397
9	6	δυνατά	possibility	29	29	0.4981
9	6	οὐ	not	30	46	0.6474
9	6	ἂν	would	32	45	0.7476
9	6	ἐγένετο	come	33	48	0.596
9	6	εἰ	else	34	43	0.5336
9	6	ἦν	have	35	47	0.5027
9	6	ἀδύνατα	has	36	33	0.4587
9	7	μὴν	Nevertheless	1	0	0.8172
9	7	καὶ	even	3	1	0.7832
9	7	ἐν	in	4	2	0.7369
9	7	τραγῳδίαις	Tragedy	6	3	0.6483
9	7	ἐνίαις	plays	7	7	0.608
9	7	μὲν	some	8	6	0.4505
9	7	ἓν	one	9	10	0.6616
9	7	ἢ	or	10	11	0.7112
9	7	δύο	two	11	12	0.8039
9	7	τῶν	them	12	16	0.5011
9	7	γνωρίμων	known	13	13	0.5698
9	7	ἐστὶν	are	14	5	0.611
9	7	ὀνομάτων	names	15	14	0.645
9	7	τὰ	the	16	17	0.7381
9	7	δὲ	but	17	9	0.4986
9	7	ἄλλα	rest	18	18	0.7442
9	7	πεποιημένα	inventions	19	20	0.6848
9	7	ἐν	without	20	25	0.4779
9	7	ἐνίαις	known	21	28	0.4965
9	7	δὲ	and	22	21	0.6192
9	7	οὐθέν	single	23	27	0.5695
9	7	οἷον	e	24	30	0.5344
9	7	ἐν	g	25	31	0.4168
9	7	Ἀγάθωνος	Agathon's	27	32	0.621
9	7	Ἀνθεῖ	Antheus	28	33	0.7162
9	7	ἐν	in	31	34	0.6701
9	7	τούτῳ	which	32	35	0.6146
9	7	τά	the	33	42	0.5423
9	7	τε	both	34	36	0.6532
9	7	πράγματα	incidents	35	37	0.6929
9	7	καὶ	and	36	38	0.7362
9	7	ὀνόματα	names	38	39	0.7499
9	7	πεποίηται	are	39	40	0.5379
9	7	καὶ	and	40	45	0.8322
9	7	οὐδὲν	no	41	48	0.7997
9	7	ἧττον	less	42	49	0.8085
9	7	εὐφραίνει	delightful	43	50	0.7649
9	8	ὥστ	So	0	0	0.8073
9	8	οὐ	not	1	4	0.7942
9	8	πάντως	rigid	2	8	0.4883
9	8	εἶναι	be	3	21	0.568
9	8	ζητητέον	must	4	3	0.6382
9	8	τῶν	the	5	11	0.7397
9	8	παραδεδομένων	traditional	6	12	0.5627
9	8	μύθων	stories	7	13	0.7206
9	8	περὶ	on	8	14	0.6916
9	8	οὓς	which	9	15	0.7163
9	8	τραγῳδίαι	tragedies	11	16	0.7045
9	8	εἰσίν	are	12	17	0.6672
9	8	ἀντέχεσθαι	adherence	13	9	0.5672
9	8	καὶ	fact	14	24	0.5381
9	8	γὰρ	in	15	23	0.5781
9	8	γελοῖον	absurd	16	22	0.7179
9	8	τοῦτο	do	17	26	0.4801
9	8	ζητεῖν	to	18	25	0.5574
9	8	ἐπεὶ	though	19	39	0.5405
9	8	καὶ	even	20	29	0.7328
9	8	τὰ	the	21	30	0.711
9	8	γνώριμα	stories	22	32	0.6611
9	8	ὀλίγοις	few	23	38	0.6662
9	8	γνώριμά	known	24	35	0.6838
9	8	ἐστιν	are	25	33	0.7153
9	8	ἀλλ	the	26	45	0.4315
9	8	ὅμως	none	27	44	0.5087
9	8	εὐφραίνει	delight	28	43	0.503
9	8	πάντας	all	29	48	0.7373
9	9	δῆλον	evident	0	2	0.8434
9	9	οὖν	It	1	0	0.4756
9	9	ἐκ	from	2	3	0.6739
9	9	τούτων	the	3	4	0.6129
9	9	ὅτι	that	4	6	0.7827
9	9	τὸν	the	5	7	0.8227
9	9	ποιητὴν	poet	6	8	0.8067
9	9	μᾶλλον	more	7	11	0.7342
9	9	τῶν	his	8	15	0.6175
9	9	μύθων	stories	9	16	0.5747
9	9	εἶναι	be	10	10	0.7903
9	9	δεῖ	must	11	9	0.7352
9	9	ποιητὴν	poet	12	13	0.7484
9	9	ἢ	or	13	17	0.5986
9	9	τῶν	his	14	21	0.6818
9	9	μέτρων	verses	15	22	0.5964
9	9	ὅσῳ	inasmuch	16	23	0.5524
9	9	ποιητὴς	poet	17	28	0.6604
9	9	κατὰ	by	18	29	0.5967
9	9	τὴν	the	19	32	0.4917
9	9	μίμησίν	imitative	20	33	0.5724
9	9	ἐστιν	is	21	26	0.5959
9	9	μιμεῖται	imitates	22	44	0.6443
9	9	δὲ	and	23	38	0.6762
9	9	τὰς	his	24	36	0.4837
9	9	πράξεις	actions	25	41	0.7661
